id_cliente,edad,dias_desde_registro,num_sesiones_mes,num_juegos_distintos,monto_apostado_mensual_mxn,monto_deposito_promedio_mxn,usa_app_movil,bono_reclamado,tasa_retorno_pct,prometedor
CL00001,65,71,4,5,707,296,si,si,95.9,no
CL00002,21,90,4,3,2605,1073,no,si,90.9,no
CL00003,37,171,4,8,1911,992,si,si,90.5,no
CL00004,41,227,4,2,1616,334,no,no,96.7,no
CL00005,69,200,1,1,1026,298,si,si,92,no
CL00006,50,241,5,10,5245,1371,no,si,90.9,no
CL00007,55,376,7,6,356,105,no,si,90.7,no
CL00008,50,441,6,5,697,388,si,si,90.1,no
CL00009,48,418,3,4,781,166,no,no,85.4,no
CL00010,66,127,0,5,634,187,si,si,87.7,no
CL00011,44,46,8,5,1532,590,si,si,93.5,no
CL00012,30,564,6,3,11720,4154,si,si,94.8,no
CL00013,69,95,11,5,837,342,no,no,96.2,no
CL00014,49,941,2,3,479,186,si,si,88.2,no
CL00015,63,139,3,2,4843,1367,no,si,94.4,no
CL00016,55,378,1,5,1938,617,si,no,93,no
CL00017,35,188,5,5,6245,2545,si,si,95.3,no
CL00018,30,433,5,2,1186,368,no,no,88,no
CL00019,50,312,1,6,1001,434,no,si,87.7,no
CL00020,59,30,7,4,676,400,no,no,89.1,no
CL00021,61,226,8,4,395,211,no,no,92.2,no
CL00022,29,75,11,4,4835,1196,si,no,92.6,no
CL00023,60,154,7,8,3254,1386,si,no,93.7,no
CL00024,19,365,2,5,1271,439,si,no,93.6,no
CL00025,33,232,9,4,1910,546,si,si,94.1,no
CL00026,35,520,4,3,1167,623,si,no,96.5,no
CL00027,44,104,1,6,3835,1819,si,no,92,no
CL00028,64,298,8,3,9838,3758,no,si,89.5,no
CL00029,40,90,8,4,1719,899,no,si,95.9,no
CL00030,57,99,3,3,1265,286,no,no,101.2,no
CL00031,66,87,10,5,1043,539,no,no,92.7,no
CL00032,70,98,4,2,2517,1507,no,no,90.8,no
CL00033,38,158,7,5,972,241,si,si,90,no
CL00034,67,438,4,2,7047,3231,si,no,92.2,no
CL00035,42,185,7,2,2019,1052,no,si,89.6,no
CL00036,38,415,5,2,5521,1537,no,no,87.3,no
CL00037,63,207,5,8,2907,797,si,no,88,no
CL00038,27,239,7,2,2463,805,no,no,92.4,no
CL00039,26,127,3,6,2698,1521,si,no,88.9,no
CL00040,25,228,8,2,952,522,si,no,87.1,no
CL00041,23,126,6,3,826,393,si,no,93.2,no
CL00042,26,143,6,2,923,406,no,no,84.4,no
CL00043,38,991,6,5,2656,739,no,si,88.4,no
CL00044,48,112,4,4,4031,1215,no,si,90.3,no
CL00045,22,65,8,4,913,455,si,no,92.2,no
CL00046,65,660,1,6,9438,1998,si,si,88,no
CL00047,57,313,9,4,2679,1515,si,si,85.5,no
CL00048,49,84,8,1,854,364,si,no,89.8,no
CL00049,38,279,7,4,233,107,si,no,91.9,no
CL00050,50,177,8,2,2785,1084,si,no,98.7,no
CL00051,65,487,7,3,493,NA,no,si,92.4,no
CL00052,21,326,5,7,290,92,no,no,94.2,no
CL00053,69,100,11,5,4732,2211,no,no,90.3,no
CL00054,48,139,2,2,1138,234,no,no,96.1,no
CL00055,41,84,8,3,3534,1735,no,no,85.8,no
CL00056,64,375,5,4,1670,582,si,no,89.4,no
CL00057,32,284,2,3,2415,1400,si,no,93.6,no
CL00058,59,270,11,4,28051,14244,si,no,94.3,si
CL00059,48,88,4,5,559,277,no,si,92.1,si
CL00060,31,391,10,3,857,372,si,no,93.3,no
CL00061,18,109,7,3,1096,646,si,no,91,no
CL00062,60,217,9,5,1229,638,si,no,97.4,no
CL00063,27,751,4,2,4087,1350,no,si,92.6,no
CL00064,20,285,7,2,450,264,si,no,93.7,no
CL00065,59,181,7,3,795,191,no,no,92,no
CL00066,42,177,4,2,7012,3428,si,no,94.1,no
CL00067,22,433,3,3,2638,1463,no,no,93.5,no
CL00068,53,444,2,5,6406,2736,si,no,83.9,no
CL00069,34,167,6,5,5480,2140,no,si,83.7,no
CL00070,56,73,6,5,3526,888,no,no,88.1,no
CL00071,21,88,8,5,938,211,no,no,95.6,no
CL00072,20,265,9,3,756,NA,si,no,88.4,no
CL00073,26,306,6,3,8590,2032,si,no,91.2,no
CL00074,45,145,7,5,425,121,no,no,88.7,no
CL00075,56,231,5,3,1091,504,si,no,93.6,no
CL00076,69,480,7,3,808,203,si,si,98.9,no
CL00077,57,228,7,5,534,113,no,no,92,no
CL00078,55,348,3,2,1721,404,no,si,93.6,no
CL00079,64,66,4,3,926,327,no,no,90.2,no
CL00080,26,71,5,1,3915,837,si,si,92.1,no
CL00081,56,101,8,6,5265,1172,no,si,94.1,no
CL00082,67,414,6,5,903,NA,si,no,97.9,no
CL00083,50,104,8,7,503,185,no,si,93.7,no
CL00084,19,231,3,3,1353,288,no,no,90.8,no
CL00085,25,264,6,2,120,60,si,no,93.2,no
CL00086,66,123,5,4,1701,616,no,no,92,no
CL00087,25,169,2,5,1268,385,si,no,88.2,no
CL00088,54,167,4,2,1250,306,si,si,89.8,no
CL00089,49,348,9,5,3361,1484,no,no,89.9,no
CL00090,59,198,7,3,1450,296,si,no,89.7,no
CL00091,39,152,6,8,676,NA,si,si,93,si
CL00092,60,372,4,5,1039,NA,no,si,101.1,no
CL00093,19,402,7,2,3436,1579,si,no,96.6,no
CL00094,61,366,9,4,771,255,no,no,89.3,no
CL00095,59,173,6,1,2576,1249,si,si,92.4,no
CL00096,18,134,3,6,3224,982,no,no,88.8,no
CL00097,43,265,8,8,2277,509,si,no,88.8,si
CL00098,56,239,4,2,8916,NA,si,no,98.2,si
CL00099,56,209,6,5,429,104,si,no,95.4,no
CL00100,18,333,4,1,7314,2421,si,si,92.2,no
CL00101,66,140,7,4,2649,634,no,no,93.6,no
CL00102,35,91,7,5,734,412,si,si,93.1,no
CL00103,28,417,5,3,492,NA,no,si,87.7,no
CL00104,41,554,10,2,2831,757,no,no,89.1,si
CL00105,53,118,8,3,1811,682,si,no,82.6,si
CL00106,66,303,5,1,559,229,si,si,95.7,no
CL00107,64,215,10,6,1246,571,si,no,92.4,no
CL00108,67,396,6,3,841,395,no,si,90.3,no
CL00109,65,162,8,5,547,246,no,si,91.5,no
CL00110,46,274,9,6,1091,452,no,no,85.6,no
CL00111,28,384,9,6,2056,1109,no,no,89.7,no
CL00112,42,73,10,2,1968,913,no,no,91.1,no
CL00113,31,97,5,5,6577,3496,si,no,87,no
CL00114,23,577,9,5,1213,508,no,si,92,no
CL00115,40,384,10,1,2203,1307,no,si,96.9,no
CL00116,20,410,7,2,1244,701,no,si,89.6,no
CL00117,28,690,4,3,3244,717,no,si,91.6,no
CL00118,36,187,8,5,3203,880,si,no,83.4,no
CL00119,64,239,4,3,153,49,no,no,86.7,no
CL00120,46,465,9,3,646,151,no,si,98.5,no
CL00121,57,27,3,4,1656,415,no,si,92.5,no
CL00122,34,103,7,4,488,165,no,no,90.5,no
CL00123,50,317,5,5,2243,814,si,no,91,no
CL00124,40,216,4,4,9572,5571,si,no,90.4,si
CL00125,56,117,10,5,168,82,si,no,88.3,no
CL00126,40,257,3,7,4845,2115,no,si,91.4,no
CL00127,21,401,4,5,5708,1943,si,no,93.9,no
CL00128,39,201,7,2,516,153,si,no,98.5,no
CL00129,41,193,6,6,395,95,no,no,86.9,si
CL00130,21,71,2,7,2101,439,si,no,94.9,no
CL00131,33,177,6,3,10239,3411,no,no,93.8,no
CL00132,40,121,7,5,4825,1063,si,no,86.6,no
CL00133,53,240,7,5,467,215,si,no,90.3,no
CL00134,63,368,3,8,2587,1227,si,no,92.7,no
CL00135,67,214,8,4,430,114,no,no,91,no
CL00136,69,12,3,5,918,267,no,si,93.4,no
CL00137,20,93,6,2,349,151,si,no,88.4,no
CL00138,60,40,5,3,734,270,si,no,92.6,no
CL00139,22,172,6,4,2535,705,no,no,87.1,no
CL00140,31,32,7,4,1116,260,no,si,89.8,no
CL00141,18,12,4,1,19365,8174,si,no,89.8,no
CL00142,25,84,5,3,1425,742,no,no,101.3,no
CL00143,52,146,5,3,535,312,si,no,89.7,no
CL00144,56,112,3,4,1687,515,si,si,87.8,no
CL00145,54,84,10,2,1545,845,si,no,92.7,no
CL00146,63,317,6,3,4514,1636,si,si,82.5,no
CL00147,50,10,9,1,4579,2138,no,no,91.3,no
CL00148,20,61,7,1,1549,851,si,no,89.9,no
CL00149,38,242,4,7,14345,6668,si,si,88.3,si
CL00150,44,420,5,8,13753,3431,si,si,92.1,no
CL00151,64,143,8,4,1987,NA,no,no,95.2,no
CL00152,21,99,3,5,723,283,si,no,94,no
CL00153,42,124,7,4,459,173,si,si,93.4,no
CL00154,23,101,7,3,268,62,no,no,90.7,no
CL00155,46,507,8,2,1814,463,si,no,88.5,no
CL00156,26,89,8,3,1077,389,no,no,93,no
CL00157,28,134,7,2,9372,3862,no,si,91.6,no
CL00158,43,541,5,5,88,31,no,si,87.2,no
CL00159,48,289,8,2,644,279,si,no,89.4,no
CL00160,60,159,5,5,2719,974,si,si,92.1,no
CL00161,47,182,4,2,798,437,no,no,101.7,no
CL00162,33,109,6,7,549,212,si,no,93.8,no
CL00163,56,302,4,3,3396,742,si,no,98.2,no
CL00164,30,384,8,4,3002,912,no,no,85.4,no
CL00165,24,22,7,2,523,NA,no,si,92.1,no
CL00166,33,131,7,4,5368,3167,no,no,89.2,no
CL00167,41,144,3,6,1135,551,no,no,90.2,no
CL00168,20,370,7,5,1070,248,no,no,86.9,no
CL00169,68,78,5,3,3393,830,no,no,94.1,no
CL00170,19,123,6,4,2702,1530,no,no,89.3,no
CL00171,58,296,5,5,1953,701,no,no,91.9,no
CL00172,30,1042,3,5,15138,8115,si,no,93.1,no
CL00173,36,111,6,3,15526,8952,no,no,88.3,no
CL00174,57,282,2,5,2183,1095,si,si,91.8,no
CL00175,61,99,5,4,757,260,no,si,93.8,no
CL00176,25,187,4,4,2908,1502,no,no,89.8,si
CL00177,23,361,6,1,8802,2392,si,si,92.6,no
CL00178,35,533,6,5,691,342,si,si,86.7,no
CL00179,70,49,7,4,4934,1770,no,no,93.2,no
CL00180,57,284,3,4,828,398,no,no,89.9,no
CL00181,31,76,3,3,5235,2040,si,no,95.1,no
CL00182,55,323,8,5,3551,1425,si,no,88.8,si
CL00183,63,71,9,5,3553,2018,si,no,92.8,si
CL00184,35,82,8,6,7601,3858,si,si,89.2,no
CL00185,62,421,3,2,2662,545,si,no,89,no
CL00186,63,79,3,4,3658,1799,si,no,95.8,no
CL00187,24,28,3,2,1290,575,no,si,91.1,no
CL00188,63,606,4,5,18613,9721,si,no,90.4,si
CL00189,37,264,10,3,2692,718,si,no,96.4,no
CL00190,52,39,6,2,881,321,no,no,93.5,no
CL00191,40,101,5,2,1894,967,no,no,87.2,no
CL00192,27,421,7,5,4501,1889,no,no,89.3,no
CL00193,31,104,5,6,1000,354,no,no,87.6,no
CL00194,31,203,5,4,277,80,si,no,92.4,no
CL00195,27,83,8,4,801,361,si,no,90.2,si
CL00196,61,78,5,8,1354,683,si,no,94.2,si
CL00197,34,375,2,6,2365,1124,si,si,90.6,no
CL00198,57,303,5,5,5081,2733,si,no,86.6,no
CL00199,62,205,4,4,6565,2486,si,si,91.1,no
CL00200,30,305,8,4,2189,1089,no,si,92.5,no
CL00201,25,161,5,8,2989,1599,si,no,97.8,si
CL00202,20,117,6,3,7221,2508,si,si,86,no
CL00203,63,66,8,2,542,261,si,no,86.7,no
CL00204,21,214,6,6,8092,4332,si,si,95.9,si
CL00205,50,207,4,2,699,371,si,no,91.4,no
CL00206,51,51,6,3,3988,1031,no,no,87.3,no
CL00207,52,349,5,5,555,281,si,no,94.2,no
CL00208,25,359,7,5,3105,1217,si,no,88.6,si
CL00209,53,455,7,5,1448,866,no,si,94.1,no
CL00210,64,82,12,4,870,266,no,si,87.2,no
CL00211,64,38,6,3,4061,932,si,no,94.7,no
CL00212,58,230,8,3,1687,840,si,si,92.4,si
CL00213,66,56,6,3,1446,386,no,si,90.2,no
CL00214,37,75,5,3,2762,NA,si,no,85.5,no
CL00215,49,142,7,4,3888,2077,no,no,96.7,no
CL00216,55,128,4,4,980,361,no,si,88.6,no
CL00217,56,89,5,6,299,163,si,si,86.1,no
CL00218,20,170,10,2,1938,901,si,no,90.9,si
CL00219,63,123,8,4,1946,900,si,no,91.4,no
CL00220,25,386,6,4,6457,3121,si,si,92,no
CL00221,38,61,6,3,2698,1076,si,no,92.5,si
CL00222,62,104,4,5,724,370,si,no,93.9,no
CL00223,21,334,4,3,3501,1835,si,si,97,no
CL00224,29,243,8,4,1342,271,no,no,96.4,no
CL00225,35,346,5,4,740,286,no,si,83.5,no
CL00226,52,142,6,2,1106,266,si,si,100.2,no
CL00227,36,277,7,3,3970,2243,si,si,98,no
CL00228,37,49,4,5,8007,4375,si,no,91.5,no
CL00229,21,217,12,3,2819,1135,si,no,88.9,no
CL00230,20,176,11,3,10287,3074,si,si,91.1,no
CL00231,22,195,4,5,3246,1272,no,si,92.6,no
CL00232,51,80,7,7,5708,1484,si,no,88.5,no
CL00233,21,690,7,6,1205,463,no,no,98.4,no
CL00234,49,97,7,3,1444,338,si,no,90.1,no
CL00235,36,283,4,4,841,382,si,no,79.5,no
CL00236,40,107,6,3,737,152,si,no,96.4,no
CL00237,55,222,4,1,5682,1882,no,si,90.4,no
CL00238,20,72,6,3,688,281,no,si,86,no
CL00239,45,62,4,2,434,122,no,si,95.6,no
CL00240,65,1251,6,5,1168,388,no,si,92.3,si
CL00241,35,328,5,3,1919,971,no,no,93,no
CL00242,53,252,9,5,4039,1662,si,si,88.7,no
CL00243,18,175,2,2,2711,1611,no,no,95.8,no
CL00244,28,363,10,3,914,437,si,no,92,no
CL00245,38,91,7,6,1618,408,no,si,90.7,no
CL00246,63,78,3,5,3786,1625,no,no,92.7,no
CL00247,61,120,9,5,2677,752,no,no,92.7,no
CL00248,33,150,6,4,5516,2000,si,no,98.5,no
CL00249,46,138,7,6,2160,NA,no,no,96.9,no
CL00250,55,290,7,7,2953,1610,no,no,94.3,no
CL00251,63,148,6,4,142,NA,si,no,96.5,no
CL00252,55,479,4,5,1233,701,no,si,88.1,no
CL00253,50,502,6,4,1104,455,si,no,90.6,no
CL00254,51,246,7,4,1172,592,no,si,92.2,no
CL00255,30,88,9,4,255,116,no,no,94.8,no
CL00256,41,360,6,7,838,265,si,si,87.8,no
CL00257,41,705,3,6,8917,4930,si,no,93.1,no
CL00258,31,59,11,2,759,283,no,si,95,no
CL00259,24,321,7,7,1068,370,no,si,85.9,no
CL00260,28,217,7,3,2724,731,si,no,91.2,no
CL00261,39,274,3,4,1370,445,si,no,86,si
CL00262,41,201,9,4,879,244,si,no,92.9,no
CL00263,69,29,5,4,1007,229,si,no,92.7,no
CL00264,62,477,7,4,1984,432,no,no,97.1,no
CL00265,61,135,9,6,280,73,no,no,93.7,no
CL00266,70,435,6,4,1986,1072,no,no,98,no
CL00267,22,248,3,4,634,NA,si,no,94.6,no
CL00268,54,266,10,1,1335,488,si,no,95,no
CL00269,52,377,9,4,2102,875,no,no,83.1,no
CL00270,31,178,10,4,23021,8997,si,no,88.4,si
CL00271,27,40,6,2,313,175,si,no,92.5,no
CL00272,36,293,6,4,5328,2648,si,si,95.4,no
CL00273,22,51,3,7,6712,3974,si,si,92.1,no
CL00274,57,103,4,7,12773,5834,si,no,91.3,si
CL00275,36,351,1,2,1831,623,no,si,90.3,no
CL00276,32,844,6,2,14966,8343,no,si,87.4,no
CL00277,18,128,4,2,3952,1860,no,no,92.2,no
CL00278,50,166,5,2,302,116,no,no,91.6,no
CL00279,60,109,8,2,1049,602,no,si,86.6,no
CL00280,56,114,7,2,4326,1251,no,si,91.1,no
CL00281,38,293,3,3,1610,770,no,no,95.5,no
CL00282,50,286,7,3,2940,1100,no,no,90.8,no
CL00283,55,231,8,6,1298,343,si,si,88.2,si
CL00284,30,119,8,3,2355,940,no,no,92.6,no
CL00285,55,289,10,7,3876,2084,si,no,94.4,si
CL00286,47,98,8,4,995,347,si,si,94.5,no
CL00287,35,211,4,6,6820,1857,no,no,88.4,no
CL00288,24,360,7,5,1088,521,si,si,92.9,no
CL00289,19,166,5,3,3078,1179,si,si,89.3,no
CL00290,28,54,9,4,1118,434,no,no,93.2,no
CL00291,68,212,2,4,2162,866,no,no,89.6,no
CL00292,68,137,6,4,8907,2526,no,no,93.5,no
CL00293,24,259,7,4,1226,588,no,no,91.8,no
CL00294,40,606,5,4,183,78,si,no,91.7,no
CL00295,42,85,6,5,156,79,no,no,90.5,no
CL00296,44,265,5,2,1410,650,si,si,93.6,no
CL00297,27,77,6,3,411,173,no,no,94.8,no
CL00298,22,134,11,3,650,274,si,no,99.1,no
CL00299,24,264,5,6,1329,368,si,si,91.6,no
CL00300,55,86,6,4,5712,2731,no,no,91.8,no
CL00301,20,485,7,2,8932,2982,si,no,91.3,si
CL00302,67,263,4,5,202,113,si,si,96.8,no
CL00303,46,178,7,6,1366,299,no,no,95.1,no
CL00304,67,142,3,8,6245,2197,si,no,97,no
CL00305,44,391,5,7,8411,4933,si,no,91.1,no
CL00306,64,281,7,5,12831,4320,si,no,88.1,si
CL00307,59,219,7,4,6350,1679,no,no,92.7,no
CL00308,68,191,6,1,2452,696,si,si,93.8,no
CL00309,36,201,6,4,5303,1242,no,si,92,no
CL00310,69,286,3,3,82,22,si,no,85,no
CL00311,38,38,5,6,2613,1057,si,no,88.7,no
CL00312,46,120,6,4,3591,1725,si,si,89.2,no
CL00313,68,197,7,4,4360,2411,no,no,92.7,no
CL00314,28,101,5,6,854,296,no,no,91.9,no
CL00315,29,165,5,5,5221,1252,si,no,97.3,no
CL00316,18,256,12,4,304,NA,si,no,93.5,no
CL00317,67,71,8,1,1450,586,no,si,89.7,no
CL00318,32,217,6,7,782,219,no,si,88.6,no
CL00319,69,95,3,4,877,501,si,si,93.4,no
CL00320,53,63,9,1,185,47,si,no,89.1,no
CL00321,60,210,5,4,6138,3628,si,no,90.2,no
CL00322,39,107,7,6,2077,1138,si,no,77.8,no
CL00323,34,157,5,6,1355,655,no,no,91,no
CL00324,48,76,10,6,5405,1764,no,no,93.4,no
CL00325,40,128,9,5,2550,1089,si,si,87.7,no
CL00326,28,54,5,6,2835,754,no,si,92.1,no
CL00327,47,436,6,8,6211,3386,si,no,87.8,no
CL00328,69,189,3,3,1843,417,si,si,96.3,no
CL00329,59,153,7,10,10968,4577,no,no,91.7,si
CL00330,49,284,4,8,11630,5298,si,si,88.6,no
CL00331,33,329,4,3,945,553,no,no,91.4,no
CL00332,58,305,4,6,8378,3517,no,no,102.3,no
CL00333,67,159,6,2,1212,394,si,si,96.1,no
CL00334,54,23,6,4,6384,1530,si,no,88.1,no
CL00335,68,363,4,5,774,308,no,no,92,no
CL00336,49,84,7,2,993,281,no,si,98.5,no
CL00337,35,77,8,2,1032,348,si,si,96.3,no
CL00338,32,78,5,3,1976,873,no,no,96.5,no
CL00339,40,301,3,2,2317,1308,no,si,86.7,no
CL00340,57,145,5,3,507,174,si,no,96.9,no
CL00341,24,159,6,4,198,99,no,si,103.3,no
CL00342,27,104,4,5,1433,467,si,si,90.8,no
CL00343,36,93,4,1,1540,NA,no,si,87.4,no
CL00344,28,195,5,4,5516,1275,si,si,97.1,no
CL00345,23,46,4,6,282,147,si,no,93.2,no
CL00346,67,267,4,4,916,263,si,si,89.7,no
CL00347,41,141,1,2,347,75,no,no,95.6,no
CL00348,52,84,9,3,2355,713,si,si,94.5,no
CL00349,22,93,5,3,1692,416,si,no,86.3,no
CL00350,29,199,4,4,1480,753,si,si,84.5,no
CL00351,32,42,7,6,1942,698,si,si,96.4,no
CL00352,65,39,2,5,4644,1755,no,no,94,no
CL00353,61,26,10,5,3643,1015,si,si,81.9,no
CL00354,23,58,7,3,136,80,no,si,93.9,no
CL00355,46,249,4,1,728,298,no,no,84.7,no
CL00356,57,164,3,5,913,395,si,no,90.1,no
CL00357,59,166,6,2,2728,962,si,no,92.2,no
CL00358,68,185,5,5,8410,2985,si,si,94.6,no
CL00359,27,353,4,2,2200,1306,no,si,84.5,no
CL00360,56,161,6,6,1228,281,si,no,85.5,no
CL00361,65,472,7,8,5170,2051,si,si,93.4,no
CL00362,26,127,3,4,4845,1500,si,no,87.4,no
CL00363,29,132,6,7,628,260,no,si,89.4,no
CL00364,35,204,6,2,810,311,si,si,97.6,no
CL00365,52,389,8,1,4501,1221,si,si,85,no
CL00366,59,428,5,1,7785,3228,no,no,92.7,si
CL00367,45,441,4,2,2159,1091,no,no,89.3,no
CL00368,52,208,6,5,507,263,no,no,96.4,no
CL00369,29,79,2,2,1881,388,si,no,84.9,no
CL00370,20,614,7,3,4302,1608,no,si,90.2,no
CL00371,63,551,10,6,2078,961,no,si,85.4,no
CL00372,47,577,4,7,2476,991,si,no,93.9,no
CL00373,68,316,6,6,9831,5002,no,no,95.4,no
CL00374,52,184,5,4,6433,3610,no,si,88,no
CL00375,52,298,7,6,1621,520,no,no,87.7,no
CL00376,34,102,5,5,1073,246,si,no,86,si
CL00377,43,121,9,3,1448,NA,si,si,94.8,no
CL00378,39,43,7,4,1102,373,no,no,98.7,no
CL00379,68,166,4,2,2053,653,no,no,90.2,no
CL00380,39,116,4,3,5181,NA,no,si,90.9,no
CL00381,60,160,5,4,1867,982,no,no,86.3,no
CL00382,63,440,5,6,805,379,no,no,93.2,no
CL00383,40,56,6,8,245,111,no,si,94,no
CL00384,51,728,9,2,2136,591,no,no,93.6,no
CL00385,42,131,7,4,1332,749,no,si,93.1,no
CL00386,33,312,7,7,1290,272,no,no,92,no
CL00387,56,160,8,6,1155,389,no,no,90.8,no
CL00388,39,613,3,2,1904,703,no,no,91.7,no
CL00389,29,474,9,2,2200,783,si,si,85.7,si
CL00390,63,230,9,2,426,104,si,no,99.6,no
CL00391,33,80,6,4,5089,2318,si,no,95.1,no
CL00392,60,307,4,8,1501,607,si,no,87.6,no
CL00393,58,75,3,2,1928,597,si,no,87.6,no
CL00394,57,660,8,6,991,576,no,no,94.7,no
CL00395,46,182,5,7,12209,7103,no,si,94.9,no
CL00396,41,209,5,5,5862,NA,si,no,93.4,si
CL00397,54,355,4,2,2083,927,no,no,92,no
CL00398,35,310,6,2,2042,810,si,si,94.4,no
CL00399,25,154,6,7,1643,677,si,no,90.4,no
CL00400,64,247,9,5,640,318,si,no,88.7,no
CL00401,20,181,3,3,5439,2332,si,no,97.1,no
CL00402,46,350,7,6,1336,312,si,no,94.9,no
CL00403,64,208,5,2,2671,1456,no,no,90.3,no
CL00404,21,311,10,3,2142,675,no,si,96.3,no
CL00405,53,77,5,5,4475,NA,si,no,91.2,no
CL00406,21,284,10,7,496,184,si,si,87.1,no
CL00407,48,388,3,6,1718,587,no,no,98.4,si
CL00408,38,615,5,3,5235,2112,si,no,93.2,no
CL00409,42,292,6,3,9284,5250,si,no,91.2,no
CL00410,26,280,7,4,2010,1032,si,no,90,no
CL00411,29,62,7,5,1762,1048,no,no,91.1,no
CL00412,62,723,6,4,8346,3603,no,si,99.5,no
CL00413,41,71,1,6,3485,2070,si,no,99.1,si
CL00414,43,384,6,5,4253,1388,si,si,88.8,no
CL00415,46,123,7,5,1465,629,si,no,88.7,no
CL00416,40,86,7,3,1290,589,si,no,91.7,no
CL00417,51,74,5,6,239,88,no,no,96,no
CL00418,55,1034,6,2,1341,582,si,si,94.5,no
CL00419,46,164,9,4,9578,3720,si,no,87.4,si
CL00420,29,215,7,4,1731,354,no,no,90.4,no
CL00421,41,541,6,5,2431,1046,no,no,93.3,si
CL00422,53,199,7,4,831,281,si,si,100.2,no
CL00423,41,187,6,3,2659,1038,si,no,85.9,no
CL00424,31,112,11,1,1885,920,no,no,88.7,no
CL00425,23,620,8,2,3276,713,si,no,89.8,si
CL00426,49,343,3,3,2236,708,si,no,99,no
CL00427,50,237,4,3,17878,NA,si,si,92.7,si
CL00428,30,840,6,7,3470,2028,si,si,86.1,no
CL00429,32,230,4,7,2605,1199,si,no,97.2,no
CL00430,68,98,6,3,1846,453,si,no,92.7,no
CL00431,19,381,1,3,5275,2885,si,no,93.2,no
CL00432,25,607,11,3,571,297,si,no,88.3,no
CL00433,59,188,3,5,7248,3054,si,si,85.6,no
CL00434,51,188,3,1,2213,591,si,si,91.6,no
CL00435,64,473,9,3,1552,516,si,si,84.6,no
CL00436,51,294,4,2,3535,902,si,si,92.5,no
CL00437,54,74,4,7,5783,2585,si,no,91.7,no
CL00438,42,285,2,4,846,445,si,si,87.3,no
CL00439,42,390,10,2,469,157,no,si,90.6,no
CL00440,47,152,10,1,654,NA,si,no,94.3,no
CL00441,50,264,3,5,2798,1559,no,no,88.9,no
CL00442,53,464,5,3,2680,773,si,no,90.3,no
CL00443,38,73,7,5,1174,NA,no,no,95.1,no
CL00444,40,300,8,2,4244,2348,si,si,97.9,no
CL00445,56,300,11,5,17825,6064,no,si,96.9,si
CL00446,63,134,2,5,4667,2057,no,si,95.6,no
CL00447,19,84,5,6,5814,1903,no,no,90.2,no
CL00448,40,210,6,4,520,211,si,no,85,no
CL00449,58,93,6,3,460,172,si,si,95.7,si
CL00450,43,83,7,3,1494,430,no,no,93.2,no
CL00451,48,59,10,5,734,246,si,si,94.1,no
CL00452,47,371,7,3,3297,1538,no,no,87.6,no
CL00453,57,120,2,2,1196,479,si,si,91.4,no
CL00454,66,246,3,5,2357,1098,no,no,85.7,no
CL00455,58,567,6,1,1152,337,si,no,95.3,no
CL00456,51,380,6,2,2093,671,no,no,89,no
CL00457,58,178,5,5,3024,1020,no,si,91.5,si
CL00458,42,77,4,5,6877,3864,si,no,90.3,no
CL00459,61,515,7,3,771,435,no,si,87.6,no
CL00460,65,104,3,4,5988,3122,si,no,92.3,no
CL00461,40,29,4,5,1029,561,no,no,91.1,no
CL00462,34,19,7,4,187,62,si,si,91.9,no
CL00463,41,335,8,5,6456,1575,no,no,88.5,si
CL00464,31,722,7,1,1451,626,no,no,98.5,no
CL00465,60,203,3,2,2609,554,no,no,89.8,no
CL00466,40,247,5,5,1825,NA,si,no,96.5,no
CL00467,20,315,7,4,3264,1304,si,no,86,no
CL00468,36,90,5,4,5025,1786,si,no,85.5,no
CL00469,47,177,7,7,16966,7447,no,no,92.6,si
CL00470,26,169,6,5,2769,1454,no,no,87.1,no
CL00471,23,361,6,7,81,46,si,si,98.3,no
CL00472,70,315,6,2,267,86,si,si,86.1,no
CL00473,20,138,9,4,5141,2321,si,si,93.8,no
CL00474,44,32,6,4,2031,678,si,no,95.7,no
CL00475,69,177,7,4,875,422,si,si,96.8,no
CL00476,62,502,3,3,2433,1076,no,no,85.2,no
CL00477,46,390,7,4,3661,1398,si,si,90.3,no
CL00478,54,650,5,8,738,308,si,si,88.5,no
CL00479,31,207,8,2,1689,992,si,no,94.9,no
CL00480,24,188,4,6,1745,NA,si,si,98.5,no
CL00481,42,52,4,3,3276,838,si,si,87.3,no
CL00482,22,151,5,3,1034,286,no,no,93,no
CL00483,26,179,5,4,348,177,no,no,97,no
CL00484,37,246,4,7,1793,890,no,no,93.7,no
CL00485,64,201,7,3,5475,1607,no,no,91.1,si
CL00486,55,131,6,1,2268,605,si,no,89.9,no
CL00487,67,133,7,3,670,216,si,si,93.2,no
CL00488,25,172,8,5,718,288,no,no,88.7,no
CL00489,29,139,4,4,2098,670,no,no,88.2,no
CL00490,48,225,5,7,3171,640,si,no,87.1,no
CL00491,24,222,5,2,4938,2266,no,si,93.6,no
CL00492,39,108,2,4,1498,869,no,no,88.2,no
CL00493,53,438,4,2,799,323,no,si,85.6,no
CL00494,59,96,4,2,1736,555,si,si,93,no
CL00495,22,269,3,5,1596,326,si,no,98.6,no
CL00496,61,562,4,2,2670,699,si,no,89.9,no
CL00497,62,85,3,5,1404,392,no,si,87.2,no
CL00498,38,54,6,4,2352,1228,si,no,84.8,no
CL00499,64,401,7,2,671,240,no,si,92.6,no
CL00500,64,307,3,5,187,53,no,no,92.8,no
CL00501,34,492,4,3,2227,727,si,no,89.1,no
CL00502,23,171,5,2,1251,460,si,no,89.9,no
CL00503,22,101,5,4,680,314,no,no,96.1,no
CL00504,63,119,4,3,4020,2222,si,no,90.3,no
CL00505,29,243,6,8,2272,1299,si,no,95,si
CL00506,59,297,3,4,1589,548,si,no,96.3,no
CL00507,68,138,8,2,1096,570,si,si,92.7,no
CL00508,60,54,12,7,274,64,no,no,93.9,no
CL00509,55,234,3,2,10376,3028,si,no,96.6,no
CL00510,26,602,5,5,6182,3546,no,no,94.8,no
CL00511,23,492,5,3,2243,1034,si,si,86.6,si
CL00512,31,372,7,3,607,205,no,si,88,no
CL00513,55,225,3,5,5558,2502,si,no,97.5,no
CL00514,25,267,9,3,2894,880,no,si,95.1,no
CL00515,57,199,1,9,2556,630,si,no,95.1,no
CL00516,37,166,6,5,2903,617,no,si,100.1,no
CL00517,68,108,6,3,2115,584,si,no,96.5,no
CL00518,65,396,10,6,3305,1194,si,no,86.6,no
CL00519,52,76,7,6,4119,1649,si,no,96.3,si
CL00520,20,687,3,8,2724,606,si,no,90.7,no
CL00521,59,132,5,6,1897,613,no,no,88.4,no
CL00522,21,153,8,6,3043,1086,no,no,93.1,no
CL00523,48,107,6,3,4149,1055,si,si,94.2,no
CL00524,49,641,10,4,1375,416,si,si,92,no
CL00525,52,241,13,2,1847,441,no,no,95,no
CL00526,47,455,8,2,427,234,no,si,90.7,no
CL00527,18,493,3,3,2322,1156,si,si,86.2,no
CL00528,38,161,5,5,4220,2014,no,si,91.6,no
CL00529,26,139,4,2,2027,673,si,si,82.7,no
CL00530,63,378,14,2,2189,961,no,no,94.3,no
CL00531,38,39,3,4,1198,502,si,no,95,no
CL00532,66,236,12,4,670,NA,si,no,87.8,no
CL00533,50,257,5,3,2024,1022,si,si,103.2,no
CL00534,55,289,7,3,710,188,si,no,87.1,no
CL00535,58,74,4,1,5405,2617,no,no,86.4,no
CL00536,40,175,5,4,2319,1276,no,no,88.8,si
CL00537,30,243,8,7,273,112,no,no,91.9,no
CL00538,67,461,6,3,4824,2530,no,si,93.5,no
CL00539,50,157,4,5,598,221,si,no,90.4,no
CL00540,63,221,9,5,1489,795,si,no,92.6,no
CL00541,55,327,3,2,1451,695,no,si,96.2,no
CL00542,65,123,5,9,1639,386,no,no,91.4,no
CL00543,66,398,3,4,710,NA,no,no,87.6,no
CL00544,46,579,6,4,365,173,si,si,91.7,no
CL00545,25,133,2,3,2112,1000,si,si,91.3,no
CL00546,50,77,6,3,4226,1361,si,no,93,no
CL00547,31,72,2,6,652,281,no,no,93.4,no
CL00548,40,169,7,2,3057,1078,si,no,95.8,no
CL00549,50,501,6,3,1805,1051,no,si,88.7,no
CL00550,44,351,10,2,870,342,no,no,85,no
CL00551,40,299,5,3,698,260,si,no,90,no
CL00552,39,563,4,3,935,202,si,no,95.4,no
CL00553,30,470,6,5,1327,720,si,no,87.5,no
CL00554,43,437,7,4,938,342,no,si,92.8,no
CL00555,26,30,15,5,651,235,no,si,91,no
CL00556,19,512,8,4,5313,2966,no,si,94.4,si
CL00557,46,219,6,4,1332,267,si,si,95.4,no
CL00558,54,59,10,5,1640,952,si,no,83.3,no
CL00559,41,193,9,8,2480,782,si,si,89.8,no
CL00560,32,285,5,3,358,NA,no,si,98.9,no
CL00561,27,153,7,3,2650,1187,si,si,92.1,no
CL00562,30,152,3,2,1932,627,no,si,90.1,no
CL00563,30,265,6,2,949,397,si,no,93.1,no
CL00564,62,119,5,3,426,222,si,no,95.2,no
CL00565,56,111,10,2,5073,1366,no,no,85.1,no
CL00566,18,388,6,3,5171,1842,si,si,88.4,no
CL00567,37,340,3,3,4896,1469,si,si,89.7,no
CL00568,30,253,6,3,2416,1193,si,no,91.2,no
CL00569,56,125,4,2,1359,815,no,no,89.4,no
CL00570,52,153,5,3,818,333,si,no,93.4,no
CL00571,55,251,7,7,460,176,no,no,91.4,no
CL00572,57,462,3,4,2364,517,si,no,78.6,no
CL00573,23,220,12,3,725,257,no,si,93.8,no
CL00574,33,296,10,7,166,74,si,si,98.7,no
CL00575,33,161,7,5,3761,1573,si,si,90.3,no
CL00576,69,134,1,2,861,228,si,si,87.7,no
CL00577,42,64,7,2,1279,319,no,no,90.1,no
CL00578,53,336,5,4,1154,250,no,no,93.2,no
CL00579,58,188,8,3,9080,3198,si,no,93.2,no
CL00580,25,52,8,2,611,194,no,no,88.3,no
CL00581,57,375,6,6,13664,7982,no,si,89.7,si
CL00582,29,189,2,4,6957,2172,no,si,99,no
CL00583,48,107,2,4,4643,2482,no,no,93.7,no
CL00584,25,109,6,8,860,252,no,no,97.5,no
CL00585,24,406,3,2,9714,2886,si,no,99.9,no
CL00586,69,169,7,6,1058,487,no,si,87.4,si
CL00587,41,100,13,3,4389,1556,no,si,93.1,no
CL00588,41,263,8,1,1224,390,no,no,92,no
CL00589,62,39,5,8,961,333,si,si,96.5,no
CL00590,40,546,9,3,6385,1623,no,si,93.9,no
CL00591,60,210,2,3,835,397,si,no,83.3,no
CL00592,20,414,4,2,21406,8356,no,si,83.6,si
CL00593,23,365,7,3,2303,1214,no,si,91.9,no
CL00594,45,308,3,3,2717,1053,si,no,97.3,no
CL00595,26,156,8,5,5193,2196,no,no,86.2,si
CL00596,68,79,5,7,679,353,si,si,98.7,no
CL00597,29,249,7,6,1530,704,no,no,91.3,no
CL00598,58,69,5,3,602,179,no,no,93.6,no
CL00599,61,177,6,4,500,233,si,si,85.8,no
CL00600,43,98,2,6,4409,2070,no,no,97.7,no
CL00601,29,12,7,4,3219,1030,no,no,90.7,no
CL00602,55,57,5,4,996,597,no,si,94.4,no
CL00603,20,80,8,1,728,333,si,no,95.6,no
CL00604,30,386,6,5,14203,5471,si,si,96.2,no
CL00605,45,127,6,3,1726,960,no,si,97.6,no
CL00606,23,19,5,1,928,NA,no,no,87.3,no
CL00607,35,493,3,7,1087,353,no,si,93.3,no
CL00608,35,165,12,5,585,166,si,si,90.3,no
CL00609,46,285,7,3,2666,1006,si,no,92.4,no
CL00610,50,225,5,6,16701,5859,no,si,93.6,no
CL00611,68,400,5,3,1661,354,no,no,96.5,no
CL00612,58,108,4,6,4078,2208,si,si,98.4,no
CL00613,47,264,4,3,1206,372,si,no,87.1,no
CL00614,57,155,7,1,1838,697,no,no,93.5,no
CL00615,66,395,7,6,2884,1404,si,si,89.5,no
CL00616,65,415,8,2,11764,3096,si,si,94,no
CL00617,43,97,5,3,7102,1474,no,si,98.7,no
CL00618,58,168,5,3,931,545,si,no,94.5,no
CL00619,69,131,2,5,11147,6105,no,si,87.7,si
CL00620,43,309,6,4,756,249,si,no,92.9,no
CL00621,31,128,7,2,1275,634,si,no,80.5,no
CL00622,62,416,10,2,8633,4070,no,no,89.2,no
CL00623,28,273,6,4,860,404,no,no,89.1,no
CL00624,42,401,6,4,2317,1113,si,no,91,no
CL00625,46,325,4,5,292,76,si,no,90.8,no
CL00626,55,212,9,5,1428,328,si,si,88.7,no
CL00627,53,71,4,4,3356,1891,no,no,88.6,no
CL00628,62,254,3,3,2122,NA,si,no,95.4,no
CL00629,67,145,5,4,701,154,no,no,89.2,no
CL00630,28,122,6,2,2963,1324,no,no,89.2,no
CL00631,61,96,6,6,3087,755,si,si,94.4,no
CL00632,64,169,8,2,1045,395,no,si,91.5,no
CL00633,40,313,7,4,478,140,si,no,96.6,no
CL00634,37,346,7,3,2189,1243,si,no,88.4,no
CL00635,19,101,6,5,390,226,si,no,86.9,no
CL00636,26,151,3,4,4809,1810,no,si,91.9,no
CL00637,65,154,6,3,2740,598,si,no,90.4,no
CL00638,28,90,6,4,2593,1547,no,no,89.5,no
CL00639,29,113,7,6,1851,577,no,no,96.8,no
CL00640,40,373,8,4,1545,724,no,no,88.3,no
CL00641,35,196,7,1,622,256,no,no,91.7,no
CL00642,34,50,5,5,1024,400,si,no,87.5,no
CL00643,54,180,6,3,498,193,si,si,84.8,no
CL00644,40,69,6,2,826,215,no,si,93,no
CL00645,44,530,8,6,1336,518,si,si,91.2,no
CL00646,46,256,5,4,2246,1272,no,no,94.8,no
CL00647,22,350,8,5,14150,7856,si,no,92.2,si
CL00648,29,61,6,3,398,133,no,si,95.9,no
CL00649,60,277,5,3,700,363,si,no,93.1,no
CL00650,51,79,8,5,1164,273,si,no,91.2,no
CL00651,60,119,5,3,649,382,si,no,91.6,no
CL00652,25,79,6,5,8225,4624,no,no,90.4,no
CL00653,24,144,4,4,393,124,si,si,94,no
CL00654,22,367,8,6,4204,1661,si,si,98.1,no
CL00655,45,130,4,6,3550,1361,si,no,90.8,no
CL00656,40,247,6,6,1011,474,no,no,89.4,no
CL00657,29,48,9,5,3413,936,no,no,96.5,no
CL00658,30,93,1,5,3244,1276,si,si,93.3,no
CL00659,43,275,7,9,388,139,no,no,93.1,no
CL00660,43,35,5,6,400,94,no,si,96.2,no
CL00661,26,56,5,3,600,307,si,si,94.9,no
CL00662,51,114,9,1,1730,944,no,si,91,no
CL00663,31,30,5,4,608,277,si,si,94.9,no
CL00664,47,37,11,5,5982,2816,si,no,86.6,no
CL00665,63,351,4,4,3439,1287,no,no,91.2,no
CL00666,68,132,4,1,2502,1066,si,si,85.3,no
CL00667,32,183,7,8,295,117,no,si,88.8,no
CL00668,50,397,5,4,666,207,no,no,86.2,no
CL00669,51,363,9,6,702,160,si,si,96.6,no
CL00670,40,45,4,7,740,166,si,si,89.7,no
CL00671,45,181,2,4,834,401,no,no,87.2,no
CL00672,34,140,2,2,543,161,no,si,91.2,no
CL00673,56,253,8,3,5870,1322,no,si,92.4,no
CL00674,19,608,6,4,9086,4225,no,si,100,si
CL00675,27,238,3,4,1152,589,si,no,92.3,no
CL00676,60,279,8,5,3231,1274,no,si,85.9,no
CL00677,53,80,3,2,481,232,no,no,95,no
CL00678,45,364,4,1,44525,12529,si,no,88.1,si
CL00679,35,79,9,2,1361,732,si,si,93.7,no
CL00680,32,187,9,7,653,147,no,no,90.1,no
CL00681,49,166,5,5,7588,2585,no,no,90.2,no
CL00682,56,221,7,1,2411,1201,si,no,88.3,no
CL00683,39,337,5,3,4379,2584,no,si,91.4,no
CL00684,34,341,5,2,454,172,si,si,94.9,no
CL00685,23,237,8,4,5411,1447,no,no,84.9,si
CL00686,41,118,3,3,2046,625,no,si,87.6,no
CL00687,20,521,4,1,920,235,si,no,94.5,no
CL00688,45,53,4,2,3757,1648,si,no,92.7,si
CL00689,20,128,6,6,4020,1155,no,no,100.3,no
CL00690,58,333,5,2,33662,15781,si,no,95.4,si
CL00691,40,129,11,1,222,83,si,si,93.9,no
CL00692,53,253,4,2,2407,1217,no,si,83,no
CL00693,55,423,6,2,934,201,si,no,95.9,no
CL00694,19,197,4,7,12495,7274,si,si,91.3,si
CL00695,50,376,5,4,3227,947,si,si,97,no
CL00696,34,162,4,5,9928,3083,no,no,94.9,no
CL00697,23,302,10,1,849,192,si,no,86.3,no
CL00698,33,339,3,3,1722,356,si,no,87.4,no
CL00699,20,752,2,6,770,329,no,no,89.6,no
CL00700,19,205,4,2,1233,504,no,no,87.5,no
CL00701,42,76,4,3,2527,855,si,si,88,no
CL00702,45,179,7,3,6483,3645,no,no,97.8,no
CL00703,43,79,5,5,1321,271,si,no,91.5,no
CL00704,64,236,5,4,6588,NA,no,no,90.4,no
CL00705,59,292,5,3,953,NA,si,si,88.8,no
CL00706,48,13,3,3,8847,4330,no,no,95.2,no
CL00707,61,315,5,5,1025,462,no,si,94.1,no
CL00708,38,281,7,8,486,281,no,no,92.5,no
CL00709,48,60,4,2,1805,889,si,no,93.5,no
CL00710,52,158,6,10,4117,1047,no,no,87.8,no
CL00711,66,353,5,3,337,109,no,no,87.6,no
CL00712,44,415,2,3,4563,1642,no,no,97.2,no
CL00713,36,313,7,6,778,243,no,no,94.6,no
CL00714,53,259,8,1,3779,NA,no,si,91.7,no
CL00715,47,125,2,3,1171,554,si,no,93.1,no
CL00716,19,92,2,2,2361,494,si,no,91.3,no
CL00717,55,306,8,3,11500,5255,si,si,89.9,no
CL00718,42,381,3,8,4375,2221,no,si,89.3,no
CL00719,67,336,6,5,8497,3822,si,no,90,no
CL00720,63,531,5,3,2076,834,si,no,92.2,no
CL00721,66,22,7,6,1924,1145,si,si,96.4,no
CL00722,48,234,8,5,1203,321,no,no,93.4,si
CL00723,30,237,9,4,1413,519,si,no,99.6,no
CL00724,48,276,6,4,2984,1575,si,si,97.3,no
CL00725,21,183,7,3,2038,912,si,si,84.9,no
CL00726,42,257,1,1,2716,1578,si,si,93.1,no
CL00727,45,88,1,3,213,113,si,no,86.1,no
CL00728,27,332,7,2,3548,1588,no,si,87.2,no
CL00729,37,512,7,2,789,212,si,si,89.6,no
CL00730,23,456,2,5,6991,1564,si,no,91.2,no
CL00731,41,353,11,4,8477,2237,no,no,87.8,no
CL00732,48,232,7,3,3568,1594,no,no,85.6,no
CL00733,65,424,7,5,1716,676,no,no,92.3,no
CL00734,43,75,7,6,4284,1314,si,si,93.6,no
CL00735,51,236,6,4,3054,1193,no,no,93.7,no
CL00736,24,214,3,7,683,200,si,no,91.3,no
CL00737,40,335,4,6,5324,1910,si,si,91.2,no
CL00738,36,318,7,7,1244,640,no,si,89.7,no
CL00739,59,190,5,3,2083,1249,si,si,92.6,no
CL00740,25,223,3,4,274,71,no,no,91.4,no
CL00741,28,767,3,6,4283,2075,si,si,93,no
CL00742,30,462,7,3,4771,2282,si,no,91.4,no
CL00743,59,451,5,4,13720,7857,si,no,92.2,no
CL00744,46,164,7,2,2169,1121,si,no,93.2,no
CL00745,68,88,9,4,515,244,no,no,94.8,no
CL00746,58,219,9,4,2570,1166,si,no,88.2,si
CL00747,39,290,5,3,3078,1029,no,si,91.4,no
CL00748,26,289,2,3,4014,1864,si,no,99.3,no
CL00749,37,167,10,4,895,228,si,no,96,no
CL00750,21,60,5,3,2498,630,no,no,95.7,no
CL00751,60,775,8,2,1621,360,si,si,89.5,no
CL00752,55,415,6,4,1462,363,no,si,93.9,no
CL00753,63,465,5,5,2514,795,si,no,84.1,no
CL00754,68,31,2,5,802,424,si,no,101,no
CL00755,56,178,7,5,3097,1682,si,no,88.8,no
CL00756,63,266,5,6,5493,1223,si,no,100.2,no
CL00757,56,133,6,4,1686,816,si,si,87.8,no
CL00758,53,602,10,3,966,215,no,no,92.8,no
CL00759,59,561,5,2,11194,5575,si,no,90.2,no
CL00760,24,383,10,4,6660,3834,no,no,96.2,si
CL00761,55,122,2,2,5331,1353,si,no,92.7,si
CL00762,42,468,6,4,1312,449,no,no,93.5,no
CL00763,39,463,8,2,1313,787,no,si,95.3,no
CL00764,46,260,3,11,3794,2271,no,no,93.7,no
CL00765,60,193,3,2,4506,1372,si,si,92.7,no
CL00766,36,135,7,6,653,209,si,si,84.7,no
CL00767,57,170,10,1,271,NA,si,no,92.4,no
CL00768,55,163,5,2,19091,NA,no,no,88.5,si
CL00769,56,76,6,7,733,182,si,no,91.3,si
CL00770,41,189,7,2,927,NA,si,no,88.5,no
CL00771,61,397,11,5,2128,1158,no,no,91,no
CL00772,37,61,6,1,282,90,si,si,95.8,no
CL00773,31,132,7,4,4397,1196,si,si,93.6,no
CL00774,22,342,4,6,5346,2924,si,no,91.7,no
CL00775,56,667,6,7,3126,1411,si,no,91.8,no
CL00776,42,75,7,3,1211,271,si,no,93.4,no
CL00777,49,143,7,2,9587,5700,si,si,91.1,no
CL00778,30,196,8,4,4959,2079,si,no,90.8,no
CL00779,35,262,9,5,2904,1099,si,si,91.9,no
CL00780,32,312,10,2,824,201,si,no,83.6,no
CL00781,52,606,9,5,513,242,si,si,93,si
CL00782,50,524,5,2,2158,982,si,no,98.7,no
CL00783,19,235,6,2,2119,1088,no,no,97,no
CL00784,38,412,6,4,1221,325,si,si,87.3,no
CL00785,28,334,5,6,818,425,no,no,91.8,no
CL00786,51,195,5,3,2427,1156,no,no,91.4,no
CL00787,59,128,6,8,3112,770,si,si,94.7,no
CL00788,35,88,3,4,386,107,no,si,90.5,no
CL00789,36,387,12,6,1619,735,no,no,90.4,no
CL00790,54,112,7,3,7418,2949,no,no,91.7,no
CL00791,57,143,8,3,2183,561,si,no,95.8,no
CL00792,27,322,8,2,764,385,si,no,95.9,no
CL00793,18,111,5,3,872,513,si,no,92.9,no
CL00794,46,78,9,1,6177,3332,si,no,92.3,si
CL00795,42,357,6,10,7165,2532,si,no,93.9,no
CL00796,22,110,5,2,2136,975,si,si,87.6,no
CL00797,67,104,2,5,1284,673,si,si,100.1,no
CL00798,37,81,4,1,3740,816,no,si,93.2,no
CL00799,57,285,6,4,1862,787,no,no,91.7,no
CL00800,20,155,5,2,1248,424,si,no,92.7,no
CL00801,49,120,8,3,3250,1250,si,no,93.5,si
CL00802,26,53,4,2,1341,720,no,si,93.2,no
CL00803,20,321,9,5,2685,598,si,si,86.1,no
CL00804,42,498,7,4,4341,1499,si,no,94.2,si
CL00805,44,59,7,5,1734,690,no,no,93.8,no
CL00806,19,625,5,3,10383,NA,no,no,92.4,no
CL00807,63,166,2,3,8338,2647,no,no,86.8,no
CL00808,40,235,3,3,1394,654,no,no,97.1,no
CL00809,55,342,7,2,351,192,no,no,90,no
CL00810,51,34,11,4,1473,553,no,si,98.7,no
CL00811,24,103,6,4,1027,520,si,si,92.4,no
CL00812,24,498,4,4,783,265,no,no,97.7,si
CL00813,54,391,6,7,1058,436,si,si,93.3,no
CL00814,29,69,5,5,1234,334,no,no,94.8,no
CL00815,35,196,5,3,1378,729,si,si,83.5,no
CL00816,56,159,8,1,3154,812,si,no,91.4,no
CL00817,29,90,6,3,4253,2463,no,si,93.7,no
CL00818,28,223,4,5,6552,2409,no,no,90,no
CL00819,53,293,9,1,953,396,no,no,96.7,no
CL00820,37,106,6,4,1312,380,si,no,90.3,si
CL00821,53,510,3,2,6848,3586,si,si,83,si
CL00822,38,755,1,5,1848,946,no,no,95.2,no
CL00823,28,600,8,6,4527,1390,si,no,84.1,si
CL00824,40,52,4,1,753,NA,si,si,88.4,si
CL00825,48,307,0,6,1062,407,si,no,91.3,no
CL00826,32,463,6,2,8809,5041,no,no,88.5,no
CL00827,29,140,7,7,660,293,si,si,90.6,no
CL00828,26,241,7,5,7980,4213,no,si,88.1,si
CL00829,48,606,4,4,21120,7635,si,no,99.9,no
CL00830,27,84,9,6,4550,2217,si,si,91.7,no
CL00831,67,491,7,1,2158,745,no,no,95.5,no
CL00832,27,61,2,2,4755,1656,si,si,87.2,no
CL00833,19,326,7,4,1809,1008,si,no,92,no
CL00834,68,380,7,10,1386,564,no,no,92.2,no
CL00835,60,795,7,6,1246,576,si,no,95.8,no
CL00836,51,424,2,7,1965,871,si,no,92.2,si
CL00837,49,158,5,4,11943,4426,si,no,93.8,no
CL00838,59,85,7,3,5891,1842,no,si,92.8,no
CL00839,68,846,4,3,2576,930,si,no,91.6,no
CL00840,56,333,2,2,3865,1718,si,no,88.4,no
CL00841,63,28,7,4,277,68,si,no,91.6,no
CL00842,26,108,6,5,1074,461,no,no,97.4,no
CL00843,62,105,3,8,2780,1327,no,si,96.6,no
CL00844,69,60,6,3,6260,2492,si,no,93.5,no
CL00845,40,385,5,3,3341,1730,no,si,93.9,no
CL00846,38,107,6,6,5191,1653,si,no,100.5,no
CL00847,53,448,5,4,2108,738,no,no,99.4,no
CL00848,39,293,7,3,10855,2432,si,si,96.2,no
CL00849,61,155,5,3,1223,386,si,no,92.9,no
CL00850,66,332,5,2,1597,808,si,no,96.9,no
CL00851,44,303,8,5,2601,1145,no,si,95,no
CL00852,18,226,7,1,5906,2395,si,si,96.1,no
CL00853,52,118,5,4,444,151,si,no,87.8,no
CL00854,42,245,6,5,659,310,si,no,93.9,si
CL00855,32,674,5,5,1616,858,no,si,89.2,no
CL00856,23,384,2,7,421,166,si,si,89.9,no
CL00857,62,302,4,5,1501,340,no,no,86.2,no
CL00858,61,148,10,4,304,164,no,no,90.5,no
CL00859,37,143,5,3,686,377,si,no,91,no
CL00860,24,542,6,5,1106,295,no,si,94.9,no
CL00861,30,68,6,4,387,150,no,si,88,no
CL00862,60,139,4,5,6478,2981,si,no,94.6,no
CL00863,61,161,8,4,3234,NA,si,no,98.1,no
CL00864,18,300,5,2,386,229,si,no,86,no
CL00865,37,220,10,3,1811,957,si,si,90.5,no
CL00866,59,184,4,2,1618,739,si,si,81.5,no
CL00867,69,164,5,1,8508,2178,si,no,85.6,si
CL00868,23,260,6,5,4078,1752,si,no,89.7,no
CL00869,24,371,5,2,2175,775,no,si,92.6,no
CL00870,43,477,11,4,1451,846,no,si,86.3,no
CL00871,63,52,5,4,2650,1164,si,si,96.8,no
CL00872,49,256,3,4,189,94,no,no,100.5,no
CL00873,37,191,10,5,1610,675,no,si,88.9,no
CL00874,30,201,6,2,411,132,no,si,95.3,no
CL00875,20,132,8,4,447,262,si,no,95.3,no
CL00876,57,41,3,5,7904,2676,si,no,89.3,no
CL00877,52,124,4,3,999,393,si,si,97.1,no
CL00878,67,210,6,5,22447,8162,no,no,92.2,no
CL00879,51,144,5,8,5308,2438,si,no,91.1,no
CL00880,59,167,3,3,1955,970,si,no,94.6,no
CL00881,21,153,7,4,1321,NA,si,no,93.9,no
CL00882,52,120,7,5,1137,413,si,no,92.3,si
CL00883,43,615,5,4,3208,1443,si,no,86.5,no
CL00884,21,788,5,5,199,66,no,no,95.8,no
CL00885,37,232,8,1,2719,1015,si,si,89.2,si
CL00886,34,522,1,3,6335,3519,si,no,88.5,no
CL00887,44,598,8,5,1978,668,si,si,98.9,no
CL00888,34,262,8,4,1868,631,no,si,98.5,no
CL00889,64,363,5,8,2616,NA,no,no,95.1,no
CL00890,36,143,6,4,441,100,no,no,94.7,no
CL00891,19,215,5,2,1439,NA,no,no,91.6,no
CL00892,62,120,7,4,1789,1005,no,si,95.2,no
CL00893,57,582,5,5,3110,1033,si,no,96.7,no
CL00894,33,317,7,2,1318,410,si,si,91.4,no
CL00895,45,408,5,2,9604,3153,si,no,90.3,no
CL00896,19,175,0,4,532,242,no,si,88.8,no
CL00897,26,17,7,4,181,74,no,si,95.4,no
CL00898,70,249,7,4,242,92,si,si,95.2,no
CL00899,24,289,5,4,3478,1611,no,no,87.1,no
CL00900,65,428,6,2,3412,782,si,si,97.2,no
CL00901,28,297,6,3,4096,2401,no,si,88.8,no
CL00902,31,272,8,1,2148,955,no,si,91.2,no
CL00903,62,192,8,5,4564,1381,no,si,88.1,no
CL00904,63,37,9,3,4887,1597,no,si,95,no
CL00905,60,93,9,2,629,257,si,si,98.8,no
CL00906,37,148,7,3,3953,NA,no,no,97.9,no
CL00907,48,83,7,3,1447,817,no,no,90.7,no
CL00908,70,319,10,5,996,537,si,no,90.7,no
CL00909,27,356,9,6,399,151,si,si,96,si
CL00910,21,361,7,1,4261,1310,si,no,96.2,no
CL00911,40,35,4,4,5457,1688,si,si,92.4,no
CL00912,41,658,6,3,1082,249,no,si,89.7,no
CL00913,50,168,6,5,1941,794,no,si,94.9,no
CL00914,32,321,3,1,11804,6694,si,si,94.5,no
CL00915,20,132,3,3,1037,523,no,no,94.4,no
CL00916,43,176,7,5,2141,NA,si,si,92.6,no
CL00917,20,368,8,3,4722,1931,no,no,96.3,si
CL00918,48,229,3,4,3009,760,no,no,92.2,no
CL00919,45,85,2,4,923,530,si,no,87.8,no
CL00920,49,379,7,5,434,198,no,no,91.4,no
CL00921,65,460,8,4,1595,674,no,no,90.1,no
CL00922,54,527,6,6,333,165,si,si,88.5,si
CL00923,30,51,5,3,7392,2544,no,si,90.6,no
CL00924,52,237,5,4,6495,2906,no,si,87.7,no
CL00925,19,99,11,4,548,269,no,si,97.9,no
CL00926,45,144,4,6,3124,1263,no,no,95.5,no
CL00927,44,364,5,9,878,474,si,si,97.1,si
CL00928,28,99,2,2,6534,3055,si,no,91.5,no
CL00929,27,119,4,4,3536,1455,no,si,92.3,no
CL00930,67,230,8,3,3032,932,no,si,91,no
CL00931,46,288,1,7,855,294,si,si,94.2,no
CL00932,66,319,4,8,1263,631,no,si,85.8,no
CL00933,46,294,8,6,1359,790,no,no,84.4,no
CL00934,24,123,6,2,2125,1095,no,si,90.2,no
CL00935,65,156,7,6,5735,NA,no,si,94.4,no
CL00936,40,30,5,4,1702,626,no,no,91.7,no
CL00937,30,170,5,5,2274,1347,no,no,92.8,no
CL00938,68,318,3,3,430,144,no,no,87.8,no
CL00939,68,93,3,6,7954,2402,si,si,90.9,si
CL00940,23,169,6,6,1954,1154,si,si,95.6,no
CL00941,35,143,4,3,1485,877,si,si,87.7,no
CL00942,65,161,15,2,8065,3617,si,no,95.1,si
CL00943,21,182,5,3,623,137,si,si,86.8,no
CL00944,66,214,6,6,7626,4365,si,no,95.6,no
CL00945,42,145,2,7,1072,586,no,si,88.3,no
CL00946,43,634,9,5,2214,531,no,no,86.2,no
CL00947,64,716,8,5,1105,409,no,no,86.5,si
CL00948,45,277,5,4,643,325,no,si,87.3,no
CL00949,40,97,8,5,452,211,no,no,92.9,no
CL00950,57,155,11,3,965,256,no,si,92.1,no
CL00951,50,209,4,6,6182,2911,no,no,91.4,no
CL00952,66,77,7,8,2313,591,si,si,91.4,si
CL00953,21,295,3,4,812,169,no,no,90.9,no
CL00954,69,588,5,1,1647,543,si,si,93.5,no
CL00955,47,206,7,6,6230,NA,si,no,90.6,no
CL00956,33,352,8,6,6258,2755,si,no,93.1,no
CL00957,42,225,3,6,1540,813,si,si,96.2,no
CL00958,42,117,8,2,406,132,no,si,91.7,no
CL00959,18,303,2,5,2961,1030,si,si,98.6,no
CL00960,19,63,4,3,905,374,no,no,93.2,no
CL00961,27,146,6,3,1671,801,si,si,87.1,no
CL00962,20,122,3,4,3365,1519,si,si,88.2,no
CL00963,45,324,8,4,4080,1147,no,no,87.8,no
CL00964,33,315,4,3,4778,2678,no,no,88.1,no
CL00965,48,354,7,3,6932,2981,si,no,93.3,no
CL00966,37,127,5,3,1467,440,si,si,89.6,no
CL00967,59,280,10,6,621,331,si,si,89.4,no
CL00968,47,12,6,3,1906,1080,si,no,86.3,no
CL00969,36,231,5,2,897,312,no,no,88.4,no
CL00970,68,67,3,7,3860,831,no,no,97.2,no
CL00971,54,374,6,7,4545,1895,no,si,89.8,no
CL00972,31,66,6,2,2006,869,si,no,89.3,no
CL00973,58,120,10,2,1710,936,si,no,95.4,no
CL00974,65,495,6,4,2575,898,no,no,91.6,no
CL00975,45,66,4,2,1425,654,no,si,95.6,no
CL00976,30,445,3,3,2960,1328,si,si,91.6,no
CL00977,29,47,7,3,7475,2052,si,no,97.4,no
CL00978,29,134,4,4,778,162,no,si,87.1,no
CL00979,60,139,5,5,10960,4115,si,si,89.6,no
CL00980,29,236,4,5,3253,1479,si,si,88.7,no
CL00981,20,249,9,7,1374,599,no,no,91.6,no
CL00982,52,254,8,5,538,292,no,si,85,no
CL00983,63,203,5,6,1478,605,si,no,92.9,no
CL00984,64,88,12,4,3017,962,no,no,91.5,no
CL00985,50,535,6,7,7076,2043,si,si,82.7,no
CL00986,35,241,6,5,793,426,no,si,90.6,no
CL00987,68,178,5,3,5874,2612,si,no,91.5,no
CL00988,56,54,4,3,9058,NA,no,no,95.6,si
CL00989,64,365,5,3,2297,928,si,no,91.5,no
CL00990,48,167,8,8,3133,NA,si,si,92.3,no
CL00991,55,66,3,5,1871,399,si,si,92,no
CL00992,61,341,3,9,1205,700,no,no,91.8,si
CL00993,43,74,3,3,707,309,no,no,92.9,no
CL00994,53,315,9,4,5632,1415,no,no,88.1,no
CL00995,46,108,5,3,2402,1136,no,si,91.9,no
CL00996,42,503,4,2,4894,2675,si,si,92.7,no
CL00997,30,109,8,2,4182,1540,no,no,87.5,no
CL00998,40,240,6,7,545,318,si,no,94.3,no
CL00999,60,208,11,5,4390,2351,no,no,82.5,no
CL01000,49,157,8,3,410,155,no,si,97.2,no
CL01001,67,635,5,5,3691,1734,si,no,94,si
CL01002,65,222,9,6,676,386,no,no,93.1,no
CL01003,33,1018,6,3,727,149,si,no,98.5,no
CL01004,31,812,7,2,1879,465,no,si,94.7,no
CL01005,49,116,8,4,1869,408,si,no,96.2,no
CL01006,58,225,4,2,1184,641,si,no,97.6,no
CL01007,67,72,9,4,1576,321,si,si,92,no
CL01008,23,117,4,3,1369,753,si,no,94.5,no
CL01009,52,250,8,4,4060,968,si,si,95.3,no
CL01010,48,71,8,4,5823,3243,si,no,91.7,si
CL01011,64,327,4,5,2184,864,no,no,96.7,no
CL01012,45,268,6,3,1876,839,no,si,96.6,no
CL01013,38,246,3,5,642,287,no,no,91.7,no
CL01014,28,316,5,4,972,398,no,no,92.4,no
CL01015,43,275,4,3,1157,693,si,si,94.8,no
CL01016,53,415,6,2,4422,1477,no,si,96.2,no
CL01017,50,132,11,3,4274,1444,si,si,92.8,si
CL01018,62,572,4,4,2078,780,no,no,99.2,no
CL01019,36,458,12,4,215,122,no,si,87.6,no
CL01020,35,337,7,3,754,219,no,no,92.6,no
CL01021,25,460,7,3,5999,3050,si,no,95.7,no
CL01022,28,517,9,4,2342,NA,no,no,92.1,no
CL01023,68,108,5,2,943,252,no,no,94,no
CL01024,47,61,6,3,4154,875,no,si,96.9,no
CL01025,45,390,5,1,421,135,si,si,89.9,no
CL01026,28,53,10,2,1929,519,si,si,94,no
CL01027,19,406,5,5,4218,1474,si,no,93.7,no
CL01028,59,361,9,6,5007,2768,si,no,89.3,no
CL01029,39,122,6,3,6246,2705,no,no,91.9,no
CL01030,44,150,4,5,1620,579,no,no,96.3,no
CL01031,69,116,6,3,799,351,no,si,93.5,no
CL01032,65,425,10,5,4628,2564,si,no,86.3,no
CL01033,67,152,5,2,841,454,no,si,84.2,no
CL01034,32,90,5,5,2000,804,si,si,96.3,no
CL01035,55,15,10,7,596,220,si,no,89.5,no
CL01036,51,128,2,1,357,213,si,si,89,no
CL01037,41,67,8,6,5321,2342,no,si,92.4,si
CL01038,29,76,4,4,2021,1142,no,si,99.7,no
CL01039,64,213,8,5,444,97,si,no,94.4,si
CL01040,46,14,9,6,1290,641,no,si,91,no
CL01041,46,43,7,2,1724,736,si,no,86.5,no
CL01042,26,266,9,7,2555,812,no,si,92.3,si
CL01043,59,607,9,2,2963,1292,si,no,91.2,no
CL01044,45,366,3,3,906,418,si,no,89.9,no
CL01045,39,200,6,8,579,118,si,no,94.3,no
CL01046,28,218,7,7,1129,606,si,si,96.3,no
CL01047,58,132,3,1,798,336,si,no,93.4,no
CL01048,58,218,1,8,231,99,si,no,93.3,no
CL01049,55,57,9,4,1679,690,si,no,97.1,no
CL01050,63,337,9,4,87,44,no,si,91.5,no
CL01051,21,194,7,2,1716,NA,si,no,99.5,no
CL01052,56,214,1,4,3326,1469,si,no,89.3,no
CL01053,48,97,3,4,1091,424,si,no,91.6,no
CL01054,67,217,8,6,1846,1014,no,si,97.3,no
CL01055,31,483,6,6,2730,NA,si,no,93.6,no
CL01056,39,80,5,5,4377,1718,no,no,92.7,no
CL01057,33,533,6,4,2252,965,no,no,84.1,no
CL01058,21,99,7,7,2954,1341,si,no,90.7,no
CL01059,30,423,5,2,2126,1179,no,no,99,no
CL01060,62,64,9,4,667,294,no,no,89,no
CL01061,20,79,5,4,422,152,si,si,95.5,no
CL01062,52,305,8,3,321,148,no,no,95.2,no
CL01063,66,118,7,8,6469,1653,no,no,93.3,no
CL01064,65,216,11,4,2901,1018,si,no,95,no
CL01065,50,300,5,3,2234,854,si,no,93,no
CL01066,23,115,4,3,927,522,no,no,96.2,no
CL01067,70,289,9,5,824,182,no,no,89.6,no
CL01068,27,105,6,2,1448,384,si,no,90.3,no
CL01069,22,141,9,6,1256,374,si,si,93.1,no
CL01070,55,67,9,1,4017,1740,si,si,93.3,no
CL01071,32,210,5,3,2846,1594,no,no,87.2,no
CL01072,48,77,6,5,1029,510,no,no,91.7,no
CL01073,26,913,9,8,4819,2102,si,no,91.9,si
CL01074,21,382,3,6,2232,524,no,si,91.5,no
CL01075,48,241,8,7,7161,1870,no,no,91.4,no
CL01076,58,185,4,5,1654,698,si,si,85.7,no
CL01077,69,321,5,3,1946,642,no,no,91.3,no
CL01078,68,214,3,1,2164,467,si,no,94.9,no
CL01079,19,250,7,3,1385,815,si,no,93.2,no
CL01080,58,24,8,2,2196,657,si,no,92.6,no
CL01081,32,167,8,5,2057,1056,si,si,93.3,no
CL01082,30,83,3,2,774,263,no,no,98.6,no
CL01083,45,48,6,2,1318,411,si,no,94.6,no
CL01084,22,103,7,8,919,512,si,si,88.5,no
CL01085,20,720,2,3,1722,466,si,si,88.4,no
CL01086,23,67,8,5,10761,3565,si,no,102.3,no
CL01087,46,149,8,7,16082,NA,si,si,90.5,no
CL01088,32,485,5,5,418,114,si,si,98.3,si
CL01089,59,182,4,3,1035,464,no,si,92.6,no
CL01090,67,239,2,4,1416,799,si,si,91.7,no
CL01091,19,94,4,2,381,181,no,si,89.2,no
CL01092,54,330,8,3,1436,303,si,no,91.9,no
CL01093,47,130,2,1,1674,711,no,si,92.2,no
CL01094,29,403,7,2,883,523,no,si,96.1,no
CL01095,24,145,9,4,438,167,si,si,84.9,no
CL01096,49,174,7,4,3421,1473,si,no,97.2,no
CL01097,65,10,3,3,15327,NA,si,si,84.5,si
CL01098,45,419,3,1,2644,1523,no,no,93,no
CL01099,41,341,2,2,3131,876,no,no,97.9,no
CL01100,45,54,6,2,16784,3442,no,si,86.7,no
CL01101,28,563,2,3,1563,843,no,no,93.9,no
CL01102,50,93,5,5,5093,1131,no,no,90.8,no
CL01103,35,65,8,4,847,172,si,no,99,no
CL01104,24,164,4,2,5471,NA,no,no,96.9,no
CL01105,54,119,6,4,2490,634,no,si,88.9,no
CL01106,70,328,5,4,471,NA,no,si,93.3,no
CL01107,49,56,5,5,959,343,si,no,90.1,no
CL01108,24,219,1,3,2042,1218,no,si,91.5,no
CL01109,33,785,7,2,5927,3409,si,no,96.8,si
CL01110,61,655,5,3,4678,2045,si,no,92.1,no
CL01111,48,53,3,6,320,78,no,no,94.2,no
CL01112,34,526,3,6,402,122,no,no,93.3,no
CL01113,21,136,6,1,975,276,no,si,95.2,no
CL01114,62,156,11,4,1251,747,no,no,87.4,no
CL01115,37,129,7,4,464,118,si,no,94.2,no
CL01116,65,229,9,2,571,189,si,no,100.6,no
CL01117,44,120,6,3,1333,310,no,si,89.1,no
CL01118,56,104,3,5,875,231,no,si,89.8,no
CL01119,33,183,7,2,1521,631,si,no,94,no
CL01120,64,130,6,11,815,422,si,si,92.5,no
CL01121,48,424,5,5,12296,4281,no,no,90,no
CL01122,61,150,7,3,6720,1660,si,no,86.9,no
CL01123,48,328,7,5,2146,509,si,si,76.8,no
CL01124,66,474,6,1,2834,745,si,si,90.7,no
CL01125,47,93,6,5,6770,1827,no,no,85.9,si
CL01126,40,61,6,4,603,212,si,si,89,no
CL01127,33,163,4,5,2284,1258,no,no,91.2,no
CL01128,41,114,6,3,326,150,no,no,96.9,no
CL01129,33,105,9,7,1034,217,no,si,90.2,no
CL01130,48,434,10,6,1984,1177,no,si,94,no
CL01131,37,57,8,5,3114,1605,si,no,92,no
CL01132,50,171,8,4,1199,714,si,si,86.8,no
CL01133,28,37,1,4,669,311,no,si,87.6,no
CL01134,32,550,7,4,2743,1617,no,no,89.7,no
CL01135,30,500,8,3,825,214,si,no,90.9,no
CL01136,55,277,11,3,1418,529,si,no,99.7,no
CL01137,43,130,9,6,1186,258,no,no,93.1,no
CL01138,52,121,6,2,856,372,si,si,99.6,no
CL01139,27,105,5,4,355,198,no,si,97.2,no
CL01140,70,478,3,4,1022,426,si,no,89.5,no
CL01141,28,265,7,5,265,96,no,no,91.3,si
CL01142,27,434,4,2,1006,520,si,si,88.9,no
CL01143,60,6,9,4,1225,553,si,no,92.5,no
CL01144,55,161,5,6,1780,777,si,no,96.2,no
CL01145,39,423,6,2,2350,556,si,no,92.9,no
CL01146,67,540,9,2,1943,NA,si,si,90.6,no
CL01147,49,325,4,3,1357,644,no,no,98.4,si
CL01148,69,132,12,1,3025,1596,si,no,92.3,no
CL01149,35,300,5,3,564,177,si,si,91.6,no
CL01150,57,148,3,4,1554,661,no,si,84.7,no
CL01151,42,93,5,3,488,245,no,no,89.7,no
CL01152,47,92,8,4,798,397,si,si,93.4,no
CL01153,34,356,7,4,10252,4155,si,no,89.8,si
CL01154,62,397,5,4,6085,2650,no,no,98.9,no
CL01155,62,523,5,4,868,517,no,no,92.4,no
CL01156,64,156,8,6,1920,1148,si,si,92.4,si
CL01157,52,17,5,4,2221,534,no,no,98.4,no
CL01158,21,276,8,5,218,65,si,no,96.4,no
CL01159,52,202,5,5,2532,1206,si,no,95.6,no
CL01160,63,424,5,6,1411,819,no,si,90.4,no
CL01161,53,211,13,4,5831,1888,si,si,94.3,no
CL01162,50,241,5,2,959,541,si,si,98.6,no
CL01163,39,488,9,5,4479,2643,si,si,93.7,no
CL01164,46,101,4,2,1700,713,si,no,94,no
CL01165,42,224,1,5,3435,1198,no,si,92.1,no
CL01166,63,27,5,5,1026,363,no,no,92.9,no
CL01167,56,204,7,4,978,418,no,no,94.9,no
CL01168,36,110,8,3,6050,2319,no,si,95.8,no
CL01169,69,613,5,4,1904,502,si,no,91.2,no
CL01170,27,58,3,6,2584,1105,no,no,90.7,no
CL01171,27,192,2,8,2297,643,si,no,90.1,no
CL01172,26,402,3,4,147,80,no,si,97.9,no
CL01173,27,256,7,2,611,308,no,no,95.8,no
CL01174,22,119,8,5,455,220,si,si,91.6,no
CL01175,67,356,5,6,623,309,no,si,87.3,no
CL01176,45,156,10,4,848,278,no,si,84.4,no
CL01177,65,238,5,3,496,245,no,si,92.6,no
CL01178,35,336,7,2,2350,554,si,si,94.5,no
CL01179,59,20,4,7,2496,1108,no,no,96.7,no
CL01180,24,262,8,8,3960,1390,no,no,94.2,no
CL01181,31,216,5,4,6819,2616,si,no,95,no
CL01182,65,54,7,5,2642,928,si,no,86.8,no
CL01183,42,323,6,6,1916,737,si,no,88,no
CL01184,41,42,5,3,1355,693,no,no,97.2,no
CL01185,57,403,8,4,13159,6170,si,no,91,no
CL01186,45,111,3,3,1423,416,si,si,94.1,no
CL01187,69,89,3,4,7784,2765,si,si,88,si
CL01188,46,42,6,7,4667,1551,si,no,91.5,no
CL01189,19,95,4,6,2227,1071,no,no,99.4,no
CL01190,46,804,2,3,909,326,si,no,88.5,no
CL01191,62,353,7,4,3933,1142,no,si,92,no
CL01192,23,163,10,4,4873,1551,no,no,88.6,no
CL01193,62,124,7,1,1172,574,no,no,94.9,no
CL01194,55,79,6,4,5511,2230,si,no,91.5,no
CL01195,31,205,3,4,4253,875,si,si,90.1,no
CL01196,49,249,9,1,255,101,si,si,102.8,no
CL01197,43,126,8,3,1058,410,si,si,91.5,no
CL01198,51,31,1,1,2163,752,si,si,86.6,no
CL01199,67,69,11,6,2017,533,si,no,96.4,no
CL01200,59,616,6,2,9276,4290,si,si,95.8,si
CL01201,46,316,2,1,3241,1147,si,no,95.5,no
CL01202,41,95,9,4,1534,518,si,no,92.2,no
CL01203,56,112,4,3,21764,6736,si,no,91.1,no
CL01204,21,84,4,7,4682,NA,si,no,91.8,no
CL01205,45,390,4,6,3950,1495,no,no,96,no
CL01206,20,49,8,4,365,201,si,si,93.8,no
CL01207,29,95,3,4,5201,2330,si,no,91.8,no
CL01208,55,68,5,1,4219,991,si,no,88.8,no
CL01209,23,195,7,5,2621,1240,si,no,97.2,no
CL01210,65,74,10,5,1183,256,si,si,96,si
CL01211,23,148,9,3,794,386,si,no,91.5,no
CL01212,29,402,6,4,1134,654,si,no,92.3,no
CL01213,69,136,9,3,2902,1032,no,no,98.4,no
CL01214,34,138,7,2,199,114,no,si,86,no
CL01215,20,374,8,5,449,217,no,no,88.7,no
CL01216,32,130,4,3,844,226,si,si,95.8,no
CL01217,53,538,4,4,772,373,no,si,94.5,no
CL01218,40,275,5,7,1215,565,no,si,92.7,no
CL01219,67,314,6,2,1234,366,no,no,95.2,no
CL01220,63,183,4,4,2360,1176,no,no,95.6,no
CL01221,67,339,9,5,2817,NA,no,si,88.5,no
CL01222,28,42,3,5,964,408,si,si,91,no
CL01223,25,417,3,4,423,178,si,no,91.5,no
CL01224,36,214,8,5,774,249,si,no,99,no
CL01225,43,79,6,2,2374,680,no,no,85.9,no
CL01226,65,97,6,3,315,168,si,si,78,no
CL01227,24,78,1,3,2804,1525,si,si,92.2,si
CL01228,53,27,6,3,1952,856,no,no,88.4,no
CL01229,38,23,3,6,1598,468,si,no,96.6,no
CL01230,51,147,6,2,5178,1680,no,no,95.2,no
CL01231,30,111,4,6,1231,349,si,no,89.5,no
CL01232,52,365,7,4,1773,982,no,no,91.7,si
CL01233,39,71,3,2,270,96,si,no,92.3,no
CL01234,53,375,4,5,2851,NA,no,no,90.8,no
CL01235,43,130,2,7,1486,542,si,no,91.8,si
CL01236,21,260,10,5,606,198,no,si,87.6,no
CL01237,35,356,9,7,4607,1984,no,no,91.1,no
CL01238,19,277,4,3,984,218,no,no,96.4,no
CL01239,35,191,9,4,962,570,no,no,88.6,no
CL01240,38,81,3,3,3473,817,no,si,94.8,no
CL01241,52,106,7,6,293,112,no,no,99.8,no
CL01242,47,34,7,4,1693,670,si,no,94.7,no
CL01243,58,438,1,4,815,NA,si,si,83.5,no
CL01244,43,173,11,8,1413,371,si,si,99.5,no
CL01245,44,154,11,5,2122,561,si,no,94.9,no
CL01246,66,225,7,4,807,346,si,si,96.1,no
CL01247,35,173,7,4,1914,822,no,si,88.1,no
CL01248,67,445,11,4,6336,3328,no,no,91.8,no
CL01249,51,309,10,2,2111,681,si,no,90.5,no
CL01250,57,243,7,4,2696,871,si,no,86.8,no
CL01251,41,186,5,4,1775,741,no,no,95.2,no
CL01252,55,405,5,4,2360,1247,no,no,90.5,no
CL01253,66,242,6,6,2041,1085,no,no,91.5,no
CL01254,53,364,5,2,1611,417,si,si,101.9,no
CL01255,23,463,2,2,998,595,no,si,89.9,no
CL01256,31,152,4,1,1561,530,no,si,95.7,no
CL01257,65,500,4,2,2960,1498,no,no,91.1,no
CL01258,65,366,7,1,1167,355,si,no,93.6,no
CL01259,50,194,4,4,680,215,si,no,94.6,no
CL01260,36,181,6,2,641,229,no,no,90.5,no
CL01261,51,83,3,6,348,123,no,no,93.1,no
CL01262,25,106,3,4,4131,1711,si,no,93.8,no
CL01263,64,155,3,3,3838,1573,si,no,88.2,no
CL01264,64,181,4,3,1270,265,no,no,88.7,no
CL01265,63,222,6,5,2417,545,no,si,93.6,no
CL01266,47,113,6,6,25915,6843,si,si,88.7,no
CL01267,53,185,13,5,3823,782,si,no,89.8,no
CL01268,50,187,8,5,1563,743,si,no,89.1,no
CL01269,58,63,4,4,1488,573,si,no,86,no
CL01270,55,409,5,5,1916,527,si,si,94.3,no
CL01271,67,322,6,4,576,279,si,si,98.1,no
CL01272,39,94,2,2,2832,1481,si,si,77.6,no
CL01273,59,232,7,4,991,NA,no,si,88.9,no
CL01274,41,95,6,4,6037,1803,no,no,92.6,no
CL01275,31,71,9,3,1056,436,no,si,97,no
CL01276,52,211,5,8,829,485,no,no,89.5,si
CL01277,36,214,10,3,5296,2281,si,no,93.5,no
CL01278,52,272,5,2,4093,1675,no,no,89.2,no
CL01279,55,26,8,4,200,84,si,si,92.1,no
CL01280,44,473,9,5,6565,2190,no,si,91.5,no
CL01281,57,155,9,5,248,129,si,si,88.6,no
CL01282,66,268,3,3,683,362,no,si,96.2,no
CL01283,21,167,6,6,1811,425,no,si,95.1,no
CL01284,23,129,7,4,2955,1422,no,si,91.9,no
CL01285,54,645,7,4,4551,1637,si,si,94.7,no
CL01286,24,159,8,4,18255,9403,si,no,94.8,si
CL01287,51,128,11,2,2576,1391,no,no,93.5,no
CL01288,55,22,3,7,2244,567,si,no,95.7,no
CL01289,61,115,2,5,857,426,no,si,90.8,no
CL01290,35,114,10,4,2560,1017,si,si,95.8,no
CL01291,26,103,5,6,1854,553,si,no,93.3,no
CL01292,28,123,8,3,4607,1924,si,no,96.9,no
CL01293,65,120,4,3,913,478,no,no,89.2,no
CL01294,47,412,5,6,460,171,si,no,80.8,si
CL01295,21,163,6,3,1517,893,si,no,86,no
CL01296,65,97,8,7,1691,735,no,no,92.3,no
CL01297,39,217,9,7,1269,406,si,no,96.8,no
CL01298,52,743,11,1,1436,521,si,si,100.8,no
CL01299,42,45,8,4,1079,363,no,si,91.6,no
CL01300,52,255,7,5,3245,1157,no,si,96.5,no
CL01301,68,180,4,5,788,368,si,no,93,no
CL01302,33,388,3,6,3493,1557,no,si,88.2,no
CL01303,33,193,9,3,1860,451,si,no,96.3,no
CL01304,50,86,6,8,10606,4630,no,no,94.2,no
CL01305,38,478,5,4,1410,748,no,no,95.7,no
CL01306,32,176,5,4,995,282,si,no,86.9,no
CL01307,58,18,9,3,1438,489,si,si,97.1,no
CL01308,45,284,3,4,1795,884,si,no,91.2,no
CL01309,57,775,6,4,1716,905,si,no,92.4,no
CL01310,51,120,3,2,731,349,si,no,88.2,no
CL01311,56,416,7,3,4654,NA,no,no,89.6,no
CL01312,44,198,5,6,645,164,no,no,96.2,no
CL01313,37,380,3,4,228,80,si,no,95.2,no
CL01314,33,153,5,4,1424,487,no,no,97.4,no
CL01315,50,173,6,4,407,196,si,no,90.9,no
CL01316,42,49,3,7,3306,1537,si,si,89,no
CL01317,59,40,3,5,3563,999,no,no,94.3,no
CL01318,21,82,3,7,1387,818,si,si,89.7,no
CL01319,26,113,9,3,506,198,no,no,89.4,no
CL01320,20,507,5,4,4368,1080,si,no,92.2,no
CL01321,35,262,7,3,2682,1524,si,no,82.7,no
CL01322,65,350,6,4,2037,592,si,no,90.8,no
CL01323,48,174,2,7,1058,323,si,si,90.2,no
CL01324,50,280,4,2,1408,NA,no,no,96.7,no
CL01325,64,407,6,3,2430,1205,no,si,94.8,no
CL01326,69,39,3,3,671,165,no,no,94.5,no
CL01327,31,196,4,4,2971,1329,no,si,87.4,no
CL01328,34,33,11,1,883,259,si,si,99.3,no
CL01329,51,109,4,4,508,282,si,no,87.6,no
CL01330,67,388,3,8,1070,477,si,no,92.5,no
CL01331,69,355,6,1,1498,642,no,no,93.7,no
CL01332,65,39,3,3,1509,891,no,no,91.6,no
CL01333,46,121,6,4,12710,4462,no,si,98,no
CL01334,62,528,7,3,3453,1394,si,no,89.1,no
CL01335,39,211,3,4,2741,674,no,no,88.4,no
CL01336,27,59,7,5,3475,1860,no,no,88.9,no
CL01337,57,169,4,5,4159,2031,no,si,95.6,no
CL01338,66,183,3,1,677,348,si,no,94,no
CL01339,20,263,6,1,1058,237,si,si,87.9,no
CL01340,53,506,9,3,3437,1756,si,si,90.4,no
CL01341,56,319,4,3,927,298,si,si,87.7,no
CL01342,53,76,8,5,1376,427,no,no,92.5,no
CL01343,64,130,4,3,3791,2158,no,no,89,no
CL01344,39,243,7,3,15294,6193,no,no,88.2,no
CL01345,29,149,4,3,910,218,si,si,91.3,no
CL01346,69,192,6,4,4919,2230,si,no,86.5,no
CL01347,39,83,7,3,367,120,si,no,89.8,no
CL01348,23,76,4,9,754,369,si,no,95.9,no
CL01349,61,34,14,7,3180,1596,si,no,92.2,si
CL01350,22,193,7,6,3177,1340,si,no,90.7,si
CL01351,42,191,7,4,3322,1320,no,no,91.8,no
CL01352,46,445,5,4,773,371,si,no,93,no
CL01353,67,107,3,3,2036,1074,no,si,89.4,no
CL01354,20,23,3,6,1527,754,si,si,89.5,no
CL01355,65,48,5,4,3356,NA,no,si,89.6,no
CL01356,53,40,7,6,154,NA,si,si,95.9,no
CL01357,23,9,2,3,3375,1728,si,no,92.6,no
CL01358,21,153,3,7,930,317,no,si,90.7,no
CL01359,39,133,4,4,1876,878,no,no,86.2,no
CL01360,49,109,6,3,2433,935,si,si,94.9,no
CL01361,41,242,8,4,2671,1597,si,si,91.8,no
CL01362,62,446,8,5,2132,440,no,no,90.8,no
CL01363,32,401,8,3,7960,1739,si,si,92.2,no
CL01364,52,216,10,4,917,357,si,si,90.9,no
CL01365,43,120,5,5,1423,467,si,no,91.2,no
CL01366,51,55,7,6,4691,1842,si,no,85.2,no
CL01367,37,344,8,4,6933,2738,no,no,91.4,no
CL01368,38,1048,6,3,558,293,no,no,89,no
CL01369,21,233,7,6,203,104,si,si,88.4,no
CL01370,27,380,2,5,1055,392,no,no,96.1,no
CL01371,42,181,5,4,785,166,si,no,90.7,no
CL01372,28,139,5,3,734,324,no,si,90.3,no
CL01373,32,256,3,2,718,389,no,no,93.3,no
CL01374,37,215,6,3,11506,2631,si,no,100,no
CL01375,54,176,6,4,16131,7299,no,no,91,si
CL01376,58,170,6,5,527,244,si,si,88.7,no
CL01377,40,150,9,3,1488,817,si,no,89.8,no
CL01378,65,25,6,5,204,111,si,no,95.3,no
CL01379,64,759,5,3,460,104,no,no,91.7,no
CL01380,64,414,7,3,704,268,si,no,98.1,no
CL01381,36,292,10,6,4330,2297,no,no,94,no
CL01382,57,91,6,2,456,272,si,si,91.6,no
CL01383,68,308,13,5,3270,1199,no,no,91.8,no
CL01384,29,13,12,2,289,145,no,no,89.2,no
CL01385,43,118,2,3,12333,4640,si,no,91.7,si
CL01386,28,308,6,3,1207,396,si,no,92.1,no
CL01387,49,215,12,3,3387,NA,no,si,91.7,no
CL01388,32,169,4,4,559,225,no,no,99.2,no
CL01389,24,307,2,2,1882,729,si,no,89.3,no
CL01390,18,271,6,5,1550,517,si,si,91.1,no
CL01391,60,61,6,6,1310,363,si,no,88.1,no
CL01392,39,77,7,1,965,307,no,si,88.1,no
CL01393,64,189,4,5,409,146,si,no,89.6,no
CL01394,61,505,8,3,5785,2890,si,no,90.4,no
CL01395,30,237,7,4,2108,1063,si,si,92.3,no
CL01396,48,168,5,2,412,NA,si,no,88.7,no
CL01397,54,344,4,4,1568,335,no,si,94.4,no
CL01398,28,117,8,8,556,133,si,si,89,no
CL01399,40,83,3,3,1409,763,si,no,99.6,no
CL01400,51,295,9,5,3178,NA,si,si,97.5,no
CL01401,54,148,6,3,1056,402,no,no,92.4,no
CL01402,51,113,6,3,955,495,si,no,93.7,no
CL01403,36,133,6,6,845,397,no,si,93.6,no
CL01404,43,76,7,7,737,321,no,si,93.6,no
CL01405,66,719,8,1,1103,536,no,si,93.5,no
CL01406,31,175,3,3,840,328,no,si,98.6,no
CL01407,42,137,6,6,1786,594,si,no,92.3,no
CL01408,20,397,5,3,6032,1970,no,si,97.3,no
CL01409,65,209,6,6,5724,2992,si,no,93,no
CL01410,46,395,5,4,691,144,no,no,89.3,no
CL01411,69,212,2,5,1787,380,no,no,94.9,no
CL01412,57,213,9,1,5703,2427,si,si,86,no
CL01413,39,133,7,2,2014,711,si,si,92.7,no
CL01414,46,192,6,5,19564,9185,si,no,98.3,si
CL01415,43,1000,4,3,353,169,si,no,89.2,no
CL01416,38,182,10,5,1037,538,no,no,95.3,no
CL01417,58,23,3,3,6476,3691,no,no,90,no
CL01418,67,541,5,5,127,37,no,si,92.1,no
CL01419,36,296,2,4,1328,409,no,si,86,no
CL01420,18,67,5,6,1631,732,si,no,90.9,no
CL01421,48,480,8,2,655,386,si,si,95.3,no
CL01422,62,317,7,9,588,327,no,no,91.1,si
CL01423,18,85,2,4,1662,595,si,no,88.4,no
CL01424,59,77,7,3,5591,NA,no,no,90.6,no
CL01425,61,173,3,2,4448,1822,no,si,90.1,no
CL01426,43,482,9,5,488,NA,si,no,96.5,no
CL01427,18,184,5,5,2425,1374,no,si,96.9,no
CL01428,60,101,6,5,3780,2232,si,no,95.2,no
CL01429,44,214,3,3,1198,425,si,no,92.8,no
CL01430,35,531,7,4,2209,914,no,no,95.8,no
CL01431,68,233,5,5,2784,1277,no,si,91.1,no
CL01432,66,115,4,4,947,541,si,si,91.8,no
CL01433,39,66,2,3,4000,1077,no,no,88.2,no
CL01434,46,43,1,3,5385,3049,si,no,85.9,no
CL01435,53,775,10,2,365,183,no,no,89.1,no
CL01436,59,104,5,7,3892,853,no,no,87.7,no
CL01437,33,236,8,3,5586,2486,si,no,93.8,no
CL01438,27,566,4,5,1740,961,si,no,99.7,si
CL01439,41,477,5,2,780,400,si,no,87.5,no
CL01440,63,72,6,3,4218,2205,no,no,92.1,no
CL01441,67,109,5,5,2254,858,no,no,96.1,no
CL01442,63,370,4,6,2331,535,si,si,85.7,no
CL01443,42,379,7,5,1516,722,si,si,94.9,no
CL01444,49,332,5,5,729,NA,si,si,91.1,no
CL01445,22,37,4,4,2266,845,no,si,89,no
CL01446,45,166,9,3,1542,541,si,no,92.3,no
CL01447,48,153,5,2,274,113,no,no,88.3,no
CL01448,69,340,6,3,2006,576,no,no,92.1,no
CL01449,63,192,8,2,6271,3428,si,no,85.5,no
CL01450,60,45,7,4,3873,2034,no,no,86.7,no
CL01451,39,105,6,6,1192,553,no,no,91.7,no
CL01452,57,512,6,2,3613,819,no,no,94.1,no
CL01453,65,456,1,3,4624,2482,si,si,89,si
CL01454,29,141,8,2,3030,1348,no,si,92,no
CL01455,32,155,8,3,4910,1865,si,no,94.4,si
CL01456,39,52,11,4,1364,633,no,no,92.2,no
CL01457,51,49,8,2,360,176,no,si,99.1,no
CL01458,28,254,4,3,327,186,si,si,90.4,no
CL01459,20,400,6,1,2581,1116,si,si,92.2,no
CL01460,41,323,5,7,2089,811,no,no,92.6,no
CL01461,37,79,5,3,4687,2256,si,no,94.4,no
CL01462,20,41,7,2,773,170,no,no,97.3,no
CL01463,64,182,6,3,1476,335,no,si,93.5,no
CL01464,26,568,8,5,3040,1782,no,no,99.3,no
CL01465,49,128,8,4,5015,1659,no,si,92.3,no
CL01466,51,249,2,3,1180,355,si,no,88,no
CL01467,68,289,1,1,198,NA,si,si,89.8,no
CL01468,52,316,4,5,8815,NA,no,si,93.2,no
CL01469,27,51,9,5,309,NA,no,no,88.2,no
CL01470,64,79,8,4,6137,1491,si,si,86.8,no
CL01471,64,203,9,3,292,86,si,no,89.8,no
CL01472,56,102,8,2,33847,18724,si,no,97.3,si
CL01473,45,197,10,4,3557,2107,si,no,97.5,no
CL01474,49,454,12,6,1914,512,si,no,86,no
CL01475,25,372,5,2,2128,1126,no,no,86.6,no
CL01476,23,44,9,7,6401,3209,si,no,94.9,no
CL01477,60,164,8,2,264,103,no,si,89.8,no
CL01478,23,370,6,5,1814,415,si,si,97.3,no
CL01479,28,133,16,4,4285,NA,si,si,88.8,no
CL01480,24,121,6,8,3827,1877,si,no,92.6,si
CL01481,26,349,1,1,1007,NA,si,si,91.6,no
CL01482,43,315,4,3,1200,579,no,no,94.6,no
CL01483,27,315,3,4,774,287,si,si,91.7,no
CL01484,41,837,8,3,1493,349,si,no,91.4,no
CL01485,28,38,2,3,3001,940,no,no,89.5,no
CL01486,68,96,7,2,2187,793,si,no,91.6,no
CL01487,58,38,5,2,848,507,no,no,90.3,no
CL01488,41,215,4,2,2011,760,si,no,94.3,no
CL01489,53,363,1,3,547,238,si,si,87.7,no
CL01490,42,320,3,5,8765,1791,si,no,90.2,no
CL01491,46,35,6,2,3480,1939,si,no,95.4,no
CL01492,55,169,7,6,3640,884,si,no,92.8,no
CL01493,30,117,4,2,1389,314,si,si,92.6,no
CL01494,66,388,8,3,596,293,no,si,95.4,no
CL01495,29,21,2,5,1488,452,si,si,92,no
CL01496,66,226,5,5,678,288,no,si,91.3,no
CL01497,45,71,7,3,397,138,si,no,95.2,no
CL01498,19,71,10,4,500,171,no,no,87.7,no
CL01499,20,165,6,5,2621,636,si,si,89,si
CL01500,25,302,8,4,1724,927,si,no,86.2,no
CL01501,20,181,4,5,3980,1411,no,si,95.3,no
CL01502,65,95,7,5,453,243,no,no,93.1,no
CL01503,32,418,3,4,1583,671,no,si,85.3,si
CL01504,43,587,6,8,8685,4714,no,no,90.7,no
CL01505,20,136,11,5,920,472,no,no,89.5,no
CL01506,20,205,3,3,755,413,no,no,88.7,no
CL01507,60,304,9,5,595,143,si,no,89.5,si
CL01508,51,283,8,6,862,428,no,si,96.7,no
CL01509,38,225,5,6,1838,697,no,no,86.6,no
CL01510,67,238,9,5,13318,6081,no,no,94.5,si
CL01511,21,136,5,3,1595,703,no,no,89.6,no
CL01512,58,79,10,3,7770,3694,no,no,93.6,si
CL01513,61,165,6,3,2026,475,si,no,82.7,no
CL01514,22,231,4,3,3695,1387,si,no,95.2,no
CL01515,66,590,5,3,3179,1490,no,no,93.6,si
CL01516,42,118,6,3,2021,972,si,si,94.6,no
CL01517,22,218,5,2,3547,1270,si,no,88,si
CL01518,62,139,6,6,2605,795,si,no,89.4,no
CL01519,45,106,8,2,4739,1248,si,no,94.9,no
CL01520,61,474,4,8,755,400,no,no,89.3,no
CL01521,32,374,6,4,2927,1244,si,no,98.8,si
CL01522,66,636,6,7,194,41,si,no,96.9,no
CL01523,27,104,4,1,4706,1583,si,si,94.4,no
CL01524,41,99,2,3,179,80,si,no,89.9,no
CL01525,35,229,7,4,2729,903,si,si,96.9,no
CL01526,21,615,3,3,1000,NA,no,si,83.9,no
CL01527,39,126,8,5,3940,2263,si,no,86,si
CL01528,67,339,13,6,2555,NA,no,no,97.9,no
CL01529,31,411,8,4,6662,3327,no,no,92.1,si
CL01530,20,516,7,5,5658,3360,no,no,87,si
CL01531,61,577,5,7,2947,688,no,si,91.9,no
CL01532,24,180,3,5,1002,415,si,no,98.5,no
CL01533,41,353,7,1,1415,340,si,no,90.9,no
CL01534,59,155,5,3,21017,7296,si,no,88.4,no
CL01535,19,317,8,2,2408,881,si,no,92.5,no
CL01536,67,133,9,6,13597,5571,si,si,92.9,si
CL01537,27,317,8,3,1076,237,si,no,90.4,no
CL01538,20,299,5,7,295,82,no,si,86.7,no
CL01539,56,132,3,2,10769,2977,si,no,89.8,no
CL01540,42,40,8,1,5439,2378,si,si,88.2,no
CL01541,30,63,7,5,220,62,no,si,99,no
CL01542,32,105,5,2,1467,523,no,si,88.9,no
CL01543,40,89,4,4,7507,2856,no,si,90.5,no
CL01544,25,55,6,8,1771,938,si,no,95.2,no
CL01545,39,65,7,3,1495,479,si,no,90.1,si
CL01546,58,221,6,5,492,203,si,no,88,no
CL01547,56,369,3,6,517,250,si,no,96.8,no
CL01548,43,164,5,1,549,115,no,si,98,no
CL01549,43,593,4,3,429,92,si,no,98.5,no
CL01550,42,238,3,5,3389,923,no,no,90.1,si
CL01551,63,90,8,3,9437,2041,no,no,96.9,no
CL01552,44,103,7,2,964,315,no,no,88.2,no
CL01553,42,335,4,3,4138,NA,no,si,99.8,no
CL01554,58,154,3,5,3278,1624,si,no,96.6,no
CL01555,27,263,5,3,420,241,no,no,94.6,no
CL01556,33,197,5,6,1420,735,no,no,93.7,no
CL01557,44,109,3,2,1845,679,si,no,88.1,no
CL01558,41,153,5,5,997,243,si,no,84.6,no
CL01559,47,212,4,4,2735,1243,si,si,88.9,no
CL01560,58,100,4,8,2315,838,si,si,91.7,no
CL01561,19,268,2,4,13293,5649,si,si,92.9,no
CL01562,68,52,10,3,255,150,si,si,90.6,no
CL01563,46,122,7,2,430,163,si,no,99.3,no
CL01564,23,108,5,3,34272,11431,si,no,92.5,no
CL01565,70,34,9,4,1450,730,si,no,99.2,no
CL01566,42,174,2,4,820,336,no,no,96.3,no
CL01567,69,327,7,6,861,458,no,si,89.4,si
CL01568,27,79,1,7,1820,1044,no,no,96.7,si
CL01569,37,258,7,4,1705,663,si,si,96.9,no
CL01570,40,139,7,1,3828,1555,si,no,88.2,no
CL01571,30,207,4,2,2108,NA,si,si,93.3,no
CL01572,56,123,3,6,1943,813,no,no,91.9,no
CL01573,41,144,2,3,395,126,si,no,84.5,no
CL01574,59,174,5,3,1752,944,si,no,98.8,no
CL01575,58,367,5,10,3035,1731,si,no,93.4,no
CL01576,23,177,4,2,1370,579,si,no,94.1,no
CL01577,46,247,8,1,2730,NA,si,no,91.6,no
CL01578,20,86,5,5,991,261,si,no,96.1,si
CL01579,25,324,7,2,449,122,si,si,92,no
CL01580,44,149,8,2,2165,1263,si,no,99.6,no
CL01581,43,194,4,6,2991,769,si,si,88.8,no
CL01582,41,46,3,3,985,231,si,no,92,no
CL01583,69,119,3,2,841,454,no,si,93.6,no
CL01584,41,38,4,4,6293,2501,si,no,95.4,no
CL01585,21,155,7,4,469,180,no,si,95.3,no
CL01586,68,108,1,4,2007,567,si,no,101.7,no
CL01587,60,162,9,4,1602,352,no,no,95.1,no
CL01588,58,92,5,4,3032,1007,si,no,100.2,no
CL01589,62,246,7,3,1186,579,si,no,91,no
CL01590,32,103,4,6,1382,757,si,si,97,no
CL01591,27,522,5,3,14491,4848,no,si,96.9,no
CL01592,41,119,7,2,1278,542,no,si,93.1,no
CL01593,49,73,4,2,1725,593,si,si,88,no
CL01594,69,323,6,4,2244,1328,si,si,94,no
CL01595,19,165,2,8,1817,776,si,no,94.9,no
CL01596,62,260,8,5,1579,393,no,no,83.6,no
CL01597,47,184,6,3,581,244,si,no,93.3,no
CL01598,44,124,13,2,662,273,si,si,90.5,no
CL01599,68,46,3,4,1347,593,si,si,87.6,no
CL01600,36,354,8,4,1407,341,si,si,83.8,si
CL01601,63,362,9,4,436,241,si,si,88.1,no
CL01602,50,34,7,3,447,127,si,si,88.7,no
CL01603,26,153,6,6,967,440,si,no,90.4,no
CL01604,19,185,6,1,5980,2589,no,no,91.7,no
CL01605,36,125,2,3,1759,877,si,no,91.2,no
CL01606,38,97,2,4,5139,1728,no,no,94.2,no
CL01607,68,678,6,4,1525,326,si,no,91.4,no
CL01608,41,475,7,4,1819,413,si,si,87.2,no
CL01609,61,516,8,3,797,224,si,no,92.6,no
CL01610,64,450,4,2,3533,2111,no,si,90.7,no
CL01611,65,152,2,4,9390,2492,no,si,85.8,no
CL01612,19,276,5,3,2480,1136,no,no,94.3,no
CL01613,65,403,5,3,2129,1054,si,si,100.6,no
CL01614,23,98,4,6,5807,2999,no,no,95.1,si
CL01615,20,136,5,6,2063,1084,no,no,89.6,si
CL01616,43,107,4,2,510,216,si,no,85,no
CL01617,55,352,1,5,875,267,no,no,97.4,no
CL01618,19,301,5,2,4501,2618,si,no,95.9,no
CL01619,45,75,1,1,8255,2416,si,no,92.7,no
CL01620,39,62,3,4,696,275,si,no,87.8,no
CL01621,32,209,6,7,9974,3916,no,si,90.4,no
CL01622,68,61,7,6,128,73,no,si,86.1,no
CL01623,31,325,10,5,2768,1548,si,no,85.3,no
CL01624,23,705,4,7,1100,579,si,no,90,no
CL01625,42,153,6,3,3267,890,si,no,92.7,no
CL01626,44,231,5,2,850,304,no,si,85.3,no
CL01627,20,271,2,4,1174,618,no,no,94.4,no
CL01628,47,167,7,8,3084,781,si,no,91.5,no
CL01629,50,73,10,5,1737,585,no,si,84.6,no
CL01630,50,110,6,2,572,199,no,no,95.7,no
CL01631,55,131,10,3,3642,1989,no,si,90.3,no
CL01632,58,414,9,1,10308,4682,no,no,91.9,no
CL01633,62,82,8,3,6176,2916,si,si,91.8,no
CL01634,44,113,4,5,3589,1590,si,no,88.1,no
CL01635,22,541,8,4,3406,2021,no,no,92.3,no
CL01636,63,115,10,2,979,363,si,si,94.6,no
CL01637,32,156,11,4,766,384,no,no,94.6,no
CL01638,50,403,7,1,1553,783,no,si,91.3,no
CL01639,28,105,7,3,2183,969,si,no,94.5,no
CL01640,41,264,6,4,454,217,si,no,89.4,no
CL01641,47,378,2,6,3503,1297,si,no,90.1,si
CL01642,31,307,3,4,1698,366,si,no,94.9,no
CL01643,40,217,3,3,700,389,si,no,95.2,no
CL01644,20,733,6,7,1459,789,no,no,85.9,no
CL01645,70,836,6,2,2533,1434,si,no,86,no
CL01646,19,464,7,6,4703,2052,no,si,96,no
CL01647,35,82,5,5,2521,1039,no,no,90.8,no
CL01648,61,617,4,6,463,121,si,no,85.1,no
CL01649,26,401,4,7,958,506,si,no,85,no
CL01650,56,273,4,5,269,81,si,no,94.5,no
CL01651,60,172,8,5,3600,804,no,no,93.3,no
CL01652,42,157,6,4,342,203,no,no,100.3,no
CL01653,19,95,9,5,5317,1992,si,si,86.6,no
CL01654,41,71,7,4,780,NA,si,no,87.5,no
CL01655,63,127,7,3,593,164,no,si,89.7,no
CL01656,54,163,4,3,222,52,no,no,91.3,no
CL01657,69,393,6,2,959,380,si,si,94.7,no
CL01658,53,151,6,2,2989,1084,no,si,87.8,no
CL01659,37,243,2,4,980,413,si,no,90.7,no
CL01660,45,182,8,4,2413,582,si,no,96.2,no
CL01661,66,176,4,3,315,129,si,si,95.5,no
CL01662,42,237,13,4,2017,567,no,no,92.9,no
CL01663,34,662,6,5,5094,1173,si,no,94.7,no
CL01664,69,831,8,1,4258,1991,no,si,85.8,no
CL01665,65,90,10,2,493,153,no,no,92.7,no
CL01666,61,171,6,6,871,450,no,si,91.4,no
CL01667,66,251,7,7,1532,635,no,si,90.6,no
CL01668,63,189,9,5,360,214,si,no,92.5,no
CL01669,56,885,8,4,3327,1750,si,no,97.3,no
CL01670,21,404,5,2,1857,772,no,si,89,si
CL01671,59,98,3,6,7275,3736,si,si,94.1,no
CL01672,60,89,2,3,2271,1361,si,si,90.9,no
CL01673,56,346,6,1,4137,1484,si,no,96,no
CL01674,24,183,7,3,1991,932,no,si,89.9,no
CL01675,64,677,9,3,2601,1086,no,si,98.4,no
CL01676,29,139,9,1,564,239,si,si,89.5,no
CL01677,65,176,3,6,2356,990,no,no,95,no
CL01678,54,36,4,7,2980,1394,si,si,88.4,no
CL01679,36,187,7,6,2005,937,si,no,93.3,no
CL01680,68,223,9,3,1358,716,si,si,93.3,no
CL01681,35,295,4,6,1252,683,no,no,87.6,no
CL01682,69,8,2,5,5313,2535,si,no,97.5,no
CL01683,22,357,7,1,1806,439,no,no,96.9,no
CL01684,61,291,6,2,814,337,no,no,90.8,no
CL01685,38,173,6,5,657,294,si,no,93.2,no
CL01686,60,313,10,4,2023,1111,no,no,92.8,no
CL01687,55,58,3,4,303,70,no,no,88.3,no
CL01688,46,151,9,5,4113,2321,si,si,93.7,si
CL01689,44,72,5,3,1898,682,si,no,90.1,no
CL01690,36,9,7,3,1466,318,no,no,89.2,no
CL01691,69,43,6,4,833,174,si,si,91.2,no
CL01692,54,192,6,5,747,386,no,si,90.4,no
CL01693,49,397,7,4,2100,849,si,si,90.3,no
CL01694,66,201,5,5,4916,2034,si,no,96.9,no
CL01695,48,141,9,5,3355,1039,si,no,92.2,no
CL01696,44,67,2,3,1686,655,no,no,90.6,no
CL01697,68,201,4,1,189,96,si,si,90.6,no
CL01698,54,179,7,6,1062,468,si,no,90.5,no
CL01699,41,214,6,3,751,377,si,si,99.3,no
CL01700,69,419,3,6,8558,4679,no,no,99.4,no
CL01701,25,121,4,3,1198,NA,no,no,86.2,no
CL01702,63,386,4,5,5576,3019,no,no,90.5,no
CL01703,38,42,2,5,3545,NA,no,no,88.7,no
CL01704,56,54,9,2,1571,689,si,si,92,si
CL01705,19,202,7,4,162,43,no,no,87.9,no
CL01706,35,174,4,5,2820,841,si,no,92,no
CL01707,55,119,7,3,705,268,no,no,93.5,no
CL01708,37,14,5,3,2090,1037,si,no,96.8,no
CL01709,58,315,5,2,6277,2580,si,no,93.1,no
CL01710,63,193,8,3,1099,270,no,no,96.3,no
CL01711,69,433,4,7,437,212,si,si,101.8,no
CL01712,43,110,7,3,1277,763,si,no,88.3,no
CL01713,24,218,4,1,868,205,no,no,86.9,no
CL01714,40,14,4,4,3941,1103,si,no,91.3,no
CL01715,46,85,13,4,3999,1356,si,no,93.8,si
CL01716,47,374,12,5,959,496,no,no,93.8,no
CL01717,69,84,7,7,1688,419,no,si,94.8,si
CL01718,59,41,4,3,759,309,si,si,91.1,no
CL01719,45,546,1,4,1219,439,no,si,92.5,no
CL01720,41,319,4,2,443,149,si,no,88.7,no
CL01721,33,472,6,4,1400,767,no,no,88.6,si
CL01722,29,134,3,6,2629,1209,no,no,94.3,no
CL01723,23,271,8,5,1050,320,si,no,103.5,no
CL01724,67,143,7,8,232,73,no,no,96.7,no
CL01725,21,104,9,3,1730,789,si,si,86.5,no
CL01726,47,836,4,5,1339,407,no,no,89.9,no
CL01727,33,116,8,3,4537,2067,no,si,89.2,no
CL01728,52,314,6,4,5361,2885,no,no,94.4,no
CL01729,51,143,3,5,595,305,si,si,91.2,no
CL01730,31,170,6,3,1863,408,si,no,95.3,no
CL01731,70,48,9,4,1795,482,si,si,91.3,no
CL01732,46,9,11,5,2600,793,si,no,88.9,si
CL01733,41,631,7,10,1449,393,no,no,93,si
CL01734,51,111,7,5,949,426,si,no,89.6,no
CL01735,19,429,10,2,3753,819,si,si,93.2,no
CL01736,35,342,5,3,6683,3880,si,no,94.9,no
CL01737,44,65,6,4,1310,310,si,no,85.9,no
CL01738,54,541,5,3,721,406,si,no,87.3,no
CL01739,37,576,7,3,2866,1167,no,no,95.2,no
CL01740,68,110,6,2,4740,1767,si,si,85,no
CL01741,42,180,6,2,443,250,no,no,89.9,no
CL01742,30,223,5,6,3132,728,si,si,96.8,no
CL01743,55,347,7,1,7346,NA,si,si,90.7,no
CL01744,33,348,6,4,1861,717,si,si,98,no
CL01745,21,179,8,5,1140,435,no,si,91.9,no
CL01746,23,238,6,6,6316,2929,no,no,96.7,no
CL01747,59,207,4,2,1328,335,no,no,92.6,no
CL01748,63,583,4,4,1795,364,si,si,91.9,no
CL01749,23,286,11,3,1178,516,si,no,93.4,no
CL01750,54,292,4,6,8849,4012,no,no,87.9,no
CL01751,30,222,5,4,2162,630,si,no,94.8,no
CL01752,22,74,3,6,1487,889,si,no,93.1,no
CL01753,34,241,5,6,6429,2191,si,no,91.3,no
CL01754,41,189,5,2,498,137,si,no,97.5,no
CL01755,27,313,6,4,3408,2017,no,no,98.9,no
CL01756,31,294,12,6,3383,1116,no,si,92.5,no
CL01757,69,126,7,5,1298,610,no,si,92.2,no
CL01758,59,189,5,2,3005,1231,si,no,93.9,no
CL01759,49,54,4,3,6736,3486,no,si,88.5,no
CL01760,22,58,6,5,1432,468,si,si,89.8,no
CL01761,70,209,6,1,1652,621,si,si,92,no
CL01762,58,39,4,3,3860,1791,si,no,93,no
CL01763,43,716,11,3,1871,890,no,no,93.8,no
CL01764,49,49,8,6,5135,1411,no,si,92.7,no
CL01765,69,268,7,6,111,53,si,si,92,no
CL01766,24,29,7,2,1951,816,no,no,84.7,no
CL01767,62,395,6,5,7394,2281,si,si,88.5,si
CL01768,40,207,8,3,2470,1130,no,si,95.9,no
CL01769,21,297,6,5,1918,504,si,si,95.9,no
CL01770,28,120,10,1,3587,2050,si,no,94.2,no
CL01771,37,614,9,5,372,108,si,no,91.2,no
CL01772,56,190,3,4,1700,368,si,si,86.6,no
CL01773,31,211,5,3,3078,822,no,no,98.2,no
CL01774,59,161,1,2,2170,756,no,si,95.8,no
CL01775,69,270,9,3,1799,914,no,si,91.8,no
CL01776,37,77,11,4,1450,638,si,no,91.8,si
CL01777,37,137,5,5,3118,959,si,si,87.2,si
CL01778,43,312,4,4,1320,505,si,no,92.2,no
CL01779,46,95,9,5,1649,566,si,no,92.5,no
CL01780,43,70,5,2,2749,1162,no,si,93.3,no
CL01781,18,146,5,3,1792,545,no,si,91.7,no
CL01782,57,224,3,4,954,435,si,no,94.1,no
CL01783,38,305,11,5,13066,2886,si,no,87.6,si
CL01784,53,405,8,4,125,NA,si,no,95.5,no
CL01785,26,261,4,4,504,225,no,si,95.2,no
CL01786,43,194,7,3,389,85,si,no,92.4,no
CL01787,67,37,17,4,1390,329,si,si,88.8,si
CL01788,43,104,5,4,683,231,si,no,88.8,no
CL01789,46,211,2,2,1007,545,si,si,91.9,no
CL01790,27,341,6,2,371,142,no,no,92.5,no
CL01791,35,76,9,2,1968,988,si,no,90.8,no
CL01792,53,165,3,5,35322,20499,no,no,96.4,si
CL01793,56,120,6,3,782,467,no,no,87.3,no
CL01794,38,292,4,3,1153,675,si,no,98.4,no
CL01795,56,121,12,3,624,360,no,no,95.8,no
CL01796,56,68,9,4,456,169,si,no,91.7,no
CL01797,60,152,1,2,4965,2629,si,si,95.7,no
CL01798,68,281,8,4,3602,NA,no,no,88.2,no
CL01799,62,242,8,4,863,227,si,no,90,no
CL01800,23,232,5,3,1875,NA,si,no,83.7,no
CL01801,66,577,7,2,7546,3912,si,si,94.3,no
CL01802,69,82,3,6,3002,1658,si,si,94.4,no
CL01803,30,21,6,4,2266,782,no,no,96,no
CL01804,45,129,7,2,5466,2717,si,no,95.9,no
CL01805,43,879,5,3,5271,1408,si,si,87.8,si
CL01806,67,315,4,3,13150,7336,si,no,95.3,si
CL01807,56,409,7,5,5713,2758,si,no,94.7,no
CL01808,35,754,6,3,4417,2637,no,si,93.2,no
CL01809,33,334,5,3,2116,1090,si,no,91.3,no
CL01810,49,755,8,1,2112,1177,si,no,91.8,no
CL01811,56,85,6,5,783,211,si,no,96.7,no
CL01812,20,203,7,7,292,166,no,si,94.4,no
CL01813,37,355,4,3,1407,842,si,no,89.4,no
CL01814,37,83,5,2,474,210,no,no,88.9,no
CL01815,26,287,4,4,2170,641,si,si,92.5,si
CL01816,60,167,6,1,1248,334,si,no,94.8,no
CL01817,42,273,10,4,2513,698,si,si,97.4,si
CL01818,23,86,3,3,1054,358,no,no,89.9,no
CL01819,53,227,4,2,1485,470,no,no,84.3,no
CL01820,34,107,4,5,1165,532,si,si,89.7,no
CL01821,61,19,7,4,1402,301,no,si,94.7,no
CL01822,37,296,6,4,3207,815,si,si,94,no
CL01823,68,699,3,5,7333,2146,no,no,88.7,no
CL01824,46,260,2,2,773,321,si,no,93.9,no
CL01825,66,699,6,5,2865,707,si,no,85.6,no
CL01826,47,182,9,3,1866,742,no,no,95.1,no
CL01827,62,292,10,5,7443,2036,si,no,82.9,si
CL01828,36,256,8,4,2440,1316,no,no,91.6,si
CL01829,52,171,3,3,632,264,si,si,94,no
CL01830,32,562,7,3,991,503,no,si,94.5,no
CL01831,64,130,3,10,5780,3204,no,no,84.9,no
CL01832,62,269,5,4,977,524,si,si,100.5,no
CL01833,27,421,4,6,1786,800,si,no,93.4,no
CL01834,48,101,10,2,2308,NA,no,no,96.3,no
CL01835,65,523,6,4,1542,851,si,no,94,no
CL01836,31,103,9,2,1999,802,si,si,95.5,no
CL01837,41,195,3,2,5800,2935,si,no,88.9,no
CL01838,57,721,4,5,2851,1054,no,no,91.8,no
CL01839,41,466,5,2,792,391,si,no,84.2,no
CL01840,66,320,8,4,439,142,no,no,93.2,no
CL01841,18,408,9,4,1103,280,no,si,87.4,no
CL01842,21,213,7,4,2474,1162,no,no,94.9,no
CL01843,39,146,4,7,5207,1428,no,no,92.4,no
CL01844,64,273,7,3,2840,895,no,no,88.4,no
CL01845,58,44,5,3,4261,1911,si,si,91.8,no
CL01846,19,96,4,3,950,NA,no,si,95.3,no
CL01847,28,112,8,2,924,289,si,no,89.6,no
CL01848,53,163,7,2,1297,611,si,no,89.7,no
CL01849,67,250,7,4,2432,936,no,no,97.6,no
CL01850,63,375,8,4,982,583,si,no,96.9,no
CL01851,28,293,8,3,302,93,si,si,94.4,no
CL01852,25,391,8,5,454,223,si,no,95.5,no
CL01853,56,93,4,5,4941,NA,no,si,91.1,no
CL01854,69,141,9,2,4247,1876,si,no,86.2,no
CL01855,27,119,5,8,7050,3690,no,si,86.8,no
CL01856,24,205,5,5,603,140,si,no,90.9,no
CL01857,22,38,3,6,1554,774,no,no,82.5,no
CL01858,30,124,2,6,561,227,si,no,88.9,no
CL01859,68,144,6,5,3513,1326,si,no,90.5,no
CL01860,42,170,4,3,2395,531,si,no,93.2,no
CL01861,52,55,11,2,2432,1075,no,no,94.3,no
CL01862,40,521,7,3,1160,487,si,no,87.8,no
CL01863,70,106,9,8,1894,623,si,si,96.1,no
CL01864,31,373,4,3,2850,666,si,no,99.4,no
CL01865,33,108,4,2,981,378,si,no,93.1,no
CL01866,33,177,8,1,1755,810,no,si,83.7,no
CL01867,36,665,4,10,4980,2320,si,si,83.8,no
CL01868,19,145,5,3,1198,243,no,no,88.3,no
CL01869,39,361,5,3,2106,773,si,no,90.5,no
CL01870,34,168,6,4,2115,470,no,si,90.6,no
CL01871,54,175,7,2,3589,2055,no,si,99.7,no
CL01872,41,108,4,4,731,204,no,no,94,no
CL01873,60,245,4,3,1467,701,si,si,88,no
CL01874,65,348,6,1,1153,388,no,si,103.5,no
CL01875,60,294,5,3,11007,2452,si,si,91.2,no
CL01876,24,68,6,3,2318,915,si,no,91.9,no
CL01877,24,250,8,4,6082,2808,si,no,88.4,no
CL01878,30,129,4,2,700,193,si,si,93.3,no
CL01879,40,178,9,4,2589,913,si,no,93.2,no
CL01880,52,139,7,3,170,58,si,no,91.9,si
CL01881,40,67,5,3,3537,1231,si,si,97.2,no
CL01882,40,277,8,4,2446,1364,no,no,98.6,no
CL01883,38,207,1,7,1337,270,si,si,87.6,no
CL01884,34,917,8,2,2104,921,si,no,92.6,no
CL01885,29,502,4,3,405,109,si,si,93.9,no
CL01886,32,154,6,6,4932,1451,no,no,84.6,no
CL01887,60,515,3,9,4103,1819,si,si,94.7,no
CL01888,62,110,4,6,1607,343,si,no,90.3,no
CL01889,24,17,5,6,814,429,no,no,93.1,no
CL01890,48,510,6,6,12137,4257,si,no,89.9,no
CL01891,53,111,9,4,365,138,no,si,87.2,no
CL01892,26,81,6,4,4097,838,si,si,96.2,no
CL01893,24,215,4,2,2531,NA,no,si,95.1,no
CL01894,22,331,7,2,759,339,si,si,96.2,no
CL01895,58,122,5,5,409,197,no,no,105.8,no
CL01896,40,1039,3,2,1034,325,si,si,89.7,no
CL01897,48,137,6,4,2767,1318,si,si,90.4,no
CL01898,32,95,4,3,3228,1902,no,si,95.8,no
CL01899,53,490,6,4,4176,1384,si,no,94.4,no
CL01900,58,134,6,5,544,220,no,si,94,no
CL01901,28,83,3,4,430,104,no,si,91.3,no
CL01902,64,513,10,3,2555,623,no,no,94.3,no
CL01903,47,185,7,2,325,177,no,no,94.8,no
CL01904,28,232,7,3,1039,566,si,si,90.1,no
CL01905,19,158,4,5,1106,370,si,no,90.7,no
CL01906,44,227,3,5,916,309,no,no,99.6,si
CL01907,50,219,9,4,2270,1314,si,no,90,no
CL01908,62,279,0,5,3153,1582,no,no,89.8,no
CL01909,46,308,4,4,2566,NA,si,si,97.4,no
CL01910,58,119,8,4,12550,NA,si,no,97.7,si
CL01911,63,86,6,4,593,288,no,si,92.7,no
CL01912,43,381,12,5,5606,3232,no,si,95.3,no
CL01913,29,513,12,1,1207,496,no,no,90.2,no
CL01914,47,31,4,3,16599,7090,no,no,95.9,no
CL01915,36,208,5,4,2331,1331,no,no,90.1,no
CL01916,22,375,5,2,3664,1156,si,no,96.8,no
CL01917,68,101,6,2,3862,NA,si,no,96.3,no
CL01918,55,88,3,5,1035,257,no,no,86.4,si
CL01919,59,344,5,1,3414,1385,si,no,85.2,no
CL01920,62,348,7,5,364,146,no,si,85.3,no
CL01921,27,129,10,5,5179,2536,si,si,94.4,no
CL01922,26,221,7,8,309,141,no,no,89.6,no
CL01923,69,158,6,5,2191,762,si,no,93.2,no
CL01924,64,596,1,4,2868,1552,si,no,97.1,no
CL01925,23,351,6,6,593,182,si,no,96.4,no
CL01926,20,489,3,3,6377,2218,si,si,99,no
CL01927,33,90,2,2,1403,NA,no,si,102.8,no
CL01928,52,354,10,4,1000,538,no,si,93.1,no
CL01929,58,38,3,3,2242,462,no,no,89.6,no
CL01930,36,61,4,2,3389,836,si,si,99.3,no
CL01931,22,359,6,1,370,140,no,no,89.1,no
CL01932,43,107,8,3,1454,530,si,si,91.3,no
CL01933,26,122,9,2,1424,456,no,no,91.5,si
CL01934,57,211,7,5,1330,286,no,si,99.1,no
CL01935,69,242,5,7,1524,861,no,si,95,no
CL01936,24,197,3,7,741,183,no,no,93.5,no
CL01937,63,355,6,4,1945,NA,no,si,91.6,no
CL01938,70,194,2,1,3680,945,si,no,86.4,no
CL01939,60,199,5,5,934,192,si,no,91.1,no
CL01940,29,287,7,6,402,164,no,si,88.3,no
CL01941,51,434,5,4,3496,NA,si,no,93.5,no
CL01942,69,79,7,4,1618,958,si,si,89.1,no
CL01943,19,151,5,6,6685,3109,no,si,91.7,no
CL01944,46,157,5,1,240,142,no,no,100,no
CL01945,44,75,10,2,5092,1089,si,no,90.6,si
CL01946,55,236,4,3,790,406,si,si,99.2,no
CL01947,41,51,5,2,2764,1376,no,no,95.7,no
CL01948,55,145,1,6,1080,488,no,si,91.7,no
CL01949,35,170,4,6,1142,343,si,si,92.8,no
CL01950,66,142,4,5,1422,499,no,no,98.8,no
CL01951,42,159,8,2,2014,1156,no,si,95.5,no
CL01952,23,431,9,6,1030,298,no,si,90.9,no
CL01953,43,172,12,4,4028,2131,si,si,97.9,no
CL01954,50,52,11,4,5130,1951,no,si,85.6,no
CL01955,53,87,7,4,18512,5925,si,no,93.3,si
CL01956,54,306,3,4,2128,1066,si,si,94.9,no
CL01957,54,296,8,3,5548,1386,si,no,94.4,no
CL01958,46,302,6,5,704,417,no,no,93.7,no
CL01959,60,267,3,6,751,368,no,si,98.2,no
CL01960,31,34,10,5,1015,511,si,si,87.7,si
CL01961,20,187,7,3,2352,856,no,no,86.2,no
CL01962,41,193,5,2,601,244,si,no,87.9,no
CL01963,42,202,2,6,4259,1491,no,no,80.8,no
CL01964,37,17,8,3,819,470,no,no,93.1,no
CL01965,31,181,1,4,3981,1816,si,si,93.2,no
CL01966,52,117,8,3,5511,2051,no,no,96.4,no
CL01967,20,225,11,8,225,132,si,si,89.9,no
CL01968,40,88,8,4,1508,789,no,no,89,no
CL01969,18,115,8,5,3950,1602,no,si,88.8,no
CL01970,55,86,5,3,1158,275,si,no,98.9,no
CL01971,20,342,6,3,4311,964,si,no,92.4,no
CL01972,19,140,9,8,2223,NA,si,si,88.6,no
CL01973,44,191,5,5,2259,768,no,no,90.6,no
CL01974,60,73,7,7,1661,360,no,no,93.4,no
CL01975,58,276,8,6,1411,685,no,no,89.4,no
CL01976,25,108,4,6,3524,1694,no,no,93.4,si
CL01977,37,540,9,7,657,288,no,no,96.1,no
CL01978,49,54,5,4,1326,604,si,no,90.1,no
CL01979,29,853,3,2,982,246,no,no,91.8,no
CL01980,32,71,6,7,2750,1383,no,no,85.9,si
CL01981,56,212,9,3,4215,1963,no,no,90,no
CL01982,49,474,6,4,515,NA,si,si,93.1,no
CL01983,51,220,9,4,2182,722,no,no,95.1,no
CL01984,52,260,5,3,8596,4909,si,si,85.1,no
CL01985,61,436,6,4,3318,698,si,si,94.8,no
CL01986,28,335,11,7,1472,868,si,si,92.3,no
CL01987,53,598,11,6,1527,666,si,no,92.6,no
CL01988,36,192,6,4,5058,1783,si,si,95.4,no
CL01989,68,88,8,7,214,86,no,no,88.3,si
CL01990,60,715,10,2,2439,833,si,no,94.2,no
CL01991,55,830,10,7,3221,1630,si,no,86.3,no
CL01992,48,226,9,4,2314,965,no,no,92.3,no
CL01993,49,85,6,6,1807,1040,no,si,91.3,no
CL01994,53,167,3,4,361,126,no,si,92.8,no
CL01995,68,487,12,3,3398,1760,si,no,96.4,no
CL01996,42,148,4,7,2157,998,no,si,92.9,no
CL01997,43,345,9,5,15962,5098,no,si,95.2,si
CL01998,58,520,5,2,7344,3623,si,si,96,no
CL01999,41,309,6,4,2433,1102,si,si,88.7,no
CL02000,65,364,6,6,1834,399,si,no,92.4,no
CL02001,59,95,6,5,5461,1158,si,no,92.4,si
CL02002,60,55,7,2,339,129,si,no,92,no
CL02003,36,157,12,5,723,346,si,si,95,no
CL02004,26,66,5,1,1758,435,si,si,91.4,no
CL02005,30,183,7,3,2564,794,si,no,85.3,no
CL02006,53,530,7,5,503,110,si,no,90.9,no
CL02007,67,255,9,4,4450,1903,no,si,98.7,no
CL02008,55,181,9,3,4412,2493,si,si,89.9,no
CL02009,33,403,12,3,1261,626,si,si,91.9,no
CL02010,48,391,11,6,3166,1573,si,si,89.4,no
CL02011,43,178,6,5,325,84,no,no,93.4,no
CL02012,51,434,7,3,416,230,no,no,95.7,no
CL02013,38,207,7,4,2737,1141,si,no,84.3,no
CL02014,63,151,8,5,3878,1819,si,no,91.3,no
CL02015,51,88,9,4,1469,345,no,si,88.8,no
CL02016,40,40,8,2,1316,663,no,no,91.8,no
CL02017,69,227,6,1,2044,869,no,si,86.7,no
CL02018,56,401,7,2,3922,1184,si,no,91.4,no
CL02019,64,74,7,8,769,190,no,no,92.1,no
CL02020,23,91,7,3,442,172,no,si,94.5,no
CL02021,24,36,4,4,3294,1032,no,no,92.2,no
CL02022,38,121,5,4,1581,548,si,no,82.7,no
CL02023,41,46,9,2,633,138,no,no,91.4,no
CL02024,47,907,4,6,566,269,no,si,91.3,no
CL02025,54,59,9,4,4606,NA,no,no,90.6,no
CL02026,39,558,2,4,1770,438,si,no,94.7,no
CL02027,64,84,5,5,1787,847,si,no,91,no
CL02028,26,404,4,2,2967,982,si,si,92.7,no
CL02029,19,158,5,4,4486,1450,no,no,91.5,no
CL02030,21,43,3,8,3404,1576,no,no,86,no
CL02031,66,158,4,5,1537,374,si,si,94.2,no
CL02032,65,304,6,1,1504,NA,si,si,94.1,no
CL02033,18,70,6,2,879,499,si,si,90,no
CL02034,52,180,5,3,10828,3435,no,no,90.8,no
CL02035,60,809,3,1,4349,922,si,si,97.9,no
CL02036,52,63,12,1,2965,1556,no,no,91.3,si
CL02037,58,52,4,5,1836,514,si,si,96.5,si
CL02038,40,358,9,3,935,403,si,si,88.8,no
CL02039,45,94,8,3,2378,586,no,no,84.6,no
CL02040,24,126,7,3,220,109,si,no,90,no
CL02041,67,515,4,4,1289,319,no,no,86.7,no
CL02042,39,88,6,3,12689,7367,si,no,92.4,si
CL02043,20,207,6,5,656,148,no,no,91.6,no
CL02044,33,339,3,7,2678,913,no,no,91.1,no
CL02045,27,180,1,6,379,221,no,si,93.6,no
CL02046,56,96,8,3,548,136,no,si,94,si
CL02047,49,400,4,3,1421,659,si,no,89.9,no
CL02048,56,154,8,3,3627,1491,no,no,90.3,no
CL02049,30,33,3,4,8682,2713,si,no,96.8,si
CL02050,49,60,4,2,910,437,no,si,88,no
CL02051,54,197,3,3,2040,1054,si,no,87.2,no
CL02052,65,70,3,3,1090,478,si,no,89.2,no
CL02053,27,157,8,1,2622,868,si,no,88.3,no
CL02054,26,286,10,4,990,417,si,si,96.5,no
CL02055,30,111,5,4,2157,1163,si,no,87.5,no
CL02056,43,155,2,6,3072,1137,no,si,95.1,no
CL02057,38,205,6,3,1911,881,si,si,92.6,no
CL02058,63,58,6,3,7842,2506,no,si,101,no
CL02059,35,468,5,2,2907,1620,si,si,89.2,no
CL02060,29,533,3,5,1463,676,no,no,90.9,no
CL02061,56,45,6,5,567,231,si,no,89.3,no
CL02062,65,131,3,5,17562,9648,no,no,94,si
CL02063,59,344,5,6,3135,1446,si,no,95.1,no
CL02064,30,205,9,6,993,209,no,si,86.8,no
CL02065,25,171,10,5,907,231,si,no,95.3,si
CL02066,41,46,4,3,20675,5314,no,no,93.8,no
CL02067,64,378,5,7,5534,2143,si,no,94,no
CL02068,65,460,5,3,436,196,si,no,94.3,no
CL02069,55,32,5,4,836,425,si,no,99,no
CL02070,57,240,8,3,2252,729,si,no,86.6,no
CL02071,65,333,4,5,1421,529,no,no,87.8,no
CL02072,41,393,3,4,1352,NA,si,no,94.2,no
CL02073,60,1161,6,1,665,246,si,si,88.5,no
CL02074,19,554,7,3,629,NA,si,si,89.1,no
CL02075,27,445,7,3,6975,NA,si,si,91.2,no
CL02076,38,125,8,6,1867,420,no,no,92.6,no
CL02077,30,161,5,5,1640,689,si,no,98.2,no
CL02078,31,176,9,6,2642,552,no,no,94.6,no
CL02079,39,169,2,6,581,326,no,si,90.3,no
CL02080,47,174,4,3,2309,926,si,no,101.4,no
CL02081,21,95,8,9,990,NA,no,no,88,no
CL02082,25,436,6,4,680,341,no,no,98.2,no
CL02083,37,189,5,3,18098,10645,si,no,93.5,si
CL02084,44,61,8,4,7271,4030,si,no,89.6,no
CL02085,56,301,5,2,266,157,si,no,92.2,no
CL02086,38,293,10,5,1220,399,no,si,90.7,si
CL02087,23,21,6,1,5135,2086,no,no,90.2,no
CL02088,52,357,5,3,535,255,no,no,93,no
CL02089,21,368,12,5,1824,1025,si,no,92.7,no
CL02090,60,345,5,4,695,198,no,no,94.8,no
CL02091,23,390,6,3,1979,680,si,no,89.7,no
CL02092,34,222,6,4,3394,1719,si,no,96.5,no
CL02093,63,126,2,4,6842,3145,si,si,92.2,no
CL02094,51,533,11,5,571,198,no,no,90.2,no
CL02095,29,73,4,3,1231,311,no,no,87.2,no
CL02096,39,333,6,3,7840,4219,si,no,83,no
CL02097,28,120,5,3,3710,1706,no,si,88,no
CL02098,53,77,6,6,558,182,si,si,99.5,no
CL02099,22,319,9,6,2071,932,si,si,96,no
CL02100,22,263,9,6,1999,798,no,no,88.6,no
