id_solicitud,edad,ingreso_mensual_mxn,monto_solicitado_mxn,plazo_meses,pago_mensual_estimado_mxn,pct_deuda_ingreso,score_historial,num_creditos_activos,antiguedad_empleo_anios,aprobado
CR0001,19,45819,340000,36,9444,0.206,649,0,2,si
CR0002,30,7622,61000,12,5083,0.667,641,0,9.7,no
CR0003,24,39178,163000,6,27167,0.693,670,1,1.3,no
CR0004,51,13792,82000,6,13667,0.991,716,1,7,no
CR0005,25,7764,39000,24,1625,0.209,799,3,1.7,no
CR0006,68,22826,128000,36,3556,0.156,626,3,2.7,si
CR0007,39,22831,127000,12,10583,0.464,653,1,7.2,si
CR0008,73,24174,66000,36,1833,0.076,771,0,20.1,no
CR0009,22,24199,188000,24,7833,0.324,590,0,3.7,no
CR0010,53,15922,96000,24,4000,0.251,527,1,2.8,si
CR0011,59,17073,35000,24,1458,0.085,576,3,5.3,no
CR0012,37,11025,26000,36,722,0.065,725,0,15.4,si
CR0013,24,18068,138000,24,5750,0.318,657,1,1.7,si
CR0014,58,17442,104000,24,4333,0.248,746,1,2.3,si
CR0015,64,26656,168000,36,4667,0.175,652,3,6,si
CR0016,62,19166,84000,24,3500,0.183,674,2,7.7,si
CR0017,35,37470,293000,36,8139,0.217,626,1,3.2,si
CR0018,53,10558,46000,36,1278,0.121,541,3,7.9,no
CR0019,71,8533,62000,24,2583,0.303,709,0,10.9,si
CR0020,24,NA,236000,48,4917,0.128,599,4,4.2,si
CR0021,46,8358,13000,6,2167,0.259,705,1,3.3,si
CR0022,64,26373,147000,12,12250,0.464,656,0,7.6,si
CR0023,43,36774,186000,12,15500,0.421,619,1,4.3,si
CR0024,43,20210,127000,24,5292,0.262,726,1,10.7,si
CR0025,25,31254,142000,24,5917,0.189,567,0,5.2,si
CR0026,62,34432,100000,12,8333,0.242,692,2,1.4,si
CR0027,54,NA,61000,24,2542,0.126,631,0,8.9,si
CR0028,37,6274,35000,12,2917,0.465,667,2,18.7,no
CR0029,48,30056,98000,36,2722,0.091,699,1,6.5,si
CR0030,19,33046,92000,48,1917,0.058,671,2,2,no
CR0031,54,25904,42000,12,3500,0.135,576,1,2.6,no
CR0032,24,18016,125000,12,10417,0.578,736,0,3.9,si
CR0033,48,28175,200000,24,8333,0.296,620,2,1.3,si
CR0034,27,29120,128000,24,5333,0.183,672,2,6.9,si
CR0035,50,81750,590000,6,98333,1.203,705,2,5.1,no
CR0036,53,16309,92000,24,3833,0.235,787,5,1.7,si
CR0037,30,19666,57000,12,4750,0.242,601,2,4.9,si
CR0038,61,13195,95000,12,7917,0.6,804,5,4.3,no
CR0039,44,25209,45000,60,750,0.03,677,0,6.5,si
CR0040,59,65561,147000,12,12250,0.187,711,2,10.4,si
CR0041,62,46065,180000,12,15000,0.326,841,1,14.6,no
CR0042,57,17059,38000,36,1056,0.062,499,1,6.8,no
CR0043,44,45943,92000,36,2556,0.056,486,2,4.7,no
CR0044,68,34590,238000,6,39667,1.147,607,2,6.6,no
CR0045,54,69363,552000,24,23000,0.332,456,2,6.7,no
CR0046,58,NA,131000,24,5458,0.305,677,1,4.4,si
CR0047,49,16188,75000,12,6250,0.386,682,0,2.1,si
CR0048,63,16751,34000,6,5667,0.338,611,1,11,si
CR0049,26,20757,126000,36,3500,0.169,837,1,1.1,si
CR0050,72,16024,46000,12,3833,0.239,736,0,5.4,si
CR0051,64,21956,123000,24,5125,0.233,530,5,9.9,no
CR0052,18,26326,139000,36,3861,0.147,850,2,1,no
CR0053,18,11813,60000,12,5000,0.423,535,1,1,no
CR0054,71,47245,193000,6,32167,0.681,665,1,4.7,no
CR0055,24,16464,91000,24,3792,0.23,635,3,1.4,si
CR0056,33,18477,43000,12,3583,0.194,421,0,11.2,no
CR0057,54,33746,233000,12,19417,0.575,649,3,4.3,si
CR0058,60,23916,146000,24,6083,0.254,630,1,6.3,si
CR0059,69,14395,60000,12,5000,0.347,759,3,1,no
CR0060,56,13209,62000,36,1722,0.13,559,0,2.2,no
CR0061,73,12055,84000,48,1750,0.145,545,2,5.2,no
CR0062,30,25955,208000,48,4333,0.167,697,1,2.1,si
CR0063,54,57950,313000,6,52167,0.9,675,1,3,no
CR0064,33,72393,113000,24,4708,0.065,657,2,0.5,si
CR0065,47,24889,57000,12,4750,0.191,622,2,6.3,si
CR0066,68,18679,132000,24,5500,0.294,719,0,6.1,no
CR0067,37,20336,86000,36,2389,0.117,569,1,3.9,si
CR0068,22,21155,36000,36,1000,0.047,686,0,5,si
CR0069,37,19475,30000,24,1250,0.064,689,2,5.8,si
CR0070,72,26848,170000,36,4722,0.176,668,3,2.1,si
CR0071,33,13507,86000,6,14333,1.061,633,1,0.3,no
CR0072,25,18752,54000,12,4500,0.24,690,2,4.1,si
CR0073,75,6902,40000,24,1667,0.242,536,1,4.7,no
CR0074,39,15487,26000,60,433,0.028,661,3,3.5,si
CR0075,29,52084,379000,36,10528,0.202,544,3,1.9,no
CR0076,46,18857,44000,24,1833,0.097,787,2,7.9,si
CR0077,24,9619,57000,12,4750,0.494,609,4,3.5,no
CR0078,45,18677,38000,36,1056,0.057,689,1,8.6,no
CR0079,74,27544,138000,6,23000,0.835,554,1,4.7,no
CR0080,23,17239,98000,12,8167,0.474,529,2,2.2,no
CR0081,67,20209,153000,24,6375,0.315,641,5,1.7,si
CR0082,65,11764,84000,24,3500,0.298,740,3,5.4,no
CR0083,71,28082,141000,24,5875,0.209,624,0,2.4,si
CR0084,73,29873,222000,60,3700,0.124,654,2,5.4,si
CR0085,54,28011,138000,24,5750,0.205,540,1,5.7,si
CR0086,74,35878,122000,12,10167,0.283,613,2,4.1,si
CR0087,74,17052,112000,36,3111,0.182,622,2,8.5,si
CR0088,75,18842,147000,36,4083,0.217,609,1,17.8,si
CR0089,37,31653,176000,12,14667,0.463,691,1,6.7,si
CR0090,65,14388,32000,12,2667,0.185,737,3,0.4,no
CR0091,56,NA,55000,12,4583,0.285,631,1,1.6,si
CR0092,73,23481,80000,24,3333,0.142,574,2,7.7,si
CR0093,61,11657,50000,60,833,0.071,614,1,11.5,si
CR0094,64,54950,435000,12,36250,0.66,612,3,6,no
CR0095,47,22168,142000,24,5917,0.267,611,0,4.3,si
CR0096,49,28514,198000,24,8250,0.289,721,4,2.3,si
CR0097,28,16144,27000,36,750,0.046,628,4,1.9,no
CR0098,26,39991,216000,12,18000,0.45,780,3,5.5,no
CR0099,34,37955,94000,12,7833,0.206,NA,3,2.4,si
CR0100,24,43935,236000,36,6556,0.149,743,2,6.7,si
CR0101,47,11376,55000,36,1528,0.134,766,2,5,si
CR0102,71,20402,106000,12,8833,0.433,611,1,9.3,no
CR0103,36,28169,64000,24,2667,0.095,619,2,5.9,si
CR0104,46,50548,170000,60,2833,0.056,776,1,2.2,no
CR0105,47,38532,266000,24,11083,0.288,603,6,2.5,si
CR0106,21,16104,39000,12,3250,0.202,619,2,4,si
CR0107,20,24486,190000,60,3167,0.129,697,2,3,si
CR0108,32,10508,43000,48,896,0.085,688,2,10.9,si
CR0109,66,23500,113000,60,1883,0.08,587,1,3.3,si
CR0110,28,14905,36000,48,750,0.05,NA,1,11,si
CR0111,50,26047,153000,6,25500,0.979,659,0,3.7,no
CR0112,60,14762,85000,36,2361,0.16,516,2,5.8,no
CR0113,45,6997,38000,24,1583,0.226,NA,1,1.6,si
CR0114,40,10114,31000,24,1292,0.128,671,1,12.2,si
CR0115,54,47038,182000,24,7583,0.161,725,1,5.1,no
CR0116,55,23699,120000,36,3333,0.141,711,2,5.3,si
CR0117,63,49529,346000,12,28833,0.582,665,0,1.2,no
CR0118,71,49210,261000,36,7250,0.147,779,1,2.6,no
CR0119,25,19024,75000,48,1562,0.082,850,2,4.4,no
CR0120,37,18620,32000,12,2667,0.143,581,2,5.5,si
CR0121,25,6547,33000,24,1375,0.21,850,2,8,no
CR0122,74,NA,143000,12,11917,0.245,603,3,13.2,si
CR0123,68,21373,75000,24,3125,0.146,787,2,5.6,no
CR0124,59,23983,48000,36,1333,0.056,602,0,5.9,si
CR0125,35,36116,202000,36,5611,0.155,658,1,3,si
CR0126,72,13580,35000,48,729,0.054,652,2,2.3,si
CR0127,50,18036,46000,24,1917,0.106,637,2,5.4,si
CR0128,26,33758,90000,36,2500,0.074,609,0,7.6,si
CR0129,55,11781,64000,36,1778,0.151,582,8,10,si
CR0130,63,16746,49000,24,2042,0.122,604,3,1.7,si
CR0131,29,33554,164000,36,4556,0.136,773,2,1.2,no
CR0132,39,41088,85000,48,1771,0.043,646,2,3.8,si
CR0133,21,32739,91000,24,3792,0.116,654,0,4,si
CR0134,58,38718,142000,60,2367,0.061,764,1,3.5,si
CR0135,63,14847,60000,24,2500,0.168,661,1,8.7,si
CR0136,71,20646,50000,12,4167,0.202,666,1,17.7,si
CR0137,19,27740,55000,24,2292,0.083,572,1,2,si
CR0138,66,25893,113000,36,3139,0.121,626,5,2.7,si
CR0139,62,30538,239000,36,6639,0.217,628,1,4.6,si
CR0140,32,10358,28000,6,4667,0.451,618,3,15,no
CR0141,29,28887,45000,24,1875,0.065,733,2,4.2,si
CR0142,73,37377,165000,36,4583,0.123,645,0,6.5,si
CR0143,48,21657,131000,24,5458,0.252,617,3,4,si
CR0144,18,19865,34000,24,1417,0.071,536,1,1,no
CR0145,20,15519,100000,6,16667,1.074,737,3,3,no
CR0146,56,35450,149000,24,6208,0.175,652,2,8,si
CR0147,45,35552,266000,36,7389,0.208,678,2,7.4,si
CR0148,68,12562,82000,12,6833,0.544,618,0,9.9,no
CR0149,24,21446,149000,24,6208,0.289,760,4,7,si
CR0150,64,64129,298000,60,4967,0.077,568,0,2.2,si
CR0151,38,21979,87000,24,3625,0.165,NA,2,9.5,si
CR0152,41,19604,148000,6,24667,1.258,675,1,18.5,no
CR0153,48,11541,56000,6,9333,0.809,630,1,7.6,no
CR0154,40,44635,218000,12,18167,0.407,714,1,6.5,si
CR0155,60,15135,77000,12,6417,0.424,686,5,2.6,si
CR0156,54,61699,451000,6,75167,1.218,705,0,2.7,no
CR0157,38,13854,24000,60,400,0.029,682,1,16.1,si
CR0158,23,8402,41000,24,1708,0.203,652,1,5.2,si
CR0159,55,19694,150000,36,4167,0.212,648,2,12.5,si
CR0160,19,13847,64000,48,1333,0.096,NA,1,2,si
CR0161,66,11622,38000,24,1583,0.136,749,2,7.5,no
CR0162,33,20747,129000,6,21500,1.036,NA,0,10.2,no
CR0163,57,34837,148000,36,4111,0.118,633,2,3.3,si
CR0164,30,13879,30000,6,5000,0.36,597,1,13,si
CR0165,56,31658,167000,6,27833,0.879,728,3,11.1,no
CR0166,54,29248,125000,6,20833,0.712,700,3,2.8,no
CR0167,31,64911,400000,6,66667,1.027,464,0,7.9,no
CR0168,30,16899,89000,24,3708,0.219,535,1,3.2,no
CR0169,36,14474,82000,48,1708,0.118,523,0,3.4,no
CR0170,23,13276,65000,12,5417,0.408,572,1,6,no
CR0171,25,19044,135000,6,22500,1.181,625,0,1.4,no
CR0172,46,32026,116000,36,3222,0.101,755,3,3.1,si
CR0173,25,20926,66000,24,2750,0.131,702,1,1.9,no
CR0174,43,31154,110000,24,4583,0.147,687,0,9.8,si
CR0175,43,11617,18000,24,750,0.065,701,1,2.7,si
CR0176,64,16052,56000,24,2333,0.145,778,6,13.8,no
CR0177,47,14268,81000,6,13500,0.946,798,4,5.9,no
CR0178,35,30435,50000,24,2083,0.068,612,3,0.9,no
CR0179,57,18450,119000,12,9917,0.538,705,3,7.7,si
CR0180,26,9373,59000,48,1229,0.131,529,3,3.1,no
CR0181,38,26433,90000,6,15000,0.567,688,3,5.6,si
CR0182,55,14110,23000,24,958,0.068,595,1,9.4,no
CR0183,26,26770,122000,24,5083,0.19,695,1,4.7,si
CR0184,72,49268,344000,24,14333,0.291,NA,0,4.6,no
CR0185,33,17123,40000,24,1667,0.097,746,2,2.1,no
CR0186,33,14700,60000,36,1667,0.113,568,2,2,si
CR0187,29,20105,36000,6,6000,0.298,639,1,2.4,si
CR0188,25,28569,203000,36,5639,0.197,607,2,2.5,si
CR0189,19,54878,83000,48,1729,0.032,537,1,2,no
CR0190,52,14842,61000,12,5083,0.342,655,0,1.6,si
CR0191,26,25112,144000,6,24000,0.956,589,3,1.9,no
CR0192,65,12802,96000,12,8000,0.625,761,3,4.4,si
CR0193,45,29702,237000,24,9875,0.332,756,0,3.5,si
CR0194,18,20556,139000,36,3861,0.188,686,1,1,no
CR0195,47,29444,62000,24,2583,0.088,717,2,1.4,si
CR0196,39,54876,276000,12,23000,0.419,777,1,5.1,no
CR0197,47,45244,175000,24,7292,0.161,618,3,10.2,si
CR0198,39,24243,125000,36,3472,0.143,806,3,13.5,no
CR0199,29,11964,50000,36,1389,0.116,574,0,7.1,si
CR0200,57,56526,322000,6,53667,0.949,703,1,6.8,no
CR0201,24,55658,233000,24,9708,0.174,586,1,7,no
CR0202,58,51981,120000,24,5000,0.096,816,3,10.1,si
CR0203,69,33883,199000,24,8292,0.245,697,1,3.5,si
CR0204,31,14242,88000,24,3667,0.257,611,0,6.1,si
CR0205,32,12440,27000,60,450,0.036,799,0,2.8,si
CR0206,73,16316,26000,24,1083,0.066,646,1,4.5,no
CR0207,65,12571,42000,24,1750,0.139,606,0,2.5,si
CR0208,63,24354,41000,36,1139,0.047,682,3,3.9,si
CR0209,62,24714,54000,12,4500,0.182,761,3,7.8,no
CR0210,35,10680,36000,24,1500,0.14,544,1,1.9,no
CR0211,66,24760,62000,6,10333,0.417,534,0,5.8,si
CR0212,51,28801,79000,24,3292,0.114,534,1,19.4,no
CR0213,62,23134,45000,60,750,0.032,540,2,9.7,si
CR0214,65,37304,275000,24,11458,0.307,794,2,2.1,no
CR0215,75,48526,220000,24,9167,0.189,728,4,0.9,si
CR0216,53,28927,75000,6,12500,0.432,794,0,7.6,no
CR0217,71,43804,72000,36,2000,0.046,721,1,4.9,si
CR0218,24,40136,207000,12,17250,0.43,648,1,3.9,no
CR0219,39,31417,70000,60,1167,0.037,581,2,11.2,no
CR0220,53,29359,87000,24,3625,0.123,744,1,13.4,si
CR0221,27,24452,84000,36,2333,0.095,650,1,8.5,si
CR0222,27,8987,36000,12,3000,0.334,699,1,6.6,si
CR0223,50,17668,129000,12,10750,0.608,NA,1,11.1,no
CR0224,31,32839,190000,24,7917,0.241,706,3,11.2,si
CR0225,41,20647,99000,12,8250,0.4,573,0,4,si
CR0226,64,18137,142000,60,2367,0.131,555,1,7.2,si
CR0227,23,40982,178000,36,4944,0.121,724,0,6,si
CR0228,41,37516,163000,24,6792,0.181,555,0,7.5,si
CR0229,18,23144,53000,48,1104,0.048,691,3,1,no
CR0230,43,NA,73000,24,3042,0.08,NA,0,7.9,si
CR0231,33,11428,36000,12,3000,0.263,653,1,2.5,si
CR0232,43,50186,269000,6,44833,0.893,696,0,4.4,no
CR0233,50,8049,50000,24,2083,0.259,656,3,6.6,si
CR0234,19,23774,179000,12,14917,0.627,631,1,2,no
CR0235,22,24923,134000,12,11167,0.448,648,2,5,si
CR0236,30,83737,600000,24,25000,0.299,532,6,4.2,no
CR0237,21,44384,212000,12,17667,0.398,636,0,4,si
CR0238,47,22005,114000,24,4750,0.216,593,2,8.6,si
CR0239,54,15217,49000,36,1361,0.089,611,3,8.4,si
CR0240,24,32817,225000,36,6250,0.19,701,3,3,si
CR0241,63,18479,67000,12,5583,0.302,633,1,5.4,si
CR0242,44,28425,123000,24,5125,0.18,664,3,1.1,si
CR0243,58,24921,184000,24,7667,0.308,616,1,4.3,si
CR0244,46,18823,141000,36,3917,0.208,682,0,10.2,si
CR0245,23,48840,295000,6,49167,1.007,563,4,2,no
CR0246,28,10660,29000,12,2417,0.227,NA,2,4.6,no
CR0247,45,13964,70000,36,1944,0.139,738,2,2.9,si
CR0248,69,16475,121000,36,3361,0.204,587,3,5.4,si
CR0249,35,31070,149000,12,12417,0.4,693,1,7.5,si
CR0250,53,17173,84000,24,3500,0.204,653,2,4.2,si
CR0251,21,34676,126000,24,5250,0.151,850,2,2.7,no
CR0252,43,31425,93000,36,2583,0.082,850,1,6.6,no
CR0253,33,41509,319000,12,26583,0.64,533,1,4.6,no
CR0254,56,55425,95000,36,2639,0.048,634,1,6.1,no
CR0255,44,30347,163000,36,4528,0.149,725,2,4,si
CR0256,51,30349,106000,60,1767,0.058,674,0,1.1,no
CR0257,63,15243,73000,36,2028,0.133,788,2,3.5,no
CR0258,34,NA,109000,60,1817,0.101,624,3,1.1,si
CR0259,69,95699,685000,24,28542,0.298,651,0,6.5,si
CR0260,47,28204,166000,36,4611,0.163,793,2,6.5,si
CR0261,21,12070,57000,6,9500,0.787,478,2,2.7,no
CR0262,44,11192,38000,24,1583,0.141,501,1,3.4,no
CR0263,39,35849,283000,6,47167,1.316,815,0,2.6,no
CR0264,30,40348,316000,48,6583,0.163,631,1,3.1,no
CR0265,57,20046,134000,36,3722,0.186,717,2,13.1,si
CR0266,23,14864,55000,60,917,0.062,498,1,6,no
CR0267,43,6659,32000,48,667,0.1,617,1,4.3,si
CR0268,25,24504,143000,12,11917,0.486,471,4,2.9,no
CR0269,36,38646,132000,12,11000,0.285,656,3,10.7,si
CR0270,19,7893,61000,60,1017,0.129,578,0,2,no
CR0271,30,30361,141000,36,3917,0.129,652,2,8.5,si
CR0272,62,13218,79000,24,3292,0.249,635,5,0.8,si
CR0273,38,62698,159000,12,13250,0.211,575,2,20.5,si
CR0274,24,37304,66000,36,1833,0.049,533,1,4.3,no
CR0275,60,37551,112000,24,4667,0.124,796,1,4.7,no
CR0276,28,14427,83000,48,1729,0.12,676,3,3.3,no
CR0277,61,30524,180000,36,5000,0.164,549,1,19.5,no
CR0278,69,32226,95000,12,7917,0.246,553,1,8.1,no
CR0279,25,10239,70000,24,2917,0.285,583,1,4.1,no
CR0280,21,27954,147000,60,2450,0.088,713,3,4,si
CR0281,38,47615,358000,48,7458,0.157,647,1,2.1,si
CR0282,43,19559,69000,60,1150,0.059,791,4,4.4,si
CR0283,72,13619,94000,36,2611,0.192,504,0,8,no
CR0284,63,15440,76000,24,3167,0.205,541,2,6.1,si
CR0285,59,35743,220000,24,9167,0.256,743,0,2.8,no
CR0286,28,22284,150000,36,4167,0.187,692,3,5.1,si
CR0287,66,20644,157000,24,6542,0.317,521,0,4.1,no
CR0288,35,72728,441000,12,36750,0.505,749,1,10.8,no
CR0289,58,18036,113000,36,3139,0.174,612,3,7.1,si
CR0290,58,11639,72000,24,3000,0.258,721,2,1.9,si
CR0291,63,13008,68000,36,1889,0.145,793,0,4.1,si
CR0292,48,25475,82000,24,3417,0.134,703,2,2.2,si
CR0293,31,8201,16000,24,667,0.081,595,1,4.2,si
CR0294,22,28133,167000,12,13917,0.495,684,0,5,si
CR0295,39,56577,140000,48,2917,0.052,686,1,10.2,si
CR0296,66,16970,40000,12,3333,0.196,657,1,8.2,si
CR0297,57,22997,89000,24,3708,0.161,756,1,3.7,si
CR0298,64,28919,137000,48,2854,0.099,594,1,6.7,si
CR0299,26,13267,33000,24,1375,0.104,533,2,9,no
CR0300,41,30480,187000,6,31167,1.023,672,0,15,no
CR0301,71,19522,105000,12,8750,0.448,602,0,9.3,si
CR0302,53,6511,51000,60,850,0.131,715,5,6.9,si
CR0303,54,NA,300000,24,12500,0.261,684,1,3.9,si
CR0304,72,14863,82000,12,6833,0.46,662,3,9.5,no
CR0305,30,51806,160000,60,2667,0.051,648,2,8.3,si
CR0306,69,16168,129000,60,2150,0.133,NA,3,6.5,si
CR0307,37,18226,60000,12,5000,0.274,658,2,2.5,si
CR0308,18,NA,76000,36,2111,0.179,637,0,1,si
CR0309,62,17493,91000,60,1517,0.087,616,3,1.9,si
CR0310,60,23447,54000,36,1500,0.064,682,1,1.7,si
CR0311,63,31533,197000,6,32833,1.041,716,0,4.5,no
CR0312,45,26941,144000,24,6000,0.223,677,1,2.7,si
CR0313,30,25212,72000,24,3000,0.119,NA,0,5.4,si
CR0314,47,62633,158000,6,26333,0.42,NA,2,5.1,si
CR0315,24,43976,163000,36,4528,0.103,NA,2,1.2,si
CR0316,44,19835,149000,24,6208,0.313,470,2,10.5,no
CR0317,35,19813,77000,48,1604,0.081,562,3,2.2,no
CR0318,60,27726,104000,24,4333,0.156,648,4,5.9,si
CR0319,61,29607,182000,36,5056,0.171,577,1,4.4,no
CR0320,49,23326,137000,12,11417,0.489,850,3,10.9,no
CR0321,60,18593,141000,6,23500,1.264,625,4,3.2,no
CR0322,25,38513,235000,24,9792,0.254,621,1,4.9,si
CR0323,39,17453,71000,24,2958,0.169,614,0,5.5,si
CR0324,63,50159,79000,36,2194,0.044,686,4,1.3,si
CR0325,55,13123,21000,48,438,0.033,733,1,3,si
CR0326,36,NA,86000,36,2389,0.127,653,0,1.9,si
CR0327,56,19115,136000,36,3778,0.198,602,4,12.4,si
CR0328,66,32461,248000,12,20667,0.637,NA,2,3,no
CR0329,35,11331,76000,36,2111,0.186,NA,2,8.2,no
CR0330,23,30244,190000,24,7917,0.262,704,5,4.6,si
CR0331,36,10363,68000,48,1417,0.137,570,1,0.6,si
CR0332,42,21467,44000,6,7333,0.342,673,2,0.9,si
CR0333,29,11149,67000,24,2792,0.25,719,2,12,si
CR0334,44,12960,21000,60,350,0.027,775,2,3.6,si
CR0335,73,10245,43000,6,7167,0.7,669,1,3.9,no
CR0336,21,13811,45000,36,1250,0.091,NA,1,1.9,si
CR0337,45,8770,33000,36,917,0.105,634,0,14.3,no
CR0338,73,31659,219000,48,4562,0.144,559,2,12,no
CR0339,55,45283,190000,48,3958,0.087,546,1,10.6,no
CR0340,51,15894,42000,36,1167,0.073,710,1,7.5,no
CR0341,67,16409,80000,12,6667,0.406,594,1,5.6,no
CR0342,29,19383,69000,6,11500,0.593,728,1,8,no
CR0343,70,10436,19000,60,317,0.03,813,0,10.7,no
CR0344,28,20119,43000,6,7167,0.356,809,2,2.7,no
CR0345,39,37003,216000,36,6000,0.162,846,0,7.4,no
CR0346,21,25300,184000,6,30667,1.212,620,1,3,no
CR0347,36,19887,103000,24,4292,0.216,686,0,4.6,si
CR0348,30,16752,69000,12,5750,0.343,760,1,13,no
CR0349,71,12035,44000,36,1222,0.102,627,0,4.6,si
CR0350,36,55519,137000,36,3806,0.069,640,0,18.6,si
CR0351,26,NA,110000,24,4583,0.176,684,2,2,si
CR0352,54,17211,81000,60,1350,0.078,619,2,1.4,si
CR0353,20,9435,24000,12,2000,0.212,597,4,3,no
CR0354,43,31431,143000,12,11917,0.379,676,3,5,si
CR0355,51,16659,130000,12,10833,0.65,770,1,4.8,si
CR0356,25,26943,109000,12,9083,0.337,585,2,3.3,si
CR0357,22,22449,176000,60,2933,0.131,690,1,2,no
CR0358,22,37430,260000,6,43333,1.158,680,2,5,no
CR0359,27,18539,138000,60,2300,0.124,705,0,8.4,si
CR0360,68,25634,81000,24,3375,0.132,629,2,7.5,si
CR0361,65,21288,168000,24,7000,0.329,673,0,7.3,si
CR0362,43,15800,83000,48,1729,0.109,652,2,1.4,no
CR0363,22,26504,58000,24,2417,0.091,752,2,0.8,si
CR0364,36,26174,64000,6,10667,0.408,618,2,3.2,si
CR0365,33,9278,32000,6,5333,0.575,694,2,3.7,no
CR0366,40,35000,203000,6,33833,0.967,609,0,11.7,no
CR0367,61,28791,206000,24,8583,0.298,720,3,26.6,si
CR0368,36,8958,48000,36,1333,0.149,383,0,9,no
CR0369,27,32394,165000,6,27500,0.849,483,0,10,no
CR0370,20,82590,555000,12,46250,0.56,562,5,3,no
CR0371,67,48010,240000,60,4000,0.083,732,2,5.7,no
CR0372,44,28372,130000,12,10833,0.382,611,2,8.7,si
CR0373,69,13734,109000,24,4542,0.331,578,2,9.2,si
CR0374,24,39952,241000,6,40167,1.005,785,4,7,no
CR0375,24,45608,162000,24,6750,0.148,721,1,1.8,si
CR0376,35,31096,112000,12,9333,0.3,563,7,10.7,no
CR0377,50,11094,86000,24,3583,0.323,444,1,2.3,no
CR0378,19,35369,100000,36,2778,0.079,538,0,2,no
CR0379,47,72010,464000,36,12889,0.179,661,1,3.5,si
CR0380,33,25246,158000,48,3292,0.13,542,3,10.7,no
CR0381,74,58765,202000,24,8417,0.143,788,3,4.9,no
CR0382,73,30116,156000,48,3250,0.108,554,1,11.1,no
CR0383,58,15861,72000,6,12000,0.757,683,3,6.4,no
CR0384,46,27366,111000,24,4625,0.169,751,3,2.7,no
CR0385,54,11804,92000,24,3833,0.325,585,0,1.3,si
CR0386,66,15739,51000,24,2125,0.135,850,2,1.6,no
CR0387,21,11867,73000,24,3042,0.256,527,2,4,no
CR0388,73,16557,86000,12,7167,0.433,673,3,10.3,no
CR0389,71,9354,37000,24,1542,0.165,475,1,13.3,no
CR0390,55,90185,512000,36,14222,0.158,535,3,3.7,no
CR0391,43,10746,68000,60,1133,0.105,578,1,8,no
CR0392,28,49527,373000,6,62167,1.255,763,0,11,no
CR0393,51,15144,82000,6,13667,0.902,704,2,4.2,no
CR0394,71,68447,116000,12,9667,0.141,578,4,8.3,no
CR0395,20,57786,403000,6,67167,1.162,712,1,3,no
CR0396,40,12478,47000,60,783,0.063,692,1,3.5,no
CR0397,32,39774,110000,60,1833,0.046,715,2,2.3,no
CR0398,36,28861,205000,36,5694,0.197,621,2,5.2,si
CR0399,38,16451,65000,48,1354,0.082,742,0,3.9,no
CR0400,51,26422,70000,24,2917,0.11,790,3,2.8,si
CR0401,28,26476,134000,6,22333,0.844,673,1,5.2,no
CR0402,25,NA,54000,36,1500,0.067,676,1,5,si
CR0403,68,11141,85000,12,7083,0.636,NA,4,1.2,no
CR0404,37,23578,167000,24,6958,0.295,NA,1,10.3,no
CR0405,39,49093,265000,24,11042,0.225,604,2,1.1,si
CR0406,28,21290,118000,48,2458,0.115,614,2,11,no
CR0407,70,16486,40000,24,1667,0.101,537,4,3.6,no
CR0408,43,8556,43000,12,3583,0.419,749,2,4.7,si
CR0409,71,35145,243000,24,10125,0.288,659,1,3.4,si
CR0410,48,14940,105000,6,17500,1.171,672,0,10.9,no
CR0411,31,19903,137000,12,11417,0.574,NA,3,6.1,no
CR0412,50,20628,117000,6,19500,0.945,748,5,9.1,no
CR0413,60,56126,224000,12,18667,0.333,797,3,2.5,no
CR0414,46,12374,26000,36,722,0.058,710,0,2.9,no
CR0415,49,29379,230000,24,9583,0.326,703,2,14.3,no
CR0416,53,7354,36000,36,1000,0.136,563,2,1,no
CR0417,33,24140,166000,24,6917,0.287,586,0,6,si
CR0418,72,20893,35000,24,1458,0.07,644,2,2.1,no
CR0419,42,NA,66000,48,1375,0.065,736,5,13.1,si
CR0420,42,17320,43000,24,1792,0.103,627,1,5.5,si
CR0421,61,23365,86000,24,3583,0.153,466,2,0.4,no
CR0422,46,40491,195000,24,8125,0.201,825,4,6.2,si
CR0423,55,22032,46000,24,1917,0.087,582,1,5,si
CR0424,46,31206,200000,60,3333,0.107,533,4,16.2,no
CR0425,39,40226,239000,36,6639,0.165,534,2,3.5,no
CR0426,52,50653,344000,12,28667,0.566,532,3,7.5,no
CR0427,41,17415,27000,12,2250,0.129,682,2,9.8,si
CR0428,58,15326,26000,48,542,0.035,685,2,9,si
CR0429,19,18294,113000,24,4708,0.257,576,1,2,si
CR0430,43,43265,312000,48,6500,0.15,549,0,7.4,no
CR0431,31,24494,121000,24,5042,0.206,683,3,7.5,si
CR0432,30,16467,127000,24,5292,0.321,606,0,13,si
CR0433,30,9838,60000,36,1667,0.169,686,1,0.3,si
CR0434,73,45168,313000,48,6521,0.144,520,3,4.9,no
CR0435,53,23123,154000,6,25667,1.11,NA,1,4.7,no
CR0436,26,15082,79000,48,1646,0.109,632,6,2.9,si
CR0437,19,42647,71000,36,1972,0.046,679,2,2,si
CR0438,40,15286,101000,24,4208,0.275,764,2,8,si
CR0439,73,21687,149000,24,6208,0.286,675,1,3.7,si
CR0440,46,23457,95000,36,2639,0.113,NA,1,8.6,si
CR0441,32,42593,319000,36,8861,0.208,660,1,15,si
CR0442,19,28349,125000,60,2083,0.073,584,0,2,no
CR0443,24,29360,125000,36,3472,0.118,627,2,1.8,si
CR0444,34,21209,107000,24,4458,0.21,623,1,10.6,si
CR0445,67,20071,64000,24,2667,0.133,574,2,9.5,no
CR0446,52,74499,477000,48,9938,0.133,593,2,5.6,si
CR0447,25,40340,314000,6,52333,1.297,637,0,8,no
CR0448,51,27483,201000,24,8375,0.305,593,2,0.8,no
CR0449,62,15461,75000,12,6250,0.404,615,2,3.8,si
CR0450,35,NA,59000,6,9833,0.908,604,2,13.3,no
CR0451,71,30724,61000,36,1694,0.055,602,4,3.9,no
CR0452,40,20509,154000,36,4278,0.209,514,1,2.9,no
CR0453,26,16280,99000,12,8250,0.507,666,4,0.2,si
CR0454,46,23510,101000,12,8417,0.358,638,3,7,si
CR0455,29,NA,16000,36,444,0.069,619,1,9,si
CR0456,21,8655,24000,36,667,0.077,666,3,4,si
CR0457,35,24162,131000,24,5458,0.226,583,1,5.5,si
CR0458,22,31433,86000,12,7167,0.228,715,2,4.5,si
CR0459,33,19005,45000,48,938,0.049,660,0,1.9,si
CR0460,25,18221,84000,12,7000,0.384,691,3,8,si
CR0461,23,24451,100000,48,2083,0.085,715,3,2,no
CR0462,61,26788,204000,24,8500,0.317,656,2,5.6,si
CR0463,26,18386,42000,24,1750,0.095,728,2,5.4,si
CR0464,52,34015,104000,24,4333,0.127,719,3,17.1,si
CR0465,34,22892,97000,6,16167,0.706,645,3,2.1,no
CR0466,68,17768,40000,24,1667,0.094,662,1,6.6,si
CR0467,28,19253,140000,24,5833,0.303,600,1,5,si
CR0468,58,6925,46000,60,767,0.111,695,0,2.8,no
CR0469,42,34639,137000,6,22833,0.659,NA,2,4.2,no
CR0470,54,68383,128000,12,10667,0.156,562,1,3.2,no
CR0471,19,64114,313000,12,26083,0.407,607,0,2,si
CR0472,42,71807,186000,36,5167,0.072,641,2,9.6,no
CR0473,45,14496,89000,6,14833,1.023,636,1,6.9,no
CR0474,60,32431,228000,6,38000,1.172,627,2,4.6,no
CR0475,58,NA,65000,24,2708,0.157,595,1,15.4,no
CR0476,22,11998,70000,48,1458,0.122,849,3,2,no
CR0477,40,10851,49000,12,4083,0.376,624,2,7.5,si
CR0478,57,35003,190000,24,7917,0.226,709,0,2.4,no
CR0479,56,54654,84000,36,2333,0.043,500,0,18.1,no
CR0480,66,10551,30000,6,5000,0.474,670,1,4.9,si
CR0481,67,7324,57000,24,2375,0.324,642,1,4.9,si
CR0482,40,7087,36000,60,600,0.085,572,2,11.5,si
CR0483,60,33519,159000,36,4417,0.132,414,2,5.1,no
CR0484,57,30179,192000,24,8000,0.265,732,0,2.7,si
CR0485,39,23531,89000,48,1854,0.079,669,3,1.8,si
CR0486,31,48780,111000,60,1850,0.038,579,2,7.4,si
CR0487,44,90786,505000,36,14028,0.155,639,1,5.1,si
CR0488,68,28108,204000,36,5667,0.202,707,0,1.4,no
CR0489,53,14350,39000,12,3250,0.226,706,5,7.3,si
CR0490,75,20488,40000,36,1111,0.054,582,2,5.2,si
CR0491,74,46071,277000,24,11542,0.251,539,4,7.3,no
CR0492,35,16685,120000,24,5000,0.3,850,1,9.4,no
CR0493,46,86027,315000,24,13125,0.153,676,1,11.8,si
CR0494,61,19242,147000,24,6125,0.318,711,1,0.3,si
CR0495,73,42649,98000,48,2042,0.048,585,2,4,no
CR0496,44,50553,268000,36,7444,0.147,504,5,1.4,no
CR0497,39,20735,126000,60,2100,0.101,617,0,6.4,si
CR0498,61,17127,75000,12,6250,0.365,639,1,9.6,si
CR0499,23,NA,338000,36,9389,0.195,674,0,6,no
CR0500,75,19611,78000,12,6500,0.331,545,3,4.8,no
CR0501,42,28562,147000,36,4083,0.143,639,2,3.2,si
CR0502,40,22130,52000,12,4333,0.196,694,1,16.5,si
CR0503,64,54057,176000,24,7333,0.136,669,1,1.3,si
CR0504,65,28313,162000,36,4500,0.159,511,3,3.5,si
CR0505,28,14689,31000,12,2583,0.176,847,3,1.9,no
CR0506,50,66459,383000,12,31917,0.48,NA,0,2.3,si
CR0507,37,17522,34000,36,944,0.054,795,0,11,si
CR0508,73,17790,107000,36,2972,0.167,741,0,4.1,si
CR0509,21,30905,180000,48,3750,0.121,539,5,4,no
CR0510,19,9222,63000,48,1312,0.142,757,1,2,no
CR0511,29,25436,125000,24,5208,0.205,632,0,7.4,si
CR0512,45,7111,22000,12,1833,0.258,729,1,2.2,si
CR0513,44,24982,197000,6,32833,1.314,556,0,12.6,no
CR0514,25,67656,537000,24,22375,0.331,645,1,4.8,si
CR0515,18,39746,120000,60,2000,0.05,NA,3,1,no
CR0516,61,30092,231000,12,19250,0.64,689,2,15.6,si
CR0517,71,18809,93000,36,2583,0.137,662,1,10.4,si
CR0518,54,35361,118000,60,1967,0.056,504,2,0.4,no
CR0519,75,15804,102000,24,4250,0.269,627,1,3.4,si
CR0520,55,20569,121000,24,5042,0.245,642,2,2.9,si
CR0521,68,NA,147000,24,6125,0.282,635,3,3.6,si
CR0522,54,44869,235000,12,19583,0.436,608,0,4.4,si
CR0523,52,17576,78000,12,6500,0.37,725,4,4.5,si
CR0524,19,NA,208000,24,8667,0.135,850,1,2,no
CR0525,22,14503,33000,6,5500,0.379,699,2,5,si
CR0526,35,40299,155000,12,12917,0.321,787,3,1.9,no
CR0527,58,45961,356000,36,9889,0.215,678,3,2.8,si
CR0528,62,21139,50000,60,833,0.039,577,0,4,no
CR0529,44,43651,248000,24,10333,0.237,620,1,4.9,no
CR0530,67,NA,268000,36,7444,0.156,606,3,6.9,si
CR0531,30,47371,176000,36,4889,0.103,681,1,2.3,si
CR0532,40,23003,117000,12,9750,0.424,768,2,5.1,si
CR0533,34,42692,316000,48,6583,0.154,782,1,9.8,no
CR0534,51,16676,30000,12,2500,0.15,638,1,6.1,si
CR0535,66,30658,84000,12,7000,0.228,782,0,8.1,no
CR0536,24,15345,46000,6,7667,0.5,626,2,5.4,si
CR0537,51,NA,95000,48,1979,0.035,692,2,7.3,no
CR0538,62,24617,85000,60,1417,0.058,662,2,4.9,si
CR0539,65,41962,74000,6,12333,0.294,517,2,5.2,no
CR0540,60,6676,43000,24,1792,0.268,755,1,0.6,no
CR0541,28,15423,46000,24,1917,0.124,747,0,8.7,si
CR0542,45,28236,106000,12,8833,0.313,850,4,0.8,no
CR0543,31,NA,74000,6,12333,0.634,612,0,2,no
CR0544,58,16665,106000,48,2208,0.132,692,4,5.4,si
CR0545,59,68909,517000,24,21542,0.313,459,2,4.3,no
CR0546,49,46714,215000,60,3583,0.077,646,0,2.1,no
CR0547,62,19774,118000,36,3278,0.166,566,2,0.4,no
CR0548,34,28214,131000,24,5458,0.193,525,3,2.1,no
CR0549,42,14940,111000,12,9250,0.619,729,0,5.6,no
CR0550,66,53388,284000,6,47333,0.887,458,2,3.7,no
CR0551,74,13847,77000,48,1604,0.116,850,1,10.3,no
CR0552,67,48781,225000,24,9375,0.192,714,1,5.1,no
CR0553,66,37599,211000,24,8792,0.234,642,1,3.1,si
CR0554,56,34209,206000,24,8583,0.251,534,3,0.8,no
CR0555,47,80265,588000,12,49000,0.61,699,1,4.4,si
CR0556,27,20957,142000,36,3944,0.188,761,5,10,no
CR0557,70,NA,313000,24,13042,0.154,698,4,5.8,si
CR0558,67,7763,45000,12,3750,0.483,633,0,4,si
CR0559,31,37645,92000,12,7667,0.204,675,1,8.6,si
CR0560,47,9221,41000,12,3417,0.371,772,2,0.7,si
CR0561,69,10165,78000,60,1300,0.128,639,4,7.7,si
CR0562,35,25231,159000,24,6625,0.263,731,2,2.8,no
CR0563,33,23373,133000,24,5542,0.237,701,2,1.9,si
CR0564,32,10831,24000,6,4000,0.369,709,1,4.5,no
CR0565,19,51268,200000,6,33333,0.65,601,1,2,no
CR0566,27,10469,73000,48,1521,0.145,740,5,2.6,si
CR0567,65,33081,155000,12,12917,0.39,575,1,16.1,no
CR0568,24,16713,55000,36,1528,0.091,745,1,7,no
CR0569,49,40517,118000,36,3278,0.081,602,4,5.7,si
CR0570,36,21061,79000,6,13167,0.625,766,3,7.2,no
CR0571,61,17563,102000,48,2125,0.121,696,1,6.2,si
CR0572,69,33111,127000,12,10583,0.32,600,1,10.4,si
CR0573,68,10084,51000,24,2125,0.211,623,4,1.7,si
CR0574,63,13370,40000,24,1667,0.125,704,2,3.7,si
CR0575,69,38684,250000,6,41667,1.077,567,4,2.8,no
CR0576,42,7909,28000,48,583,0.074,685,1,2.6,si
CR0577,68,23269,183000,12,15250,0.655,477,1,3.1,no
CR0578,30,20180,37000,36,1028,0.051,700,0,2.8,si
CR0579,27,35264,250000,24,10417,0.295,588,1,4,si
CR0580,37,9393,68000,24,2833,0.302,708,2,4.6,si
CR0581,52,41019,213000,60,3550,0.087,631,4,3.9,si
CR0582,49,9598,56000,12,4667,0.486,672,1,7,si
CR0583,39,24715,146000,12,12167,0.492,766,1,3,no
CR0584,55,NA,72000,24,3000,0.234,757,4,5.5,no
CR0585,27,15652,85000,36,2361,0.151,688,0,10,si
CR0586,34,NA,109000,12,9083,0.434,667,1,2.8,si
CR0587,42,34907,137000,36,3806,0.109,529,1,6,si
CR0588,68,42655,150000,6,25000,0.586,654,1,6.9,no
CR0589,31,34343,173000,24,7208,0.21,634,1,5.5,si
CR0590,74,32355,245000,48,5104,0.158,656,1,11.4,no
CR0591,63,62767,152000,36,4222,0.067,580,3,5,si
CR0592,52,25102,146000,60,2433,0.097,579,5,8,no
CR0593,33,24641,58000,12,4833,0.196,681,2,13.6,si
CR0594,53,NA,35000,12,2917,0.26,640,1,2.3,si
CR0595,62,30258,103000,24,4292,0.142,623,0,2.4,si
CR0596,18,38984,195000,36,5417,0.139,740,0,1,si
CR0597,68,7516,11000,24,458,0.061,569,2,14.1,no
CR0598,67,29521,62000,36,1722,0.058,801,2,6.3,no
CR0599,34,34110,240000,48,5000,0.147,647,1,7.1,si
CR0600,68,16215,78000,24,3250,0.2,515,1,8.3,no
CR0601,59,4178,23000,48,479,0.115,601,2,5.7,no
CR0602,21,18527,100000,60,1667,0.09,637,2,4,si
CR0603,51,39859,77000,48,1604,0.04,761,2,17.5,no
CR0604,19,NA,40000,36,1111,0.08,687,4,2,si
CR0605,27,41055,235000,36,6528,0.159,513,2,4.1,no
CR0606,63,19098,72000,24,3000,0.157,726,0,7,si
CR0607,62,62056,144000,12,12000,0.193,531,1,17.1,no
CR0608,64,14100,112000,12,9333,0.662,547,2,15.3,no
CR0609,20,30597,214000,36,5944,0.194,632,4,2,si
CR0610,70,26352,132000,48,2750,0.104,524,0,6.7,si
CR0611,38,8567,54000,6,9000,1.051,604,3,16.8,no
CR0612,22,NA,267000,24,11125,0.252,714,1,5,no
CR0613,46,17651,123000,12,10250,0.581,544,1,7.5,no
CR0614,34,NA,158000,36,4389,0.203,721,2,4.8,si
CR0615,43,13418,48000,60,800,0.06,737,4,5.9,si
CR0616,36,52019,165000,24,6875,0.132,644,0,3.5,no
CR0617,38,15161,116000,12,9667,0.638,501,6,5.9,no
CR0618,68,22793,76000,36,2111,0.093,526,1,3.3,no
CR0619,33,16421,44000,36,1222,0.074,652,2,14.1,si
CR0620,27,13240,79000,24,3292,0.249,735,2,9.7,si
CR0621,41,18894,32000,24,1333,0.071,NA,0,5.4,si
CR0622,59,42691,179000,48,3729,0.087,607,0,6.8,no
CR0623,58,18709,99000,6,16500,0.882,625,3,0.5,no
CR0624,61,26847,122000,48,2542,0.095,592,2,6.7,si
CR0625,72,23269,55000,24,2292,0.099,674,5,2.7,si
CR0626,31,27168,108000,60,1800,0.066,687,3,6.9,si
CR0627,36,22536,121000,48,2521,0.112,564,0,3.2,no
CR0628,36,NA,322000,12,26833,0.431,683,6,4.4,no
CR0629,38,35861,160000,36,4444,0.124,695,1,5.7,si
CR0630,58,25905,148000,24,6167,0.238,NA,4,4.9,no
CR0631,57,16410,71000,36,1972,0.12,619,0,15.5,si
CR0632,56,30737,163000,60,2717,0.088,713,1,10.9,si
CR0633,56,16639,123000,12,10250,0.616,558,1,4,si
CR0634,67,25375,120000,48,2500,0.099,828,1,24.2,no
CR0635,19,27801,148000,24,6167,0.222,721,0,2,si
CR0636,65,66288,147000,24,6125,0.092,NA,1,7.2,si
CR0637,52,19814,95000,60,1583,0.08,618,1,5.4,si
CR0638,46,23814,49000,60,817,0.034,748,2,3.2,si
CR0639,20,11605,37000,6,6167,0.531,635,3,3,no
CR0640,35,29618,67000,12,5583,0.189,672,0,18,si
CR0641,52,36706,201000,12,16750,0.456,550,4,5.2,si
CR0642,35,32393,239000,24,9958,0.307,577,1,7.4,si
CR0643,37,11634,21000,60,350,0.03,729,1,1.6,si
CR0644,25,40395,182000,12,15167,0.375,606,0,4.9,no
CR0645,23,39507,99000,24,4125,0.104,600,1,6,si
CR0646,58,15052,65000,24,2708,0.18,752,0,1.4,no
CR0647,27,9503,41000,48,854,0.09,850,3,7,no
CR0648,64,18140,120000,36,3333,0.184,825,0,14.6,no
CR0649,45,24560,143000,12,11917,0.485,771,0,12.6,no
CR0650,43,50596,173000,6,28833,0.57,472,2,5.9,no
CR0651,41,16689,121000,60,2017,0.121,681,2,4.2,si
CR0652,45,18744,126000,48,2625,0.14,828,2,3,no
CR0653,64,26053,196000,60,3267,0.125,620,1,10.6,si
CR0654,65,48303,170000,48,3542,0.073,692,1,3.7,no
CR0655,57,13365,58000,36,1611,0.121,662,1,4.5,si
CR0656,30,57682,353000,24,14708,0.255,711,2,5.9,si
CR0657,36,13133,26000,60,433,0.033,600,0,14.1,no
CR0658,47,26395,44000,60,733,0.028,626,0,5.2,si
CR0659,35,15454,116000,36,3222,0.208,641,2,3,si
CR0660,31,17748,36000,48,750,0.042,833,2,1,no
CR0661,50,151415,877000,36,24361,0.161,603,0,11.3,si
CR0662,19,24062,128000,60,2133,0.089,524,3,2,no
CR0663,64,18577,32000,12,2667,0.144,724,1,6.6,si
CR0664,27,35273,145000,36,4028,0.114,NA,6,0.7,si
CR0665,50,17521,43000,24,1792,0.102,537,1,3.2,no
CR0666,56,16014,116000,12,9667,0.604,554,1,10.4,no
CR0667,31,51317,226000,24,9417,0.184,573,1,10,si
CR0668,44,26572,124000,24,5167,0.194,695,2,4.8,si
CR0669,56,26981,195000,12,16250,0.602,713,3,4.8,si
CR0670,23,24689,196000,24,8167,0.331,NA,1,4.4,si
CR0671,50,NA,71000,36,1972,0.17,699,2,1.7,si
CR0672,30,13063,55000,60,917,0.07,541,4,1.1,si
CR0673,41,36550,233000,48,4854,0.133,NA,0,3.1,si
CR0674,55,35805,74000,12,6167,0.172,464,0,2.9,no
CR0675,66,31073,157000,60,2617,0.084,651,2,4.4,si
CR0676,19,65433,247000,48,5146,0.079,676,2,2,si
CR0677,42,38274,86000,36,2389,0.062,654,3,4.1,si
CR0678,64,29493,136000,36,3778,0.128,686,0,2.3,si
CR0679,30,13713,30000,12,2500,0.182,733,2,5.1,no
CR0680,46,32931,148000,36,4111,0.125,560,0,14.9,no
CR0681,62,25050,123000,60,2050,0.082,603,2,12.5,no
CR0682,65,13472,100000,12,8333,0.619,659,3,4.3,no
CR0683,72,18217,92000,12,7667,0.421,666,3,8.3,no
CR0684,41,17527,26000,12,2167,0.124,708,1,3.3,si
CR0685,33,23039,129000,24,5375,0.233,716,0,10.2,si
CR0686,70,71181,277000,48,5771,0.081,582,5,1.7,no
CR0687,68,24748,135000,60,2250,0.091,711,1,9.6,no
CR0688,59,32474,122000,24,5083,0.157,654,3,0.6,no
CR0689,19,27922,162000,12,13500,0.483,621,1,2,si
CR0690,71,10483,30000,12,2500,0.238,625,1,2.6,si
CR0691,22,24995,65000,6,10833,0.433,631,1,2.7,si
CR0692,67,42455,196000,36,5444,0.128,751,5,2.4,si
CR0693,28,74195,540000,24,22500,0.303,588,1,3.4,no
CR0694,29,34200,98000,60,1633,0.048,636,3,6,si
CR0695,31,6215,43000,12,3583,0.577,691,0,2.2,no
CR0696,37,53182,281000,6,46833,0.881,497,4,0.5,no
CR0697,27,38944,222000,12,18500,0.475,573,4,10,si
CR0698,70,22068,158000,48,3292,0.149,784,1,6.3,no
CR0699,65,24360,121000,24,5042,0.207,583,2,5.9,si
CR0700,67,75923,263000,36,7306,0.096,630,4,7.6,no
CR0701,66,16968,103000,48,2146,0.126,671,3,8.2,si
CR0702,66,13883,23000,12,1917,0.138,635,0,4.9,no
CR0703,49,18603,76000,36,2111,0.113,713,3,1,si
CR0704,32,18577,124000,48,2583,0.139,560,3,8.2,no
CR0705,61,18615,117000,24,4875,0.262,519,1,3.3,si
CR0706,63,NA,138000,12,11500,0.47,784,3,1.9,no
CR0707,25,25996,196000,60,3267,0.126,682,1,0.8,si
CR0708,45,16199,63000,36,1750,0.108,591,1,1.8,si
CR0709,42,40475,96000,12,8000,0.198,754,2,3.2,si
CR0710,48,41469,200000,60,3333,0.08,706,1,3.4,si
CR0711,33,33596,171000,36,4750,0.141,435,1,8.2,no
CR0712,46,26985,79000,60,1317,0.049,670,3,2.5,si
CR0713,40,11780,24000,48,500,0.042,677,3,6.1,si
CR0714,70,16203,90000,48,1875,0.116,731,1,9,no
CR0715,36,15251,83000,48,1729,0.113,454,3,2.9,no
CR0716,41,22818,135000,24,5625,0.247,613,1,5,si
CR0717,18,17950,68000,60,1133,0.063,741,4,1,no
CR0718,45,25647,147000,36,4083,0.159,513,4,1,no
CR0719,60,14926,114000,24,4750,0.318,774,2,6.5,no
CR0720,65,34791,258000,24,10750,0.309,649,2,4.1,si
CR0721,74,10139,42000,6,7000,0.69,692,4,4.3,no
CR0722,50,18611,54000,60,900,0.048,708,3,5.9,si
CR0723,56,6471,29000,12,2417,0.374,570,4,8.1,si
CR0724,44,28071,143000,6,23833,0.849,558,1,0.2,no
CR0725,40,24332,160000,36,4444,0.183,652,3,5.1,si
CR0726,31,NA,170000,36,4722,0.22,725,0,6.6,si
CR0727,41,17734,57000,24,2375,0.134,662,3,4,si
CR0728,30,46393,71000,24,2958,0.064,670,3,6.5,si
CR0729,29,31245,168000,36,4667,0.149,850,2,12,no
CR0730,61,NA,178000,48,3708,0.166,720,3,0.7,si
CR0731,43,30587,141000,12,11750,0.384,729,2,3.8,si
CR0732,55,34521,91000,24,3792,0.11,720,3,0.7,si
CR0733,38,12268,44000,12,3667,0.299,476,1,5.5,no
CR0734,45,15013,82000,60,1367,0.091,654,2,8.3,no
CR0735,31,29665,235000,12,19583,0.66,653,2,4.2,no
CR0736,51,40736,89000,12,7417,0.182,706,1,8.1,si
CR0737,50,11219,81000,48,1688,0.15,798,1,5.7,no
CR0738,61,11309,50000,24,2083,0.184,801,2,8.7,no
CR0739,62,54144,387000,36,10750,0.199,533,1,9.3,no
CR0740,70,35258,252000,48,5250,0.149,566,1,1.1,no
CR0741,63,54558,98000,24,4083,0.075,671,0,14.9,si
CR0742,32,21364,57000,12,4750,0.222,534,1,9.8,no
CR0743,55,68431,108000,12,9000,0.132,721,1,7.5,si
CR0744,29,7998,48000,24,2000,0.25,727,2,3.8,no
CR0745,65,7822,44000,36,1222,0.156,710,0,0.8,si
CR0746,42,17469,131000,36,3639,0.208,692,1,6.1,si
CR0747,67,11267,80000,6,13333,1.183,570,2,2.2,no
CR0748,65,23488,140000,60,2333,0.099,646,1,7.2,si
CR0749,62,27341,154000,36,4278,0.156,696,2,2.3,si
CR0750,43,NA,54000,36,1500,0.147,550,4,7.9,no
CR0751,46,6417,44000,60,733,0.114,477,3,4.5,no
CR0752,56,70398,240000,48,5000,0.071,742,1,11.9,no
CR0753,70,8263,15000,24,625,0.076,NA,1,2,si
CR0754,28,24422,175000,6,29167,1.194,620,1,8.9,no
CR0755,23,36703,75000,24,3125,0.085,537,2,1,no
CR0756,61,46926,205000,6,34167,0.728,726,2,11.8,no
CR0757,62,12066,28000,24,1167,0.097,793,5,9.1,si
CR0758,44,23403,68000,24,2833,0.121,773,0,4,si
CR0759,68,15484,114000,24,4750,0.307,619,1,1.7,si
CR0760,56,33848,78000,48,1625,0.048,687,2,4.8,si
CR0761,54,47932,255000,24,10625,0.222,NA,1,8.9,si
CR0762,19,8460,19000,24,792,0.094,717,1,2,no
CR0763,42,35757,78000,48,1625,0.045,720,1,6.2,no
CR0764,24,32772,61000,6,10167,0.31,691,3,7,si
CR0765,38,14003,39000,12,3250,0.232,635,0,0.9,si
CR0766,56,18283,31000,6,5167,0.283,543,2,9.5,no
CR0767,69,6652,52000,6,8667,1.303,710,1,4.5,no
CR0768,38,26020,53000,24,2208,0.085,619,0,10.4,no
CR0769,55,43772,271000,60,4517,0.103,502,2,9,no
CR0770,70,23678,40000,24,1667,0.07,773,3,8.8,no
CR0771,21,29905,92000,12,7667,0.256,655,1,4,si
CR0772,28,45783,298000,24,12417,0.271,485,2,3.2,no
CR0773,51,22540,116000,24,4833,0.214,NA,2,9.9,si
CR0774,75,21473,159000,24,6625,0.309,658,1,13.7,si
CR0775,34,43003,254000,24,10583,0.246,729,3,3.7,no
CR0776,62,6713,13000,60,217,0.032,628,1,3.3,no
CR0777,53,79459,284000,48,5917,0.074,712,1,8,si
CR0778,72,24329,120000,24,5000,0.206,625,1,3.8,si
CR0779,32,17491,50000,60,833,0.048,415,3,6.9,no
CR0780,53,18524,100000,24,4167,0.225,613,5,6.6,si
CR0781,74,11039,81000,24,3375,0.306,723,1,4.4,si
CR0782,28,27569,61000,12,5083,0.184,630,2,5.4,si
CR0783,73,27583,89000,36,2472,0.09,592,2,2.7,no
CR0784,36,18585,126000,12,10500,0.565,622,3,2.4,no
CR0785,71,7446,47000,24,1958,0.263,NA,0,12.9,si
CR0786,49,27132,206000,36,5722,0.211,578,0,7.1,si
CR0787,25,10712,54000,48,1125,0.105,811,5,3.1,no
CR0788,64,32567,166000,60,2767,0.085,619,1,2.7,si
CR0789,72,62391,305000,48,6354,0.102,635,2,9.8,si
CR0790,59,15313,28000,36,778,0.051,617,2,5.3,si
CR0791,28,11256,74000,36,2056,0.183,709,1,7.4,si
CR0792,47,50671,392000,48,8167,0.161,714,1,1.6,si
CR0793,32,13119,59000,12,4917,0.375,546,3,0.7,no
CR0794,65,62968,232000,36,6444,0.102,671,2,3.4,si
CR0795,47,6980,27000,48,562,0.081,642,0,4.7,si
CR0796,49,26690,182000,24,7583,0.284,632,3,4.9,si
CR0797,36,36284,75000,36,2083,0.057,450,1,7.6,no
CR0798,66,37628,263000,24,10958,0.291,579,2,4.5,si
CR0799,55,36481,259000,36,7194,0.197,631,1,7.3,si
CR0800,75,14452,63000,12,5250,0.363,721,1,6.7,si
CR0801,37,7223,57000,60,950,0.132,676,1,5.4,si
CR0802,61,43141,118000,6,19667,0.456,455,0,4,no
CR0803,28,13512,106000,24,4417,0.327,670,0,4.8,si
CR0804,65,NA,80000,24,3333,0.181,594,0,4.4,si
CR0805,71,27864,112000,60,1867,0.067,676,2,2.4,no
CR0806,33,24169,66000,24,2750,0.114,513,1,3.9,si
CR0807,36,NA,100000,60,1667,0.103,607,1,1.2,si
CR0808,64,NA,153000,24,6375,0.273,726,2,7.4,si
CR0809,33,11501,46000,24,1917,0.167,670,6,4.1,si
CR0810,70,49833,383000,24,15958,0.32,660,3,2.7,si
CR0811,73,33880,126000,36,3500,0.103,573,3,3.1,no
CR0812,56,13428,21000,60,350,0.026,699,1,7,si
CR0813,75,52684,420000,36,11667,0.221,587,2,2.3,no
CR0814,38,27534,184000,12,15333,0.557,738,4,4.8,si
CR0815,28,21045,73000,12,6083,0.289,NA,2,5.2,si
CR0816,23,57973,332000,36,9222,0.159,676,2,6,no
CR0817,21,25534,117000,24,4875,0.191,632,1,4,si
CR0818,59,24110,150000,48,3125,0.13,636,2,3.5,si
CR0819,72,39365,214000,12,17833,0.453,389,2,11.1,no
CR0820,51,12794,73000,36,2028,0.159,706,2,1.3,si
CR0821,40,28984,68000,36,1889,0.065,NA,1,7,si
CR0822,52,12627,25000,24,1042,0.083,708,0,5.5,si
CR0823,74,63981,351000,24,14625,0.229,635,0,2.4,si
CR0824,48,20815,118000,6,19667,0.945,505,2,2.8,no
CR0825,71,28032,86000,36,2389,0.085,850,2,3.2,no
CR0826,50,14959,37000,48,771,0.052,680,2,4.1,si
CR0827,74,21394,41000,36,1139,0.053,627,0,0.8,no
CR0828,18,31618,131000,24,5458,0.173,720,2,1,no
CR0829,28,9624,23000,24,958,0.1,609,1,10.4,si
CR0830,31,32115,166000,24,6917,0.215,536,1,5.2,si
CR0831,26,NA,98000,12,8167,0.194,621,4,6.3,si
CR0832,58,12715,78000,60,1300,0.102,670,0,5,si
CR0833,18,14405,22000,36,611,0.042,658,2,1,no
CR0834,19,11148,89000,12,7417,0.665,799,1,1.1,si
CR0835,37,10955,69000,48,1438,0.131,638,4,1.9,si
CR0836,42,29290,201000,6,33500,1.144,590,1,6.6,no
CR0837,61,21385,100000,24,4167,0.195,669,2,6.1,si
CR0838,72,12500,56000,24,2333,0.187,585,1,0.7,no
CR0839,63,31494,244000,24,10167,0.323,721,0,10.5,no
CR0840,64,16887,98000,12,8167,0.484,602,0,9.9,si
CR0841,26,30106,195000,24,8125,0.27,670,0,6.1,si
CR0842,30,49629,264000,36,7333,0.148,592,3,3.9,no
CR0843,62,NA,224000,12,18667,0.436,573,2,8.3,no
CR0844,38,5755,18000,60,300,0.052,724,1,5.1,no
CR0845,57,19630,71000,24,2958,0.151,576,3,4.4,no
CR0846,18,18830,69000,12,5750,0.305,613,2,1,no
CR0847,71,48587,338000,60,5633,0.116,564,0,4.7,no
CR0848,19,20096,137000,36,3806,0.189,637,1,2,si
CR0849,41,7416,42000,12,3500,0.472,749,1,2.7,si
CR0850,62,10379,37000,60,617,0.059,659,3,16.9,si
CR0851,47,29555,236000,24,9833,0.333,602,2,14.2,si
CR0852,51,23004,55000,60,917,0.04,668,3,1.8,si
CR0853,38,12425,35000,12,2917,0.235,714,2,11.3,si
CR0854,71,52828,121000,48,2521,0.048,621,2,10.6,no
CR0855,47,28415,200000,24,8333,0.293,688,1,4.7,si
CR0856,32,13573,105000,24,4375,0.322,484,0,11.6,no
CR0857,46,21796,121000,36,3361,0.154,641,4,3.5,si
CR0858,50,9494,32000,36,889,0.094,730,1,4.9,si
CR0859,31,23837,90000,6,15000,0.629,757,2,14,si
CR0860,21,24243,60000,24,2500,0.103,620,2,4,si
CR0861,22,37193,159000,6,26500,0.712,622,1,5,no
CR0862,41,26698,110000,24,4583,0.172,788,6,1.3,si
CR0863,73,12885,78000,48,1625,0.126,719,2,2.4,no
CR0864,59,21152,167000,60,2783,0.132,820,3,1,no
CR0865,29,13323,85000,12,7083,0.532,734,2,2.7,si
CR0866,31,39781,81000,24,3375,0.085,531,1,14,si
CR0867,54,20789,60000,24,2500,0.12,715,4,3.3,si
CR0868,27,30658,111000,60,1850,0.06,510,2,2.1,no
CR0869,52,NA,83000,36,2306,0.138,728,0,17.4,no
CR0870,35,9609,30000,36,833,0.087,NA,0,10.8,si
CR0871,69,44214,201000,12,16750,0.379,850,3,5.6,no
CR0872,49,18695,148000,24,6167,0.33,547,0,4.9,si
CR0873,73,37315,72000,36,2000,0.054,454,0,3.9,no
CR0874,61,27878,186000,24,7750,0.278,583,0,6.9,si
CR0875,25,59960,115000,12,9583,0.16,571,1,3.7,no
CR0876,19,49304,330000,24,13750,0.279,602,1,2,si
CR0877,26,7278,25000,36,694,0.095,566,0,3.6,no
CR0878,49,14253,50000,6,8333,0.585,642,1,8.2,si
CR0879,54,15716,107000,6,17833,1.135,662,2,4.2,no
CR0880,32,19940,56000,6,9333,0.468,574,4,6.6,si
CR0881,51,22756,140000,36,3889,0.171,602,0,6.3,si
CR0882,40,47012,346000,12,28833,0.613,568,6,3.3,no
CR0883,32,32238,225000,6,37500,1.163,850,1,6.1,no
CR0884,22,23928,169000,12,14083,0.589,594,1,3.1,no
CR0885,34,15381,26000,12,2167,0.141,714,0,2.2,si
CR0886,48,25103,143000,24,5958,0.237,564,1,0.3,no
CR0887,49,32695,261000,36,7250,0.222,712,0,4,si
CR0888,48,63218,501000,12,41750,0.66,660,3,2.2,no
CR0889,65,19995,41000,12,3417,0.171,667,2,5.2,si
CR0890,22,32913,242000,12,20167,0.613,614,2,4.9,no
CR0891,38,18966,145000,12,12083,0.637,594,3,5.4,no
CR0892,74,15928,35000,12,2917,0.183,679,0,4,no
CR0893,25,26941,122000,36,3389,0.126,649,2,2.1,si
CR0894,51,34193,72000,36,2000,0.058,739,4,9.4,si
CR0895,74,22228,93000,48,1938,0.087,638,0,1.3,si
CR0896,54,25446,117000,24,4875,0.192,641,3,3,si
CR0897,46,22176,34000,12,2833,0.128,518,4,5,si
CR0898,71,18570,94000,60,1567,0.084,739,1,6.6,si
CR0899,41,29404,137000,12,11417,0.388,636,2,8.5,si
CR0900,64,36639,95000,24,3958,0.108,586,1,6.7,si
CR0901,52,28466,127000,36,3528,0.124,627,1,7.2,si
CR0902,48,12890,45000,24,1875,0.145,688,1,5.5,no
CR0903,32,28984,219000,48,4562,0.157,550,0,0.7,no
CR0904,19,32488,197000,36,5472,0.168,579,1,2,no
CR0905,25,27832,65000,24,2708,0.097,724,1,2.9,si
CR0906,38,29952,101000,12,8417,0.281,612,3,1.8,no
CR0907,67,63890,414000,36,11500,0.18,663,2,28,si
CR0908,66,27269,78000,36,2167,0.079,593,4,6.5,si
CR0909,29,22871,134000,36,3722,0.163,640,0,5.7,si
CR0910,39,14271,77000,12,6417,0.45,753,1,1.2,no
CR0911,26,23128,94000,48,1958,0.085,649,3,5.1,si
CR0912,40,18594,117000,12,9750,0.524,588,1,3.4,no
CR0913,47,13877,49000,36,1361,0.098,797,2,1.7,si
CR0914,64,11166,61000,12,5083,0.455,610,2,8.3,no
CR0915,62,36819,219000,12,18250,0.496,779,2,3.9,no
CR0916,32,26625,131000,60,2183,0.082,603,4,2.3,si
CR0917,45,18892,81000,36,2250,0.119,720,1,0.4,no
CR0918,39,44470,135000,6,22500,0.506,499,4,8,no
CR0919,72,18061,41000,36,1139,0.063,643,3,4.1,no
CR0920,38,12394,29000,48,604,0.049,732,3,3.6,si
CR0921,26,7764,35000,24,1458,0.188,511,1,9,no
CR0922,26,46193,303000,12,25250,0.547,633,3,5.3,no
CR0923,50,14830,67000,6,11167,0.753,439,0,6.2,no
CR0924,69,17354,43000,60,717,0.041,645,1,2.3,si
CR0925,32,NA,73000,12,6083,0.246,585,1,9.8,no
CR0926,23,24314,52000,12,4333,0.178,621,2,4.5,si
CR0927,67,32660,227000,60,3783,0.116,651,1,5.9,si
CR0928,30,31288,163000,36,4528,0.145,653,1,5.9,si
CR0929,33,NA,194000,6,32333,1.179,709,2,7.3,no
CR0930,19,11863,85000,48,1771,0.149,532,1,2,no
CR0931,33,31153,54000,24,2250,0.072,677,1,7.9,si
CR0932,30,5471,18000,24,750,0.137,595,1,1.4,si
CR0933,57,46953,290000,60,4833,0.103,540,1,13.2,si
CR0934,47,13528,78000,12,6500,0.48,545,2,5.7,no
CR0935,62,16777,36000,12,3000,0.179,640,2,3.7,si
CR0936,61,30108,89000,24,3708,0.123,783,1,9.3,no
CR0937,20,30394,137000,36,3806,0.125,617,2,3,si
CR0938,62,NA,159000,12,13250,0.413,533,1,9.4,no
CR0939,20,NA,35000,12,2917,0.183,754,2,3,si
CR0940,21,8763,50000,48,1042,0.119,604,0,4,no
CR0941,68,30440,122000,48,2542,0.084,584,2,1.7,no
CR0942,26,9694,73000,6,12167,1.255,701,0,3.4,no
CR0943,72,20510,124000,6,20667,1.008,807,3,1.8,no
CR0944,62,NA,45000,12,3750,0.277,799,1,3.5,no
CR0945,74,18479,137000,6,22833,1.236,694,1,6.2,no
CR0946,39,20565,159000,6,26500,1.289,327,2,2.1,no
CR0947,42,69287,410000,24,17083,0.247,600,1,14.7,si
CR0948,61,NA,74000,24,3083,0.156,666,1,1.1,si
CR0949,64,23210,79000,12,6583,0.284,660,2,2.5,si
CR0950,27,30548,65000,36,1806,0.059,588,0,1.8,no
