semana,consultas_respiratorias,temp_min_c,frio,humedad,humedad_lag1,pm25,pm25_lag1,influenza_google,busquedas_lag1,movilidad_transporte,dias_feriados,vacunacion_pct,lluvia_mm,lluvia_lag1,school_in_session,llamadas_info,ocupacion_hospitalaria_general,costo_transporte,tendencia,semana_del_anio,ruido_redes_sociales,ruido_administrativo
2022-01-03,161.3427024145898,8.567508123860717,6.432491876139283,63.0001398255921,63.0001398255921,21.087456433294566,21.087456433294566,7.709794283707722,7.709794283707722,88.89189233698909,0,44.19051079981703,4.249901600484539,4.249901600484539,1,313.58771408356205,73.73101651437727,1.0822416609101548,1,1,0.8209967610295961,0.7642330670399556
2022-01-10,82.94457336354651,13.613703064857576,1.3862969351424237,95.68590767549165,63.0001398255921,25.555383246258373,21.087456433294566,3.486845573199384,7.709794283707722,96.65729586124169,0,51.612722320660154,1.1541404599861464,4.249901600484539,1,253.86948985080713,76.18990824113585,1.0200233999725803,2,2,-2.5133271755422095,0.3837271079909034
2022-01-17,161.61190335314086,6.7264941917918,8.2735058082082,65.26283065316471,95.68590767549165,35.97816067812032,25.555383246258373,16.9835898708571,3.486845573199384,109.84641333783975,1,52.416455885637966,22.670162177118343,1.1541404599861464,1,213.84189078203144,59.357350003933135,1.23548526735536,3,3,-0.356421058479968,-0.10904527379999283
2022-01-24,163.80541449754404,13.123612261003114,1.8763877389968862,53.07624454987025,65.26283065316471,15.25760429919082,35.97816067812032,11.70324319689725,16.9835898708571,91.71949636879535,0,49.30812405130532,0.37301681418197097,22.670162177118343,1,326.99901978316905,90.05473994752418,1.1774414673812903,4,4,-1.4100474316839675,-0.8722434145929275
2022-01-31,168.2999611407774,4.1096177153527185,10.89038228464728,84.71919169592681,53.07624454987025,24.440134776807223,15.25760429919082,2.0457287322284388,11.70324319689725,117.58864939667866,0,57.6064373338722,5.31494519212574,0.37301681418197097,1,270.9374823684674,84.30662157251174,1.0898901296994787,5,5,-0.8473023257259459,-0.8500193321958115
2022-02-07,108.59174194188071,5.64498465235925,9.35501534764075,82.94285860825762,84.71919169592681,21.26769572218071,24.440134776807223,15.750228086924892,2.0457287322284388,84.74382406191268,0,47.59267522679515,8.29640489466709,5.31494519212574,0,268.2168868160767,63.216169717915754,1.1756343586404425,6,6,-1.2985642351011666,0.5954197427175297
2022-02-14,173.62918234213606,12.305975643052795,2.694024356947205,78.01717753748154,82.94285860825762,20.69499775406186,21.26769572218071,9.095855759908478,15.750228086924892,127.3877713715581,0,46.81724939567495,0.336232171920099,8.29640489466709,0,249.10977608820224,81.91780148113692,1.3809214468116686,7,7,1.1125638252363228,0.7201323587472356
2022-02-21,196.59425420393066,5.28546480345496,9.71453519654504,81.039212628789,78.01717753748154,21.18941117835309,20.69499775406186,17.9286612607801,9.095855759908478,66.73021709732502,0,53.08053118490697,6.3589363013585904,0.336232171920099,1,203.85093875248265,67.78299967674467,1.2875639588779022,8,8,0.4651075123051504,3.526546634543113
2022-02-28,175.13269827203933,12.555228822626244,2.444771177373756,64.49701449714208,81.039212628789,8.654242302696774,21.18941117835309,12.804596992368168,17.9286612607801,100.3448091628822,0,44.432135906996926,0.1875842703852983,6.3589363013585904,1,295.9074245892782,69.48600200308987,1.3444617044281333,9,9,0.7420769933329431,-0.2625148025678443
2022-03-07,111.70811008479586,17.203712271500915,0,47.7178165625403,64.49701449714208,20.85616163801459,8.654242302696774,15.467016944316672,12.804596992368168,90.28153894341916,0,43.90373701498406,5.41519632930488,0.1875842703852983,1,267.171258262496,72.91468972702832,1.3559047864352443,10,10,0.8489330553604554,-1.2146841387285645
2022-03-14,153.61052227321602,7.34921835708044,7.65078164291956,79.85273283942966,47.7178165625403,18.835572420935822,20.85616163801459,11.460285042272174,15.467016944316672,98.29077737481474,1,48.60399437059806,2.379203426435987,5.41519632930488,1,268.90624984282323,68.5654620529851,0.9980337072066734,11,11,0.04465333198045949,-0.17995422057311392
2022-03-21,92.69720433527766,15.017487003729766,0,56.888712236969994,79.85273283942966,20.425621913677574,18.835572420935822,23.115606597877864,11.460285042272174,91.49734504533873,0,40.93764125619269,6.48052496391772,2.379203426435987,0,209.04131563617014,73.094149466608215,1.171587142398301,12,12,-0.9037622741815372,-0.6558205287136722
2022-03-28,180.37741906301378,6.742335937097193,8.257664062902807,89.39933395056173,56.888712236969994,22.903657914499835,20.425621913677574,3.967238215383023,23.115606597877864,104.43495207792543,1,42.87708697595173,7.675992200340981,6.48052496391772,0,287.7551891526034,68.33046988618547,1.0921500112317946,13,13,-0.1249184388381087,-1.2375889908973887
2022-04-04,173.4918364572644,7.8402924666800295,7.1597075333199705,50.70310191499213,89.39933395056173,34.28850382990164,22.903657914499835,17.96729861979927,3.967238215383023,108.26997492693938,0,40.990658742128225,1.4884757695942787,7.675992200340981,1,240.37489340705267,76.46162410037623,1.3249387436326938,14,14,0.4880826062157471,-0.3971408891662077
2022-04-11,148.17327979586443,12.194438414692112,2.8055615853078884,61.87410455869252,50.70310191499213,25.16229575891429,34.28850382990164,11.43655001416369,17.96729861979927,84.60869584388851,1,51.78858133685084,4.610046373439475,1.4884757695942787,1,192.287929223245,76.55113535735173,1.0811809452679173,15,15,1.513101842440223,-0.8822421058406619
2022-04-18,166.62285849838364,16.971622232014695,0,62.225373136380064,61.87410455869252,15.858755670349511,25.16229575891429,14.39748248984001,11.43655001416369,113.36698184635956,0,49.83053388720862,1.678610591242576,4.610046373439475,1,256.63879845792707,70.63517485838564,1.2513963936271513,16,16,0.13501502410642213,-1.556621635300543
2022-04-25,104.11442669807148,11.442011180239575,3.557988819760425,86.72221606927764,62.225373136380064,26.80184392302098,15.858755670349511,14.985072057771816,14.39748248984001,116.32977362561078,1,52.38816855331468,3.117004652278292,1.678610591242576,1,222.42056867767045,78.71980738187519,1.1473474709646954,17,17,-1.132429361771551,1.9620464002946285
2022-05-02,168.7448637656397,11.57135920838219,3.428640791617809,62.759179422677725,86.72221606927764,37.452296613254795,26.80184392302098,6.629236967442627,14.985072057771816,97.63688143818608,0,50.914078511047485,2.760287612038571,3.117004652278292,0,272.60549083581384,83.51880366098715,1.3086634597766176,18,18,-1.3758760811500477,-0.1598987688181318
2022-05-09,142.32493546504577,22.745156407077204,0,77.70238401870787,62.759179422677725,32.94302542630551,37.452296613254795,8.841442585688162,6.629236967442627,92.95787090600203,0,61.802383786367386,0.05688639574477371,2.760287612038571,1,230.00279217981688,71.93595707100746,1.1378022326441235,19,19,-0.6980443680750492,-0.4995056537346535
2022-05-16,107.96650936623027,11.799127858644946,3.2008721413550543,69.61934701992845,77.70238401870787,18.92868978447206,32.94302542630551,10.025895465184366,8.841442585688162,76.72786058130889,0,48.61634481374466,0.17628958426987437,0.05688639574477371,1,262.1556800293648,58.5139355964157,1.1243424943067957,20,20,-0.22156183817751474,-0.0039538571677560815
2022-05-23,84.13784366876754,11.888155995577293,3.111844004422707,48.453277766986304,69.61934701992845,4,18.92868978447206,9.129366571926699,10.025895465184366,98.35182509125019,1,54.70975479748221,4.369151037959897,0.17628958426987437,1,316.3292120481578,60.53735763201155,1.3310979556082523,21,21,-1.212022817996473,0.25890263789921436
2022-05-30,112.49156375459151,7.546260919388426,7.453739080611574,75.82917734662324,48.453277766986304,24.696094382440144,4,9.414745126587245,9.129366571926699,133.84540924200817,0,50.423161649227644,5.770886913193837,4.369151037959897,1,267.6087705386835,70.49007215434051,1.2059352094413311,22,22,0.24771553218112266,0.4381185158604963
2022-06-06,201.59083913057185,6.901192877147071,8.098807122852929,58.63447792854135,75.82917734662324,39.15091223790383,24.696094382440144,8.764082248044408,9.414745126587245,105.21010698259144,0,53.50642576149214,5.697994870018787,5.770886913193837,1,303.3277499034433,66.9568481793097,1.1169193640575128,23,23,-1.87831164435162,0.0038189370066024717
2022-06-13,127.7580830267213,9.522613454621744,5.4773865453782555,98,58.63447792854135,29.57278843128029,39.15091223790383,3.6673889358825216,8.764082248044408,112.54686125233054,0,47.62230963419173,1.8508334988931328,5.697994870018787,0,180.9551683908507,69.19573926276162,1.3005239233254047,24,24,-0.8263669110557429,1.0372843541902528
2022-06-20,124.44810633797928,15.645267441819746,0,59.729177658015416,98,36.114603920020386,29.57278843128029,18.32806806107852,3.6673889358825216,113.83227397600217,0,61.364302790977774,0.9130892590499003,1.8508334988931328,1,259.9484303694469,72.21807985516953,1.1428656162361341,25,25,-1.2761818388666393,-0.3552929469921977
2022-06-27,150.90703951639256,11.22850022360591,3.7714997763940907,61.56322009285617,59.729177658015416,22.996345937129654,36.114603920020386,8.54036208908253,18.32806806107852,96.55705159630301,0,54.05774248883768,9.24119424556678,0.9130892590499003,1,218.10659211096748,64.48023006064098,1.2682213225769492,26,26,-0.5495936053412951,0.5837532486615081
2022-07-04,97.3373477140392,17.554019948111293,0,78.7544761215561,61.56322009285617,28.085880955670724,22.996345937129654,28.966485525719378,8.54036208908253,106.0323829591812,0,52.463428919788115,6.1328236396361735,9.24119424556678,1,250.5636151728048,76.59497987707873,1.163706433297537,27,27,-1.3507783657879169,-0.9976219313248194
2022-07-11,174.15526037211666,6.522469079526672,8.477530920473328,65.451256007666,78.7544761215561,6.246124929291101,28.085880955670724,12.975715458582588,28.966485525719378,123.6671389651101,0,47.59368898734663,6.322230397059545,6.1328236396361735,1,201.73000083207904,68.9777000686164,1.2684825145203398,28,28,-0.7065595330295132,-1.2265415856269615
2022-07-18,111.64990664886452,10.547005838609747,4.452994161390253,63.63082555302753,65.451256007666,23.478633712356302,6.246124929291101,10.787268310102588,12.975715458582588,113.37833291374082,0,61.01695571448614,2.0422019220887853,6.322230397059545,1,314.3452555914057,76.05597747786408,1.2018027721117537,29,29,1.242165712616499,0.03975081536019179
2022-07-25,142.0398082351005,11.164482353184415,3.8355176468155854,54.494541486254384,63.63082555302753,31.15611927113146,23.478633712356302,12.549413125098491,10.787268310102588,96.53958325100494,1,51.745906918882014,6.32865793996914,2.0422019220887853,1,212.35765965680082,69.04743381959874,1.326682177869223,30,30,0.2218763929467434,1.3143769855810365
2022-08-01,123.72709608819031,12.262064903287188,2.737935096712812,72.9662893213198,54.494541486254384,32.346725022519145,31.15611927113146,4.941866099481398,12.549413125098491,134.30305732433322,0,56.700691552536384,2.0862428047951624,6.32865793996914,1,295.2777058256388,70.14102156933664,1.1674595050233352,31,31,0.18645408872970928,0.620509462033742
2022-08-08,102.60348849690456,16.20447319432182,0,60.31584217604539,72.9662893213198,27.612572339132534,32.346725022519145,12.001457858352508,4.941866099481398,90.019780888467,0,60.030404419300716,0.8197626155778548,2.0862428047951624,1,267.0013223881152,54.47955750754591,1.2399799138975403,32,32,1.3370539408457442,1.2348594625514548
2022-08-15,118.9017915111591,15.46934708873605,0,59.23098359359861,60.31584217604539,21.210844227157597,27.612572339132534,7.838185736790961,12.001457858352508,112.44688762555226,0,57.38361569519003,2.2872731619963766,0.8197626155778548,0,207.1270713145655,74.75668301177764,1.096580447763577,33,33,-0.3357048490816689,-1.559521427520992
2022-08-22,137.57223746212918,11.131792046379104,3.868207953620896,66.03407839795307,59.23098359359861,15.799164886962284,21.210844227157597,11.875797342069765,7.838185736790961,121.2250408335471,0,51.46465796396804,5.690611534314208,2.2872731619963766,1,296.12863460001756,64.75078416773967,1.3616816335091373,34,34,1.0797504777932418,-0.8369376443016402
2022-08-29,139.15209461695386,6.853620309700409,8.146379690299591,72.65288532624962,66.03407839795307,32.08445362515617,15.799164886962284,5.114207263391394,11.875797342069765,102.819569991111,0,52.64446573224566,3.8744533528741445,5.690611534314208,1,247.9688263036329,76.60194964920873,1.083533105399731,35,35,1.5416745147307944,1.5523682372504584
2022-09-05,197.74319992597734,-0.8963043136486615,15.896304313648661,64.1972138346944,72.65288532624962,4,32.08445362515617,6.654082495242985,5.114207263391394,77.83861485644323,0,51.33198703724645,12.158597334830894,3.8744533528741445,1,230.53671285821963,77.27644661064166,1.3786822211806737,36,36,-0.07474374083468442,0.32072179408016743
2022-09-12,104.1231847194075,11.405747304896465,3.5942526951035347,61.26985337140558,64.1972138346944,18.702015686796887,4,40.95235488839053,6.654082495242985,83.4965465762387,0,55.3744746020603,1.6209212812301972,12.158597334830894,1,189.45297057105012,72.68897420903859,1.0803217955676954,37,37,-0.04137126769502884,0.29744612506823026
2022-09-19,169.66743285579363,17.488082700388638,0,63.79832761656003,61.26985337140558,44.59395584460509,18.702015686796887,23.929431509884072,40.95235488839053,100.36799111645917,1,57.05470949958809,4.702319733270769,1.6209212812301972,1,257.2565251371056,67.29176616719872,1.17021846434261,38,38,-0.7568023860655906,-0.15447657564605408
2022-09-26,155.2438179396116,15.231099262967469,0,64.86459391694517,63.79832761656003,17.526480685094892,44.59395584460509,15.78420974008251,23.929431509884072,93.95221564491371,1,59.94956058695117,0.931884667327529,4.702319733270769,1,294.2029134456608,65.9505149700664,1.0848382745509553,39,39,-0.2781855313299845,-0.11315407586038621
2022-10-03,116.34023181985671,17.722240768957654,0,44.06238647260837,64.86459391694517,7.32402033699076,17.526480685094892,10.204944261573864,15.78420974008251,121.97991677783068,0,53.210085336377716,6.857819900286616,0.931884667327529,1,246.1927433770864,76.63608506123813,1.3486416029287656,40,40,0.38204872002367085,-0.12968267514872484
2022-10-10,139.76689446268983,4.869979082532026,10.130020917467974,75.36383317692517,44.06238647260837,36.55345508919743,7.32402033699076,8.055922341522393,10.204944261573864,130.38496072491847,0,49.6699932635047,4.448918831676379,6.857819900286616,1,245.35880749731345,67.89289764638953,1.236586191238182,41,41,0.21152608900440248,0.5056926746736867
2022-10-17,144.99147873734782,9.409422368067519,5.590577631932481,65.68794953198926,75.36383317692517,28.67826422831153,36.55345508919743,5.836184225868876,8.055922341522393,86.1997396970293,0,52.87747669125882,0.8945026494102482,4.448918831676379,1,218.88264800134746,70.31599397110887,0.9719328027506907,42,42,-0.12285165657578605,-0.1909494782358389
2022-10-24,88.57803319584148,13.117082162534503,1.882917837465497,53.11611240028982,65.68794953198926,17.230131993632444,28.67826422831153,5.513492897009851,5.836184225868876,87.99716438216477,0,57.65196877712605,2.9077005345523745,0.8945026494102482,0,240.79178827778802,78.02816860028267,1.3262346152306854,43,43,0.19955859705934367,0.2970358534532933
2022-10-31,149.85394552932146,9.098333741124982,5.901666258875018,39.41441968056805,53.11611240028982,23.52958043944031,17.230131993632444,16.415887745860196,5.513492897009851,120.9639585482806,0,58.78965050353571,5.238701420870257,2.9077005345523745,1,229.31248427977135,74.98160616595425,1.0186429299255126,44,44,0.4567815632478222,-0.006748747839923621
2022-11-07,118.32579861979083,14.06697005494235,0.9330299450576494,66.3924999592564,39.41441968056805,14.541371705089086,23.52958043944031,15.995336303909482,16.415887745860196,111.8555153309122,0,69.25863751335368,1.8304150315454342,5.238701420870257,1,248.46053807520644,71.65146963341819,1.0511159574515345,45,45,-0.9880896329616361,1.922608248207561
2022-11-14,84.04155116286563,16.617318806621824,0,90.54087584510349,66.3924999592564,30.094315703990908,14.541371705089086,29.94271264218587,15.995336303909482,121.51023006421553,0,55.57508381025811,12.40701547672037,1.8304150315454342,1,196.0797623795344,67.8559351112473,1.445069340245257,46,46,0.01960185315546384,-1.7046692173342275
2022-11-21,153.38698011884586,12.24975891642703,2.75024108357297,63.86701958878867,90.54087584510349,22.034426167439634,30.094315703990908,7.799223955406555,29.94271264218587,88.29731706955748,0,49.42591804243515,1.7824527459427404,12.40701547672037,0,146.67236672190558,61.290246916015064,1.1871716355545026,47,47,1.263287785371315,1.673230053625689
2022-11-28,179.7092308815635,-0.9753057657357314,15.975305765735731,70.9878956025897,63.86701958878867,16.818125372959422,22.034426167439634,34.8542534919794,7.799223955406555,112.84299001969302,0,54.13257615622723,4.845985925486111,1.7824527459427404,1,209.35091953762765,77.31454898151749,1.1415683045166616,48,48,-1.443820398407695,1.180562565554501
2022-12-05,184.69413970566734,10.633471594836951,4.366528405163049,61.576509489730796,70.9878956025897,26.369544207722207,16.818125372959422,13.198110759589689,34.8542534919794,132.8908744659189,0,59.339860498104954,1.8817221163099305,4.845985925486111,0,214.4304659010094,68.06297909906336,1.277571489129237,49,49,-0.2066846472654722,0.7085642582568457
2022-12-12,132.49650244077148,18.686247817464995,0,71.38129116704599,61.576509489730796,24.374641615331292,26.369544207722207,15.52518704428722,13.198110759589689,69.57486393749447,0,51.84834448704933,6.551049070459091,1.8817221163099305,1,267.678892167771,72.26082238515845,0.8559537090672504,50,50,-0.8176663193265622,-0.8700184775783623
2022-12-19,139.04302934920838,11.70022194864021,3.299778051359789,62.069331172863045,71.38129116704599,8.559489174211407,24.374641615331292,9.958401804976935,15.52518704428722,103.3506077757794,0,55.68542101617756,4.472347546252308,6.551049070459091,1,234.38678306384261,66.2711220231353,1.2778329641914732,51,51,1.7685345614009809,0.5355863168869586
2022-12-26,76.49041948893063,9.880141633722204,5.119858366277796,67.47432735801503,62.069331172863045,28.078889043183054,8.559489174211407,5.0089542656380575,9.958401804976935,66.9706039274949,0,52.823721882515095,7.37222863102482,4.472347546252308,0,229.47357294301068,67.93973288053506,1.1341534349045843,52,52,-0.6324666558570996,1.1233555081565931
2023-01-02,158.7513069976502,9.74543258346363,5.25456741653637,67.51384209802708,67.47432735801503,36.16112108291401,28.078889043183054,12.303083615520647,5.0089542656380575,97.32699787788252,0,56.87960532402711,10.822345402278982,7.37222863102482,1,352.5167689665344,74.18026009457941,1.2101552425259108,53,1,0.5288880740486475,0.6788393423122353
2023-01-09,155.65356014372276,15.52715080487537,0,59.84119931305108,67.51384209802708,18.66329981421122,36.16112108291401,20.400850791425764,12.303083615520647,91.44516960388187,0,41.96479524046724,0.8582033804484579,10.822345402278982,1,215.973239174813,71.25167920360482,1.2722435738577578,54,2,-0.4972715797750161,-0.588902773351014
2023-01-16,112.20994829283627,12.712991370938152,2.287008629061848,48.73059162449853,59.84119931305108,27.336548746437156,18.66329981421122,3.3609352592493424,20.400850791425764,114.63005256177429,1,58.056740122379125,0.5224810178019389,0.8582033804484579,0,275.5558025935013,70.76800159929564,1.2695284196284367,55,3,-0.3864489879703472,-1.7442754216468308
2023-01-23,79.05837117893826,18.946878414402562,0,81.9054953326356,48.73059162449853,23.769480936649675,27.336548746437156,3.4824168825481387,3.3609352592493424,113.3432885488944,0,58.07750927415206,2.9848858320420706,0.5224810178019389,1,242.03644979414483,80.85680811431689,1.0302510262906013,56,4,0.2753465826268675,1.2266922315707876
2023-01-30,106.86855895039236,18.187940500097934,0,97.5351857392734,81.9054953326356,24.925678706108563,23.769480936649675,29.673191204740792,3.4824168825481387,93.25786643966676,1,58.10869415752414,3.4147655445019662,2.9848858320420706,1,260.24054464822837,79.97564421713037,1.3638918522798062,57,5,-0.5827758868027537,-0.34912891476488833
2023-02-06,175.5728237723685,12.436541249839397,2.5634587501606028,74.90396526430249,97.5351857392734,20.71374740219837,24.925678706108563,12.14153271069889,29.673191204740792,123.04562355327161,0,65.7395133668019,8.613952346646476,3.4147655445019662,0,280.5035956886889,67.51150850101621,1.1856425050947963,58,6,-0.690967686972532,-1.4175405554536316
2023-02-13,173.58272999728203,-3.9840095543261356,18.984009554326136,60.27819872603918,74.90396526430249,27.596314021495395,20.71374740219837,12.63769470914941,12.14153271069889,108.88264879522674,1,65.19205489056192,7.701516240709562,8.613952346646476,0,304.44629431976057,77.60045311238365,1.3288286687926174,59,7,-0.9892508089374662,-0.01258662781660385
2023-02-20,130.70870124410544,28.92730484932446,0,61.38933254684134,60.27819872603918,11.590848911098817,27.596314021495395,6.263873206056091,12.63769470914941,111.8905262996417,0,50.29805635580422,5.660245797438891,7.701516240709562,0,204.33253050648716,73.72610173414104,1.3824481700783382,60,8,0.26234609423192035,-0.5483748297508221
2023-02-27,99.41385382621087,25.688483617369258,0,83.691595749997,61.38933254684134,20.942025144757245,11.590848911098817,9.906904997049127,6.263873206056091,76.78945502639752,0,58.226355530274304,3.8417335611324708,5.660245797438891,1,294.04804038790473,73.07940758075921,1.1948727458347401,61,9,0.6301442233259504,0.8819650295286896
2023-03-06,166.30132534935575,8.28686292993926,6.713137070060739,63.393285267680206,83.691595749997,24.71317362811508,20.942025144757245,10.496109765693461,9.906904997049127,128.16039937864602,0,61.68998237112016,2.303710967070806,3.8417335611324708,1,218.107195333985,80.730726333507,1.2062280939308152,62,10,-0.5114789895338488,-0.060442418546879664
2023-03-13,109.72461740957397,13.321535513467111,1.6784644865328886,52.383689895736715,63.393285267680206,28.94382582514197,24.71317362811508,10.844632830225637,10.496109765693461,101.5649167529215,1,61.486476228798075,5.074282231942086,2.303710967070806,0,288.6572153620276,62.89034310999679,1.2491447049722522,63,11,0.7882501472006146,1.0477476569846844
2023-03-20,124.72068503966842,10.996625700237827,4.003374299762173,60.2255147509826,52.383689895736715,35.319470416199195,28.94382582514197,12.936678387326653,10.844632830225637,115.0721791618564,1,56.888293698941844,2.948016491565582,5.074282231942086,1,202.59584545161135,86.6986877159526,1.2871966742860477,64,12,-1.458432874871241,0.9476046463441075
2023-03-27,117.36754336668176,26.659540670027503,0,43.8962962754377,60.2255147509826,15.257023028905664,35.319470416199195,16.016067046472433,12.936678387326653,112.43710615279875,0,57.19038836881289,6.246676068186922,2.948016491565582,0,182.17332852113853,79.72005916575418,1.2658713742118954,65,13,1.3964874248067172,1.2447463820365943
2023-04-03,181.88463945528883,0.731996371811503,14.268003628188497,64.67032874643748,43.8962962754377,25.63667455676072,15.257023028905664,10.822036068221674,16.016067046472433,116.72730035518549,0,57.7255827718589,8.65481657688454,6.246676068186922,1,221.48419029852212,67.21145232380859,1.288731565418079,66,14,-1.8709277812589733,-1.6020657168051946
2023-04-10,202.14923076166775,3.9942824232700964,11.005717576729904,69.3082671047036,64.67032874643748,19.964050155594787,25.63667455676072,17.372041939489115,10.822036068221674,101.21554714508507,0,64.08500057474363,4.776168120552235,8.65481657688454,1,289.96598532106685,72.86911891510476,1.1529135866526412,67,15,-0.38318326636057387,-0.7428880231629005
2023-04-17,108.47992278772595,16.281402762051652,0,80.18245728732934,69.3082671047036,21.392883093408912,19.964050155594787,13.471638221352528,17.372041939489115,116.11619676052527,0,65.87264390199552,6.1280108120942485,4.776168120552235,1,175.69041153949917,75.4548603933385,1.1948514291954062,68,16,0.38591433446283885,0.06958059989834346
2023-04-24,136.469483664406,10.771641544093924,4.228358455906076,66.47271585307494,80.18245728732934,32.48397267274635,21.392883093408912,14.048770108762538,13.471638221352528,93.36054491662098,1,57.829305736491186,9.939662049595812,6.1280108120942485,0,245.04058537377526,66.85515370987429,1.3141339517033903,69,17,2.368728075625358,4.444924423124374
2023-05-01,120.2204461641438,14.148575640204617,0.8514243597953826,89.93686350516363,66.47271585307494,9.774283871150642,32.48397267274635,9.647969552661928,14.048770108762538,82.49943089120185,0,65.13773778920668,2.714269161293436,9.939662049595812,0,275.26780730258145,70.36511871717533,1.2820405060007487,70,18,0.4834060385635881,-0.405732104972226
2023-05-08,95.24489960285524,17.053295934317177,0,79.4366540080877,89.93686350516363,19.067834287651415,9.774283871150642,9.155057962086685,9.647969552661928,91.690024835669007,1,67.36731090453968,6.552853156305574,2.714269161293436,1,246.59136116305802,59.82078151853517,1.037976762988963,71,19,-0.3199604865066164,1.166415052077357
2023-05-15,100.7446238490297,12.204744555976855,2.7952554440231445,60.79662134101324,79.4366540080877,23.545857542770886,19.067834287651415,11.019492019320607,9.155057962086685,120.64589263255812,1,66.6287116964691,10.279117299688943,6.552853156305574,1,273.5795713085036,69.07937194345462,1.3421640800209154,72,20,0.2356689768514443,0.7841609794461866
2023-05-22,99.62012612524718,19.174084076235637,0,59.58678659816192,60.79662134101324,17.138020149099678,23.545857542770886,13.925371148244116,11.019492019320607,117.42393884613925,1,54.99130400474121,3.610221837031311,10.279117299688943,1,260.715970891627,82.17662564955421,1.2646130146291545,73,21,-1.638350251738285,0.44669974755283176
2023-05-29,145.5457969609419,11.79522110688863,3.2047788931113708,72.26495869310077,59.58678659816192,23.865518844792025,17.138020149099678,6.287321826003382,13.925371148244116,121.9494938073893,0,61.894563728264814,4.258328331454508,3.610221837031311,1,248.7775011247976,72.5273465029878,1.1653359873468645,74,22,1.4197498307544225,0.8656228011221876
2023-06-05,118.08376962822109,7.906011869832977,7.093988130167023,77.01507221202763,72.26495869310077,35.579811886185425,23.865518844792025,4.524206976460901,6.287321826003382,141.71377877209176,0,69.57963432690781,1.9953828405788054,4.258328331454508,1,232.59460956274108,58.71253858300246,1.2371704763909932,75,23,-0.12422076008056702,-0.9993299752222436
2023-06-12,122.14517587885257,18.960182868796362,0,75.86393213118492,77.01507221202763,19.175668547440715,35.579811886185425,22.409585168365865,4.524206976460901,113.07250872579418,0,65.98278932991167,3.4497294594790633,1.9953828405788054,1,260.13089086471604,80.99647972685143,1.1993893333155488,76,24,-0.27671516131972745,0.5033764302603874
2023-06-19,211.30745413772428,1.6788750911961987,13.321124908803801,61.03226771525683,75.86393213118492,31.633609635437743,19.175668547440715,2.6772037543443616,22.409585168365865,76.22677806334596,0,51.913420270078454,7.963827136087228,3.4497294594790633,1,229.36210457793757,66.79092582846914,1.1756197486182172,77,25,-0.9051004472354983,-2.2154919882661446
2023-06-26,105.54233281180973,11.894158224399131,3.1058417756008687,62.00511704545497,61.03226771525683,18.154366402559017,31.633609635437743,24.985828518431656,2.6772037543443616,91.8390333117004,0,65.47782163439251,0.5488420291810975,7.963827136087228,0,302.1025552113802,68.36701998528882,1.1332085477608294,78,26,-1.3516521329546103,-0.32861839952861616
2023-07-03,222.7797882679325,-4.17710440022136,19.17710440022136,50.39368389021856,62.00511704545497,36.422362004580116,18.154366402559017,2.2734718582830253,24.985828518431656,100.9674334174714,0,63.01905923868268,0.5750952795211464,0.5488420291810975,1,253.5935483703374,90.34044823440333,1.1751326856061206,79,27,-1.8536482574877329,-0.4987234790999273
2023-07-10,102.61148414462534,9.07191233837483,5.92808766162517,49.00805359832535,50.39368389021856,25.90107072994694,36.422362004580116,17.86747483516754,2.2734718582830253,122.37631332084653,0,68.79046760125635,3.2796194096858895,0.5750952795211464,0,263.270517118451,73.19604846347299,1.1646803117646698,80,28,-1.870930807636203,-2.7285510819716654
2023-07-17,158.7796225846714,6.6472299760616504,8.35277002393835,82.91409780174006,49.00805359832535,24.197264251932015,25.90107072994694,10.984574535657028,17.86747483516754,129.9630136402181,1,64.74541551597127,9.579767795350891,3.2796194096858895,0,272.2084505769054,65.23226782760854,1.139735091545103,81,29,-1.0982990714952257,-1.1678894752461846
2023-07-24,102.15881679610708,16.873153580156668,0,35.47140973868608,82.91409780174006,32.88253973977861,24.197264251932015,9.277664064111839,10.984574535657028,112.83384908091774,0,68.31392327705485,1.4721232309017696,9.579767795350891,1,249.38822237839838,68.06247984322181,1.2785721314602203,82,30,0.7255683131038507,0.8131662633893249
2023-07-31,130.6196119100669,16.125303877843123,0,53.00473667698821,35.47140973868608,37.78602646404912,32.88253973977861,10.75522018015391,9.277664064111839,89.67250026606916,1,62.10048185244301,2.849174532448576,1.4721232309017696,1,349.7539607610121,71.2590774510806,1.1371072322919362,83,31,0.4741699306059026,-0.3155644538240414
2023-08-07,160.71101554023045,6.719348691243313,8.280651308756687,52.92147938878607,53.00473667698821,22.445570737046822,37.78602646404912,7.6643968982253226,10.75522018015391,101.83011892186413,1,63.72812493038201,2.514456784463349,2.849174532448576,1,290.9139277409023,77.59697712767756,1.4723178432193955,84,32,-0.576366486094352,0.4992342698431441
2023-08-14,83.83783833361865,14.812087385361508,0.18791261463849196,47.662267789034026,52.92147938878607,10.893013272276434,22.445570737046822,1.8824042031415682,7.6643968982253226,101.58162899165863,0,51.24909568884985,7.0173449850947796,2.514456784463349,1,244.38857561408048,68.60498487912005,1.118118148581672,85,33,2.249695449525813,1.5833760952697897
2023-08-21,194.13565087499938,-1.6179986551200365,16.617998655120036,73.8269870361948,47.662267789034026,22.4863538422301,10.893013272276434,0.8557108995374867,1.8824042031415682,97.72095986661797,0,56.58224597184329,4.737534809263261,7.0173449850947796,1,257.96745995364967,79.21969698241732,1.2221134749006384,86,34,1.4484997195142562,1.0869384975671221
2023-08-28,111.84576030975569,11.966035822321615,3.033964177678385,74.30573825824062,73.8269870361948,24.41011184060815,22.4863538422301,15.80653389566295,0.8557108995374867,86.75077522016845,0,67.4734827423847,1.6191306490440525,4.737534809263261,1,239.98711880646766,77.44927777120657,1.1917890357868668,87,35,-0.2676883776272039,0.3666794959850154
2023-09-04,143.88251921753505,5.095516053844769,9.904483946155231,77.29008165388625,74.30573825824062,31.623287619053862,24.41011184060815,15.249713665713035,15.80653389566295,89.50969164243187,0,64.1143903462788,9.236028844884043,1.6191306490440525,0,242.1866559294579,64.97181275469347,1.311863260333866,88,36,-1.1578422453446002,0.1951935359624576
2023-09-11,143.1652175284565,10.087107080624499,4.912892919375501,91.83815941158578,77.29008165388625,38.424390334477586,31.623287619053862,21.69291355274866,15.249713665713035,109.46651308329237,0,65.80486076732493,1.0207663525931965,9.236028844884043,1,193.4482401121758,59.6217851792762,0.9806896069209918,89,37,0.04179169995795421,1.0162326858851352
2023-09-18,145.25233199501326,9.36821780423664,5.6317821957633605,67.68733079913244,91.83815941158578,27.162253293612014,38.424390334477586,1.9938677035036445,21.69291355274866,92.02229718230643,0,56.577922776781385,0.5614277213137419,1.0207663525931965,0,202.2447348068248,72.8803480253568,1.2880586481742096,90,38,-1.0835181316600484,1.433510405590694
2023-09-25,48.019244040285486,21.147630285045157,0,52.32465134285175,67.68733079913244,44.505095189222686,27.162253293612014,5.540113121215087,1.9938677035036445,105.38782675312572,1,66.42106096352046,3.934834428091817,0.5614277213137419,0,286.07649041006465,65.17934916520841,1.156901927089787,91,39,-0.8034809277011872,0.3026227132845357
2023-10-02,158.1914652194406,7.142924299452466,7.857075700547534,56.15568068838792,52.32465134285175,20.004121287704848,44.505095189222686,3.397548884657086,5.540113121215087,72.69307734815382,0,66.05619582281798,2.231049930573987,3.934834428091817,1,243.3334389205415,77.84238349309952,1.1042765939803245,92,40,1.5804011103979563,-0.5241324976551043
2023-10-09,146.61736876928902,5.644100544074516,9.355899455925485,98,56.15568068838792,24.31312505323532,20.004121287704848,17.71397546030296,3.397548884657086,86.58321806347456,0,68.51909136123444,5.384688223001448,2.231049930573987,0,334.48011690899,75.78188991746468,1.281195894009454,93,41,0.23446969451854538,0.9036428398382939
2023-10-16,140.45384558707755,12.48294610226107,2.517053897738929,66.1134268311317,98,22.069277088396845,24.31312505323532,10.171351288021302,17.71397546030296,103.20695782867217,0,61.117697891629994,1.4804698853968192,5.384688223001448,1,331.9204497487634,73.08622872636981,1.2675424299752387,94,42,1.0726972532967904,-0.14508136554626747
2023-10-23,94.28117776068189,13.801325066342262,1.1986749336577383,67.38632768055889,66.1134268311317,9.9326142062655,22.069277088396845,15.799242416396497,10.171351288021302,115.38058678010779,0,66.76967630167063,11.57846962613126,1.4804698853968192,1,180.17267742947575,79.53390313800682,1.3073515304236447,95,43,-0.9420734659286386,1.1054421846570401
2023-10-30,193.0166827111566,3.1966114419731646,11.803388558026835,61.19164893262653,67.38632768055889,26.448404225787517,9.9326142062655,46.16613471043893,15.799242416396497,90.57602918102816,0,65.5280585777019,0.7068523607279605,11.57846962613126,1,201.78942546440229,64.0171861059715,1.1637579384861447,96,44,-0.33446273309825386,-0.7740036628479724
2023-11-06,197.14022141154908,20.501935903377486,0,55.8198604928119,61.19164893262653,14.708276418925571,26.448404225787517,6.548433489492565,46.16613471043893,82.19319941789863,0,61.854114215401815,7.602662303731175,0.7068523607279605,1,280.82343883346545,81.08481383452265,1.112734568850109,97,45,0.9563662246620946,-0.9069793007395182
2023-11-13,179.06104848337804,3.327300837658493,11.672699162341507,66.49674097221211,55.8198604928119,24.473096509820657,14.708276418925571,5.201458480098573,6.548433489492565,121.9772677871996,0,65.72262391608601,5.123964371378584,7.602662303731175,1,208.75486771899403,87.1134299262713,1.2682465994226055,98,46,0.44433321706874007,-1.4215715381052794
2023-11-20,121.09245265128767,12.55936691878558,2.44063308121442,80.54305894189528,66.49674097221211,28.907268533565997,24.473096509820657,11.65959626357592,5.201458480098573,122.0623569933739,0,64.25840143489602,0.6612204050539207,5.123964371378584,1,293.94335804646033,64.9518556339726,1.1016781581393622,99,47,1.066934661011652,0.11720609808392142
2023-11-27,95.21455417180044,19.64857664482767,0,66.44644090116121,80.54305894189528,32.81729409665447,28.907268533565997,5.51716183998005,11.65959626357592,106.27490402392131,0,67.09003633087063,0.7446385999453753,0.6612204050539207,1,224.90179516303368,59.32911482178353,1.3147514327039722,100,48,-1.9852947844956437,-0.007224235666028645
2023-12-04,147.47048983834745,8.269382188580805,6.7306178114191955,56.97611425607933,66.44644090116121,19.983280791677178,32.81729409665447,6.790096922336259,5.51716183998005,104.6480209637158,0,60.59811547119822,7.541525570084739,0.7446385999453753,1,212.99481512825196,72.00294651836603,1.2129370032502664,101,49,-1.0249635349472288,-1.4358215073330332
2023-12-11,94.5898035326343,19.874100647874638,0,86.37692782594132,56.97611425607933,38.31612037537536,19.983280791677178,18.8846602951286,6.790096922336259,113.15830909761486,0,64.32073544703054,7.012325069338871,7.541525570084739,1,182.03932187211848,66.76619478629574,1.0749750763852113,102,50,-0.9957292589316289,1.2883913159421503
2023-12-18,154.4695661707651,14.947240716949311,0.052759283050688666,60.87560991952946,86.37692782594132,18.468416537113697,38.31612037537536,7.938254173362082,18.8846602951286,111.49606571925185,1,67.68420993384233,1.2712782671072385,7.012325069338871,1,279.04490873966097,87.99665981333867,1.183555959033895,103,51,0.1890872182589062,-1.2056895402033783
2023-12-25,190.57669446691477,2.755254564771324,12.244745435228676,66.59128893315453,60.87560991952946,10.401779098874233,18.468416537113697,9.430497809447452,7.938254173362082,98.40497729309448,0,57.785434448718746,7.818391810869741,1.2712782671072385,1,243.55890882896148,66.93872992724306,1.2988038130773418,104,52,1.183835886332305,-0.8459901853110495
2024-01-01,96.62245109749225,9.036903713013642,5.963096286986358,63.02643945716531,66.59128893315453,12.037373468302679,10.401779098874233,8.883336394761901,9.430497809447452,110.12172198892976,0,64.80976839145575,3.24647618116581,7.818391810869741,1,256.49540737652745,82.54027720499992,1.257129849686917,105,0,0.27651564581012283,-0.8758615768381461
2024-01-08,91.53294638620011,13.652680228474983,1.347319771525017,78.46016795217415,63.02643945716531,12.978865037310033,12.037373468302679,9.709617707651846,8.883336394761901,100.37048598253062,0,72.27142542492841,2.5644521680645442,3.24647618116581,1,312.5410727974712,64.15436510426707,1.1548079773706041,106,1,-0.3422756481199009,0.7156667229886655
2024-01-15,82.27881868661247,12.761330954286139,2.238669045713861,71.84675237213115,78.46016795217415,19.6508035170455,12.978865037310033,1.951107050120558,9.709617707651846,99.63010026893541,1,62.75903948424971,0.5580744194660783,2.5644521680645442,0,185.1041541507293,73.82226211497635,1.2161111955452637,107,2,-0.07939170401818285,2.550335640227951
2024-01-22,101.51689927481084,12.084972076626325,2.9150279233736747,66.8865214006955,71.84675237213115,20.609976033739592,19.6508035170455,5.790007732060358,1.951107050120558,74.17121849061473,0,64.36302482409417,3.302546464299839,0.5580744194660783,1,186.3682277987163,73.95477172422456,1.234126123946385,108,3,2.1856917639824265,0.4801004743916328
2024-01-29,107.41315621199978,16.87501499681098,0,51.246690862581865,66.8865214006955,23.47183700765863,20.609976033739592,5.107036413259241,5.790007732060358,94.9188325567231,0,70.80331645389032,0.8529888529525734,3.302546464299839,1,301.80381774822405,75.75459816035097,1.1607249693056432,109,4,0.5953312553954443,-0.052104558251756465
2024-02-05,113.6980276454425,9.403659536808108,5.596340463191892,82.33785368227055,51.246690862581865,22.357446551121214,23.47183700765863,6.4689157028721604,5.107036413259241,65.75307140047714,0,53.68052575967627,4.577053261264918,0.8529888529525734,1,240.64196127043598,70.80402247879523,1.2275137092505948,110,5,-0.016728697257649573,0.8914122811398508
2024-02-12,140.04404133116637,10.570579270379305,4.429420729620695,74.73368793043691,82.33785368227055,26.962995642642667,22.357446551121214,9.183912140767672,6.4689157028721604,90.19572523016262,0,70.5422494029954,2.8626004564371086,4.577053261264918,1,211.3530873193348,64.72976092789227,1.3417265908030673,111,6,0.1802405537869803,-0.8352680690740074
2024-02-19,80.09173180526689,14.150011613118012,0.8499883868819875,69.78108155063373,74.73368793043691,16.47311145363894,26.962995642642667,15.269468742482301,9.183912140767672,103.40265420523444,0,71.32387401025683,6.432397697815182,2.8626004564371086,0,233.56277432656034,78.49310749200595,1.2162812773313825,112,7,0.526471834709412,1.4014641900031735
2024-02-26,149.99644076032226,2.1868184723044006,12.8131815276956,58.27239479680536,69.78108155063373,18.697343089592838,16.47311145363894,6.91045485264291,15.269468742482301,92.34665402311543,0,65.60216073991016,6.572402018114973,6.432397697815182,1,256.9717208098758,67.98863409534962,1.2483047557906217,113,8,-0.037642580345198434,0.810264253745572
2024-03-04,120.51208639028283,16.283141543207577,0,56.47303038259071,58.27239479680536,31.484364186179953,18.697343089592838,13.37898410435976,6.91045485264291,102.0588913220411,0,66.18832079581851,3.444176382598902,6.572402018114973,1,243.83657937944932,77.28864469497032,1.2809078959745932,114,9,1.3140031831787429,0.9705334364681041
2024-03-11,182.40676844384302,0.8480652215491631,14.151934778450837,46.664401805708465,56.47303038259071,28.44603722498756,31.484364186179953,17.190327452270207,13.37898410435976,105.84560088873062,0,70.32413736972616,3.8062639957392705,3.444176382598902,1,274.775594252249,59.579318714231874,1.021416623490869,115,10,-0.1920073255373069,0.9596842508993355
2024-03-18,136.62040179432145,21.196872419605075,0,66.96019106455617,46.664401805708465,19.784377049306265,28.44603722498756,13.17676942965769,17.190327452270207,107.78402632408512,0,54.22815936710806,5.6876540944745475,3.8062639957392705,1,198.14319254487447,80.64862538286195,1.242263721626545,116,11,0.5315265648590022,1.2364725283182958
2024-03-25,127.09254593361783,12.342258860682469,2.6577411393175314,64.83131489641559,66.96019106455617,18.2342384549429,19.784377049306265,11.117749173435017,13.17676942965769,86.95342343992274,0,67.1397413316674,4.62577051940922,5.6876540944745475,1,204.69835248003565,76.2766455737029,1.3598769782738072,117,12,1.4036177116525752,-1.2072502061327584
2024-04-01,136.69104334434476,7.13210899002358,7.86789100997642,65.54712665262002,64.83131489641559,27.75605363158716,18.2342384549429,18.822775911499395,11.117749173435017,94.5634618601057,1,63.92087617499136,4.232899788954414,4.62577051940922,1,259.3214157939372,85.02253914125527,1.3077854760100593,118,13,0.03783422239892827,0.4438881944109467
2024-04-08,115.4952869502196,18.73632449014134,0,80.32905728502277,65.54712665262002,17.428140794698425,27.75605363158716,11.277988015864503,18.822775911499395,111.69811615234721,0,76.05953142404098,5.223204551351245,4.232899788954414,1,277.62284521400204,67.03370087182337,1.2015116393450596,119,14,-0.31578909997135673,-0.04528253501625249
2024-04-15,150.67340964541742,5.065988020327697,9.934011979672302,81.07866045700872,80.32905728502277,10.893319423797768,17.428140794698425,3.827251916196873,11.277988015864503,92.7818857193751,1,71.39105412088612,7.400806561484367,5.223204551351245,1,324.1622301269049,67.40491446418686,1.098773933008637,120,15,0.5808725758693071,-0.2623521558132562
2024-04-22,86.35024367578691,17.638856145128912,0,66.59563554770278,81.07866045700872,22.515730404082124,10.893319423797768,12.205843649299114,3.827251916196873,114.21844609496128,0,73.37358710305155,3.8429124321610817,7.400806561484367,1,240.96204587780534,73.77025335749873,1.1989362829651635,121,16,0.28864430272236535,0.005159771996586115
2024-04-29,92.690166366574,12.45041769707515,2.5495823029248506,68.56584961460531,66.59563554770278,20.922239590053767,22.515730404082124,6.517122085143275,12.205843649299114,96.3233365900934,0,69.18424260468824,5.021872421838126,3.8429124321610817,1,218.80198277858463,71.87719635561687,1.0995905986703935,122,17,-0.09471714747936771,0.4621195889014531
2024-05-06,89.53201693794624,22.068857221648244,0,63.570922173675335,68.56584961460531,25.119744846126856,20.922239590053767,20.9120781776133,6.517122085143275,94.98466421584493,1,68.52728105100628,3.380097623288837,5.021872421838126,1,270.2450675158026,81.79797421482384,1.2060034406564144,123,18,1.5010384703094812,0.10137314868187906
2024-05-13,156.14496702353202,9.209810942459974,5.790189057540026,81.95960358289175,63.570922173675335,22.059277685143744,25.119744846126856,11.220829437595912,20.9120781776133,103.9936856842217,0,65.23153418852826,2.945117298745279,3.380097623288837,1,252.1467720700491,76.77435450339385,1.1757280710931322,124,19,0.5593120666930195,0.005583795520071472
2024-05-20,116.36312079472621,16.05642621947836,0,89.12068470169795,81.95960358289175,20.462037683794733,22.059277685143744,11.488126768226364,11.220829437595912,69.37242531301457,0,77.2110533608167,0.7562182302486616,2.945117298745279,0,284.5472507035174,73.40174864457376,1.1578460089529112,125,20,0.2317153580455262,-0.7842387895420734
2024-05-27,162.21102799248766,6.632904249172515,8.367095750827485,56.932730353219284,89.12068470169795,13.423359590848474,20.462037683794733,23.201996455073445,11.488126768226364,123.40064215246235,0,67.03040271758437,1.838204176195295,0.7562182302486616,1,231.84738983358665,74.1381871518776,1.2761280177761816,126,21,0.9367090407828811,0.03059352349438206
2024-06-03,122.53743767248531,6.229377445310577,8.770622554689423,63.13543846120698,56.932730353219284,26.81369315181141,13.423359590848474,6.0054148421504765,23.201996455073445,121.57989935246668,1,69.11449669024458,6.167474191026245,1.838204176195295,1,259.9478553809944,70.68582337245198,1.162812090795054,127,22,0.13181421383577754,-0.22615814591630487
2024-06-10,94.73697035027988,20.680353193338732,0,65.45713756856516,63.13543846120698,22.050573797471806,26.81369315181141,18.976367478897515,6.0054148421504765,99.90078258192007,0,72.85456398933682,3.241465599629299,6.167474191026245,1,257.3549253369449,65.81956670800449,1.3224040322609876,128,23,0.6110260157406366,1.0685937206632143
2024-06-17,131.2328955466249,12.2259247478592,2.7740752521408005,73.29165649060339,65.45713756856516,22.655853229985336,22.050573797471806,11.828800223718735,18.976367478897515,118.33900608153971,1,68.43084303495091,3.599686731218063,3.241465599629299,1,213.9230493229409,73.28229880110302,1.1395192439551103,129,24,-0.5825787171559554,0.31765341960309046
2024-06-24,126.64506502206049,7.861156964691545,7.138843035308455,67.69234212906943,73.29165649060339,8.2039292745191,22.655853229985336,9.124137795638005,11.828800223718735,91.37908782427529,0,81.96429452383612,1.4743066154694155,3.599686731218063,1,292.97974979944684,75.09830321917725,1.1768411742550224,130,25,2.019447869802964,2.918770343727679
2024-07-01,98.81832178096937,16.930027741556465,0,72.73400112762477,67.69234212906943,30.35178794872178,8.2039292745191,3.9214163199890026,9.124137795638005,94.32341044206069,0,70.61769474608768,4.199484407379624,1.4743066154694155,1,237.44839088754398,68.48587929884117,1.2568380363964913,131,26,-1.4689718930788487,1.0514663762909786
2024-07-08,141.04053545166656,12.530150107745945,2.4698498922540555,70.8862512534416,72.73400112762477,23.85475004444652,30.35178794872178,10.48443007993951,3.9214163199890026,82.12595283440503,0,62.9079247367412,4.58370433847432,4.199484407379624,0,282.6287820165229,66.24383435720685,1.1802659992990048,132,27,-0.3779698804358064,-0.37099669793516665
2024-07-15,94.6289431275502,10.956221501931292,4.043778498068708,45.14569107965464,70.8862512534416,17.617914889127572,23.85475004444652,2.0985904601744694,10.48443007993951,114.6193253299421,0,72.98987076482666,2.9974599881684614,4.58370433847432,1,328.58344708591125,74.365072614423,1.1883077594104294,133,28,-0.42058526056067563,0.34874758126893074
2024-07-22,94.81168663857254,6.48202947931728,8.51797052068272,68.63009362636919,45.14569107965464,28.144428091440712,17.617914889127572,35.18498430190908,2.0985904601744694,91.18420571474606,0,74.45053110755393,1.54790367602859,2.9974599881684614,0,183.35767507364943,74.84845351544396,1.1322188074592925,134,29,-0.07804886044443099,1.23833636136868
2024-07-29,175.7505843456055,18.855736434312583,0,62.12220957145698,68.63009362636919,12.102738336447457,28.144428091440712,8.323150251340014,35.18498430190908,94.83715390619751,1,64.27105858768049,0.11500251497523599,1.54790367602859,1,255.955144937886,59.60528673171709,1.3804471684058857,135,30,-1.5217149569041193,1.1921770268115013
2024-08-05,82.19239812201734,13.299465843170136,1.700534156829864,60.278698343378075,62.12220957145698,24.938473119322808,12.102738336447457,7.035322446850589,8.323150251340014,93.98820046054408,0,78.69632486704032,5.44436187136035,0.11500251497523599,1,192.8580951118385,65.67339075310544,1.15999308161169,136,31,1.1384701803701658,-1.4948630903093116
2024-08-12,104.13255194530453,11.250390703458827,3.7496092965411734,61.41843618215968,60.278698343378075,14.223903100631551,24.938473119322808,12.460116119380375,7.035322446850589,126.18125465309498,0,70.2170948609597,7.226972543068777,5.44436187136035,0,339.840932216446,71.99046841231736,1.0426483872360077,137,32,0.028226093789356674,0.5430076208185622
2024-08-19,167.46701179881273,2.7839071316687125,12.216092868331287,96.39039082611752,61.41843618215968,18.5392353623507,14.223903100631551,27.529371942612954,12.460116119380375,118.31326750138238,0,70.88903134545379,4.24966695651603,7.226972543068777,1,248.48120532538206,72.37939916267975,1.2483316380782394,138,33,0.28534109074348063,0.9000345133486268
2024-08-26,112.89576927575501,15.853407683366335,0,79.53444702818722,96.39039082611752,27.285640740823617,18.5392353623507,19.36657221531612,27.529371942612954,104.3998932431896,1,74.60812493653196,3.0593307424716607,4.24966695651603,0,279.72420360390623,72.11552302599887,1.1851210619842063,139,34,-0.9773407783831951,-0.055955267101979844
2024-09-02,97.20362259579893,23.110033470764385,0,73.59332734566219,79.53444702818722,17.88333343348925,27.285640740823617,8.011159693020403,19.36657221531612,103.81247640946161,0,68.68402052969049,3.1932452673964606,3.0593307424716607,1,298.62983544017493,74.45924588777112,1.167382869674232,140,35,0.5292048968357013,1.5042405174905076
2024-09-09,93.99464399178554,12.477626114607446,2.522373885392554,60.241747172417405,73.59332734566219,17.768037385546137,17.88333343348925,12.122003110294385,8.011159693020403,78.98929072519499,1,69.55347186573024,1.4745035675019857,3.1932452673964606,0,277.8871370687393,74.42394519932212,1.3071985424635018,141,36,0.6027091050404147,1.2328944858681878
2024-09-16,95.11769405467066,16.440585430660462,0,94.54780390730852,60.241747172417405,44.708509161617854,17.768037385546137,12.978539618708192,12.122003110294385,93.5441415543318,0,66.40122266512346,3.3279842718657755,1.4745035675019857,1,302.16216170347866,77.63407268261999,1.2652606302706308,142,37,-1.367717770708308,1.5192421232171962
2024-09-23,138.3638831822421,9.743220593589779,5.256779406410221,61.80392616134159,94.54780390730852,21.824566941402427,44.708509161617854,13.902158622748226,12.978539618708192,109.47462290599553,0,77.8720355798242,1.9930880415914085,3.3279842718657755,1,230.83736006162817,74.46514019588156,1.0083157046928704,143,38,-0.4444324483072303,-1.0488854304102508
2024-09-30,107.49957620456982,10.173931507175308,4.826068492824692,42.822978251313515,61.80392616134159,30.593729504083615,21.824566941402427,8.181407323249621,13.902158622748226,83.19905987641881,1,76.20254694664855,2.115772855301687,1.9930880415914085,0,256.1770457193772,74.11033890148866,1.2387166420074711,144,39,0.8141770423310966,0.7965444801395115
2024-10-07,85.92322387201376,11.79010811645452,3.2098918835454793,68.29754241689571,42.822978251313515,24.27477818379287,30.593729504083615,4.028654021513685,8.181407323249621,86.31821957942176,0,78.9376409557635,4.4636781425772805,2.115772855301687,1,203.06376836364822,82.77534518959013,1.3484318810384277,145,40,-1.0213605978477975,-0.12477805464078356
2024-10-14,85.64094102176921,15.257423971012361,0,91.49593752004637,68.29754241689571,4,24.27477818379287,28.34247390213783,4.028654021513685,80.20627727331853,0,76.32201904557658,1.8254263980845817,4.4636781425772805,0,276.2422456727183,77.00655794475189,1.3989736407385578,146,41,0.4798436118099122,0.9218701082971508
2024-10-21,95.2100793981998,21.688278154713466,0,46.63749275198699,91.49593752004637,6.38829419581797,4,18.7081148821615,28.34247390213783,104.04412362243394,1,77.66659476371166,1.6629931598561185,1.8254263980845817,1,272.8061902931085,76.96898961757518,0.9995349249368328,147,42,-0.3444663815194328,-1.3391872074426199
2024-10-28,130.73049823678022,16.19514729144001,0,68.40222173405559,46.63749275198699,19.118572304314505,6.38829419581797,17.301861979863016,18.7081148821615,105.50006318793405,0,69.99507641405589,1.07395113169583,1.6629931598561185,1,263.51847707407285,79.3473709972954,1.0043185287014516,148,43,-0.06777760713294452,0.07186102528589595
2024-11-04,103.88722286190614,12.730301597696322,2.2696984023036784,41.975216999947115,68.40222173405559,27.48811992632033,19.118572304314505,13.124896541494852,17.301861979863016,119.53944490419461,0,78.21895792708891,0.7611321569273395,1.07395113169583,0,271.07376972985486,76.15445659731465,1.1852615417236885,149,44,0.742681839083519,1.7233103828155283
2024-11-11,130.9246949278563,10.917032166377492,4.082967833622508,78.79140298180178,41.975216999947115,34.097431481032416,27.48811992632033,3.6274065332949132,13.124896541494852,112.6917421714198,0,78.94513607627289,7.321370436373158,0.7611321569273395,1,275.2796699842834,69.97390299112693,1.1466297443445892,150,45,0.7790459710628654,0.4993882788773486
2024-11-18,119.73789525889553,17.75893342409421,0,69.71827884417941,78.79140298180178,25.687089596376378,34.097431481032416,19.478493080697667,3.6274065332949132,100.60692475485754,0,74.29871555989868,3.1013402511676387,7.321370436373158,1,226.62510001289004,76.61220504542197,1.419394052964974,151,46,-1.7193804415215967,2.2291447056343134
2024-11-25,130.87533351620255,14.730422506597078,0.26957749340292203,61.79230143069242,69.71827884417941,8.715259086155855,25.687089596376378,38.10384717112678,19.478493080697667,99.94511400762855,0,70.59547952241962,0.656280129672435,3.1013402511676387,0,301.2094796455294,67.26019234852527,1.117454486371423,152,47,0.2895543077412568,-0.5524654377098271
2024-12-02,187.65686970452228,6.988135861288861,8.01186413871114,63.29648836447552,61.79230143069242,25.837925610542953,8.715259086155855,3.320602435454868,38.10384717112678,88.1848259740016,0,73.74692046557858,5.64345628088146,0.656280129672435,1,234.8356025103331,83.65944952970607,1.045635488565776,153,48,0.3627880073025842,0.4027439343302257
2024-12-09,75.66390205497784,16.5000497979807,0,72.4562999753893,63.29648836447552,27.051599401697146,25.837925610542953,1.4889458506876654,3.320602435454868,103.23856729073883,0,74.00655247853132,2.6661360721370087,5.64345628088146,1,265.5618250294361,73.70327392845262,1.1495861231429745,154,49,0.37891659081326534,-2.0711174783408794
2024-12-16,153.9237250596634,5.693715880480352,9.306284119519649,63.29694585090408,72.4562999753893,16.28348480051504,27.051599401697146,17.654475455602544,1.4889458506876654,93.85537044204757,0,69.20954790081392,3.852572274306771,2.6661360721370087,1,284.6193581748315,68.77946845373145,1.1297178626776743,155,50,-0.7105195776427886,-0.624839071335513
2024-12-23,166.27050748997976,3.0330162698033067,11.966983730196693,75.33461450601253,63.29694585090408,11.053821833646285,16.28348480051504,10.01141961198158,17.654475455602544,132.50061274688727,0,70.10317159377948,3.3588474497257894,3.852572274306771,1,163.67258741680848,77.31217579832362,1.3077041784152013,156,51,-0.10302955693209147,-1.2737130566677992
2024-12-30,98.10504165090481,13.174978254967098,1.8250217450329025,60.52636052801429,75.33461450601253,22.958535548572783,11.053821833646285,19.408185552649893,10.01141961198158,99.35478959895093,0,72.83902572935624,6.562973821911034,3.3588474497257894,0,206.02014798788304,68.57823190183979,1.4196919508186299,157,52,-0.926756790167682,1.4967565418348099
2025-01-06,128.3832249319373,32.90233489296685,0,72.64084919923967,60.52636052801429,12.535021083904645,22.958535548572783,3.9612854043405292,19.408185552649893,134.52703406230233,0,71.7042136500461,2.465557164527338,6.562973821911034,1,252.84045683944834,83.27452684056766,1.1874826417874655,158,1,0.8786555573455411,-0.6376211816999643
2025-01-13,99.13919263159079,17.32421154819162,0,69.53396152735044,72.64084919923967,35.88643850420593,12.535021083904645,5.918961183562797,3.9612854043405292,95.52506973064533,0,81.58273127230044,1.565260314376596,2.465557164527338,1,250.50358826450147,73.88216846081036,1.2577955782920351,159,2,-2.8000525588246585,-0.42386209741043934
2025-01-20,154.06531633625977,5.0797550485304015,9.920244951469599,67.03336606918086,69.53396152735044,21.75356030769987,35.88643850420593,27.36038663139684,5.918961183562797,96.07715067976108,0,76.77783987835382,7.256115470023169,1.565260314376596,1,212.92031407516012,67.7595013318496,1.2370429937558485,160,3,2.024716097216398,0.9968010166716468
2025-01-27,192.2431879083407,5.7118164260229864,9.288183573977014,60.17105732610719,67.03336606918086,15.203353176023441,21.75356030769987,10.622480389117127,27.36038663139684,103.12334582625323,0,79.66479384342509,7.457838051943714,7.256115470023169,1,324.379766872194,74.0247623730308,1.144573715542015,161,4,-2.112159462627097,0.0012215197669256292
2025-02-03,103.86136353954676,15.851390396524334,0,52.44682438289429,60.17105732610719,12.114290848337305,15.203353176023441,20.430741720028347,10.622480389117127,93.9363881699268,0,76.59940601859326,1.3745671032260478,7.457838051943714,0,280.56372112685796,76.23746307261948,1.4371718404028861,162,5,-0.1920445654225578,-0.9471090087478055
2025-02-10,146.60698425382444,6.591100575682919,8.408899424317081,51.776123650837235,52.44682438289429,27.6928813321276,12.114290848337305,20.371871026990654,20.430741720028347,89.33258282557706,1,75.47108350185238,3.221466007647814,1.3745671032260478,1,167.695648647077,71.68749826583507,1.167382892595553,163,6,-0.9964119469398629,0.325777091419265
2025-02-17,91.35255240206996,15.273847230191187,0,59.62069143138387,51.776123650837235,24.75928343930448,27.6928813321276,4.025635433460882,20.371871026990654,77.30622809023069,0,79.98964687000961,5.796314187744695,3.221466007647814,1,242.78190338440402,66.13600085795399,0.9792187519854831,164,7,0.015487984589501859,0.9972290623285845
2025-02-24,123.30126217492668,14.018805165381853,0.9811948346181474,65.46818091404816,59.62069143138387,11.100637019425212,24.75928343930448,5.841563509275812,4.025635433460882,95.11884196161094,0,77.74503645126826,11.202836453000655,5.796314187744695,1,239.569812828797,69.2749617323089,1.3136513691959175,165,8,-1.0206364460070074,-0.6217977690515376
2025-03-03,81.55499264693802,9.808225650721745,5.191774349278255,59.61946702125633,65.46818091404816,10.98942429302072,11.100637019425212,11.30125570644987,5.841563509275812,108.29475481842167,2,80.91549894614543,5.780015329261719,11.202836453000655,1,205.44689022844597,60.70011478731285,1.2653685796198844,166,9,-0.3274722060401391,-2.402267031791598
2025-03-10,116.50709825947135,4.103136181499429,10.89686381850057,83.24614257269718,59.61946702125633,22.60707976257391,10.98942429302072,7.159034216371704,11.30125570644987,112.96525720351875,1,77.96459412747133,1.5373499310674696,5.780015329261719,1,217.14650163709234,71.97556884588154,0.9511278237137707,167,10,1.9871697170185554,-2.2257839064646263
2025-03-17,83.52892035721713,21.07377697790117,0,68.0603936430733,83.24614257269718,20.13580030962558,22.60707976257391,1.7092350946726762,7.159034216371704,74.89734055481173,0,73.23631392745193,7.129223067097436,1.5373499310674696,1,272.60328311809485,57.761090054741004,1.2721471126578805,168,11,0.01943412918969588,1.3848497423661148
2025-03-24,148.28975182485058,2.2369140335591204,12.76308596644088,79.05507673186321,68.0603936430733,30.176149082581215,20.13580030962558,4.027330628090228,1.7092350946726762,89.04706620288748,1,83.8716005530306,0.23004870667384508,7.129223067097436,1,256.9274753626821,80.70195853902096,1.0623805612519877,169,12,0.22113428146831007,0.7333518859301505
2025-03-31,120.38799841956072,9.23220650778632,5.767793492213681,60.61200827700337,79.05507673186321,22.95760876615907,30.176149082581215,5.1684234165445115,4.027330628090228,88.90239990018277,0,75.44040911195114,3.6088305906344793,0.23004870667384508,0,248.42730710934612,60.754648847196165,1.2110665440224588,170,13,-0.10494055170517234,0.26926227040698675
2025-04-07,140.31070742712024,3.3380425384376053,11.661957461562395,68.8353581732225,60.61200827700337,19.270805754951084,22.95760876615907,12.221740649841864,5.1684234165445115,102.05695034997767,0,67.94187411389748,3.471615596056994,3.6088305906344793,1,268.61740097844427,66.15528849727903,1.3527884701675965,171,14,0.4764208755493502,1.466589252790754
2025-04-14,91.49272498666656,12.097481617755914,2.902518382244086,81.86678129489044,68.8353581732225,26.79390948180281,19.270805754951084,36.57756416007948,12.221740649841864,94.10430173705633,0,73.96528015807485,2.757248171839008,3.471615596056994,0,277.4866155257629,66.52037612023044,1.32369305254537,172,15,-1.1145387081157954,0.48107559525127286
2025-04-21,171.84357257491888,7.998479476125251,7.001520523874749,61.22192335483719,81.86678129489044,7.431252006086794,26.79390948180281,3.570911018877697,36.57756416007948,93.04063562652296,0,87.39912958784508,9.231158891021675,2.757248171839008,1,203.96148972922208,66.25418463730084,1.1782071206632432,173,16,-0.6722064640051073,0.06327319126655728
2025-04-28,68.38627631595966,14.13899332700124,0.8610066729987604,72.78009029025993,61.22192335483719,16.76576687885919,7.431252006086794,17.141211928909698,3.570911018877697,83.75179491348558,0,76.7601535717309,1.4776806209758275,9.231158891021675,1,222.20423508906345,92.2075340623772,1.1080671338220762,174,17,-1.3358669717383627,1.7091142135829793
2025-05-05,124.36046094297687,12.120976165061867,2.879023834938133,70.34822186969943,72.78009029025993,13.086900384328207,16.76576687885919,13.597991294380467,17.141211928909698,94.87725121308709,0,80.72314262483718,2.9360598969257508,1.4776806209758275,1,249.91915708446874,70.56125786498627,1.2551410816543647,175,18,0.246616249318073,-0.38956597354818884
2025-05-12,121.90772809104641,14.810286583872074,0.18971341612792614,64.3018654626662,70.34822186969943,28.654716957199344,13.086900384328207,4.781227633547865,13.597991294380467,87.61537445910935,0,74.42458707491829,3.3731063407810202,2.9360598969257508,1,207.2064448427424,78.86472655578592,1.461037653769093,176,19,-0.6325689768005374,-1.0708262804662623
2025-05-19,108.62900452288322,19.89554062306021,0,64.28014261057717,64.3018654626662,18.283842939524995,28.654716957199344,6.846338505158704,4.781227633547865,87.62562658834352,0,85.90498023344472,6.4077101999970445,3.3731063407810202,1,301.66657168289026,72.41763509161032,1.1353134500277366,177,20,1.2842759988619286,0.01529750920919359
2025-05-26,90.85799682585787,23.271985904606467,0,71.2213191555467,64.28014261057717,30.723124922381817,18.283842939524995,15.188230935487178,6.846338505158704,91.22349053321349,0,74.79709607790797,8.069757093580153,6.4077101999970445,1,215.93409855689396,63.00455204258955,1.258714877499162,178,21,-0.2827522627138564,-0.13241948180387453
2025-06-02,169.4844897518765,3.8347865847095175,11.165213415290483,50.50427975395015,71.2213191555467,22.499076022652368,30.723124922381817,30.525625233608256,15.188230935487178,111.4998072078465,0,75.65540942201267,4.132399009364116,8.069757093580153,1,217.5797637734801,76.3960544937803,1.2563658739694323,179,22,-0.3233934762318437,1.5143651497024204
2025-06-09,160.23608000689936,14.578821144642228,0.42117885535777155,59.70640025396953,50.50427975395015,26.575930516678653,22.499076022652368,8.04894611515762,30.525625233608256,116.90959260598106,0,76.69326805697297,1.944421314791874,4.132399009364116,1,227.8212273842528,67.54278297598466,1.3498339542170112,180,23,-0.5347928264165702,-0.4979693484385129
