clave_municipio,pct_pobreza,pct_carencia_educativa,pct_carencia_salud,ingreso_promedio_mxn,pct_poblacion_rural,pct_acceso_internet,densidad_pob_km2,tasa_alfabetizacion,grado_marginacion_idx
MUN001,65.34,42.63,58.01,7710,73.4,24.27,45.28,79.67,1.16
MUN002,31.29,16.54,12.76,12124,17.27,79.36,71.31,99.96,0.59
MUN003,17.24,14.68,21.15,15009,5.42,76.31,1061.85,97.55,0.36
MUN004,51.65,27.46,36.38,6337,51.58,55,111.04,85.8,0.9
MUN005,69.03,46.05,56.87,5829,73.51,13.42,76.95,78.07,1.23
MUN006,61.95,41.58,45.41,5758,61.39,27.61,1,85.71,1.2
MUN007,24.68,9.02,9.78,13464,21.04,84.09,915.89,100,0.41
MUN008,25.03,14.87,21.38,16155,10.55,67.51,1098.59,92.17,0.47
MUN009,20.05,17.64,13.03,12461,30.37,63.72,566.49,98.93,0.35
MUN010,31.7,34.1,36.04,8678,42.18,44.64,608.94,86.1,0.64
MUN011,51.89,25.23,32.32,7066,47.79,61.49,227.29,84.02,0.82
MUN012,28.54,9.83,23.12,14324,21.29,83.81,1500.43,100,0.52
MUN013,80.73,63.76,66.42,3551,82.29,8.95,11.44,74.96,1.56
MUN014,81.03,61.46,66.94,6492,88.14,4.54,24.08,72.88,1.59
MUN015,34.64,22.49,31.86,7949,46.43,55.48,201.57,98.99,0.61
MUN016,54.89,38.05,51.6,2763,73.33,11.06,141.37,85.44,1.09
MUN017,53.05,42.66,45.61,5360,77.64,28.51,71.93,82.53,1.05
MUN018,23.23,11.08,6.13,12773,14.86,85.03,1312.38,86.45,0.43
MUN019,44.22,28.12,37.66,6911,35.48,57.32,236.44,89.31,0.73
MUN020,15.47,5.06,18.96,16767,26.91,78.42,1150.46,93.34,0.19
MUN021,65.38,42.21,40.76,8143,61.53,27.69,65.5,87.8,1.24
MUN022,50.91,38.21,55.79,2382,65.94,24.39,53.46,88.76,1.06
MUN023,42.14,31.1,36.22,7428,29.11,49.26,134.05,91.7,0.94
MUN024,66.39,49.11,45.76,4143,72.42,29.3,67.56,83.89,1.31
MUN025,52.31,44.53,48.1,5621,67.76,31.04,70.36,82.53,1.05
MUN026,69.24,47.07,63.02,7150,69.47,24.6,71.2,80.67,1.33
MUN027,47.58,23.44,25.7,9659,42.01,57.51,183.28,88.17,0.78
MUN028,39.29,27.53,32.65,11065,26.13,40.16,170.88,87.29,0.73
MUN029,15.1,5.2,2.39,15658,14.46,77.55,642.49,92.98,0.22
MUN030,54.94,44.4,53.76,NA,71.74,14.33,25.95,83.16,1.17
MUN031,66.89,56.6,46.2,4363,63.07,28.29,140.69,75.26,1.42
MUN032,23.79,14.84,8.47,14285,22.71,78.95,1613.39,97.61,0.43
MUN033,69.03,47.6,57.96,5853,61.75,21.12,45.32,79.36,1.34
MUN034,75.74,59.6,63.46,1500,91.46,10.83,52.54,61.61,1.51
MUN035,19.51,6.88,18.13,17131,15.85,82.4,975.82,100,0.25
MUN036,59.73,52.8,44.16,5438,77.55,19.74,168.52,84.78,1.25
MUN037,47.1,31.59,33.17,8029,33.42,58.85,473.22,90.48,0.86
MUN038,58.53,41.88,46.52,6284,72.58,29.8,116.24,82.53,1.17
MUN039,56.68,52.38,43.64,5056,69.05,33.35,128.17,87.4,1.21
MUN040,86.3,64,65.66,3418,86.44,18.34,50.62,71.77,1.63
MUN041,42.61,21.37,29.34,7104,30.45,45.61,223.53,86.22,0.74
MUN042,34.58,14.08,20.48,14370,3.28,85.65,743.3,98.47,0.47
MUN043,82.1,58.27,65.34,5748,82.5,14.63,24.15,73.65,1.62
MUN044,60.72,44.21,44.79,4814,67.63,33.01,105.91,76.86,1.16
MUN045,59.09,45.94,38.3,4790,83.55,35.6,54.49,76.13,1.25
MUN046,20,20.72,8.87,13539,12.45,82.07,1330.88,94.62,0.41
MUN047,72.74,63.95,66,4432,67.32,2.57,27.42,73.08,1.5
MUN048,47.63,23.86,28.48,5295,39.66,46.42,481.47,90.12,0.8
MUN049,81.68,55.81,60.16,4140,92.13,23.79,42.38,66.51,1.47
MUN050,52.54,24.47,28.25,8597,48.36,61.48,217.73,91.34,0.85
MUN051,25.08,1,19.82,14910,19.31,86.54,1547.86,96.05,0.3
MUN052,63.87,56.95,56.97,5404,62.81,24.85,130.28,84.48,1.35
MUN053,44.59,34.12,44.41,8387,34.96,60.65,685.2,95.81,0.88
MUN054,37.37,25.04,38.31,10391,37.09,38.64,372.82,93.49,0.7
MUN055,76.56,52.39,65.05,5863,81.32,13.05,41.76,73.39,1.48
MUN056,89.5,60.52,66.86,1607,81.63,16.29,28.86,71.49,1.63
MUN057,36.48,26.57,40.69,7414,40.5,57.53,504.7,95.42,0.57
MUN058,60.6,46.41,51.08,3849,67.65,33.61,59.68,80.56,1.22
MUN059,70.39,59.23,68.62,4459,82.35,7.74,33.86,67.85,1.45
MUN060,20.08,8.07,24.41,19280,5.91,80.26,477.97,97.15,0.33
MUN061,21.18,10.8,7.82,15264,14.76,73.36,415.01,96.67,0.35
MUN062,82.23,65.16,65.55,2868,85.87,9.89,38.28,74.44,1.61
MUN063,79.68,68.7,64.55,1961,92.1,22.27,38.44,69.55,1.6
MUN064,68.02,62.85,72.25,3842,89.64,1,42.39,68.74,1.56
MUN065,24.97,12.92,19.14,16612,12.15,77.5,1811.52,93.02,0.45
MUN066,13,6.42,8.12,15492,0,65.76,1353.96,100,0.14
MUN067,23.04,6.77,19.08,14706,0,82.91,1013.24,99.66,0.38
MUN068,29.09,8.52,13.65,13448,24.51,85.15,856.19,92.25,0.48
MUN069,51.22,46.76,51.43,6187,67,36.41,128.55,87.22,1.14
MUN070,85.03,58.35,66.61,6093,87.15,31.31,40.19,66.54,1.55
MUN071,63.01,45.23,44.62,7306,85.44,36.57,111.45,85.88,1.15
MUN072,80.82,65.1,64.38,3012,100,4.84,34.62,67.51,1.67
MUN073,35.13,5.43,21.08,15593,11.66,82.73,1,99.23,0.49
MUN074,44.87,27.18,29.63,9105,25.49,55.26,582.28,93.06,0.84
MUN075,45.91,25.13,24.27,10561,41.18,49.9,213.09,90.02,0.8
MUN076,21.16,19.12,16.72,14686,22.68,91.32,1331.23,88.82,0.37
MUN077,43.46,34.52,27.18,7978,33.78,53.25,319.39,92.04,0.89
MUN078,70.69,62.17,62.61,3755,86.02,6.38,24.12,66.26,1.45
MUN079,21.81,9.93,16.74,13579,18.67,69.74,760.97,96.13,0.38
MUN080,15.96,1,17.74,15788,25.82,81.84,1417.4,96.31,0.29
MUN081,80.97,65.01,71.17,3138,90.58,17.71,57.27,71.81,1.65
MUN082,49.25,38.28,30.34,4887,35.14,56.04,494.04,94.94,1.01
MUN083,32.5,23.95,32.45,6452,42.55,36.6,375.76,97.07,0.7
MUN084,44.07,23.96,27.5,6976,36.74,59.81,389.79,97.2,0.66
MUN085,43.44,39.94,29.76,7921,23.14,44.08,317.61,84.86,0.92
MUN086,39.85,31.36,35.13,6527,33.18,51.07,383.4,93.66,0.77
MUN087,42.75,31.48,27.52,7485,32.25,63.43,383.6,87.36,0.94
MUN088,69.13,48.15,50.34,7001,68.92,29.32,80.91,80.44,1.32
MUN089,84.3,63.59,69.76,3368,91.71,5.34,22.13,69.74,1.67
MUN090,36.98,29.39,21.31,9537,38.46,49.46,186.16,87.69,0.74
MUN091,58.03,40.75,41.41,5051,72.64,24.06,158.13,84.25,1.09
MUN092,66.9,60.89,54.02,3926,92.48,14.97,34.39,72.7,1.37
MUN093,35.11,29.62,41.66,7456,44.1,47.04,434.44,91.52,0.67
MUN094,18.03,10.95,3.46,11355,10.09,70,861.2,94.28,0.34
MUN095,99,59.45,71.18,5634,88.45,13.45,41.32,71.29,1.75
MUN096,34.63,23.39,22.79,NA,25.91,53.82,563.07,90.54,0.64
MUN097,26.3,14.47,17.33,16652,33.46,74.36,1390.69,95.61,0.44
MUN098,60.4,46.6,45.74,5577,72.73,29.5,95.2,83.27,1.18
MUN099,35.71,27.97,38.63,6225,39.9,67.75,350.99,81.33,0.68
MUN100,50.64,26.1,30.09,8019,38.78,41.63,198.29,94.72,0.85
MUN101,70.56,60.87,64.52,5439,90.53,12.41,41.5,71.85,1.47
MUN102,48.16,36.86,30.42,9541,42.84,60.18,180.44,90.59,0.98
MUN103,51.58,23.8,31.95,6650,44.68,56.03,273.54,89.77,0.83
MUN104,83.04,67.45,61.12,5657,93.89,14.86,20.09,73.22,1.72
MUN105,26.5,5.58,22.19,16069,18.28,79.86,880.73,95.64,0.32
MUN106,66.44,41.44,49.12,NA,68.62,26.6,153.92,78.64,1.24
MUN107,41.24,28.42,40.61,6268,52.09,42.54,316.41,92.56,0.66
MUN108,43.99,27.83,38.52,9619,38.97,61.66,359.98,86.84,0.74
MUN109,55.78,44.6,54.44,4762,64.01,16.95,134.55,79.98,1.01
MUN110,66.59,57.88,69.73,1500,75.95,21,44.2,68.91,1.49
MUN111,84.37,61.33,73.59,3096,81.4,4.84,34.73,68.79,1.6
MUN112,62.87,62.78,61.89,2314,77.33,15.18,36.87,68.19,1.4
MUN113,41.13,35.79,34.08,9839,26.36,34.91,408.32,90.7,0.78
MUN114,42.37,42.15,57.69,5117,69.36,22.42,25.44,84.16,1.01
MUN115,77.1,59.42,68.67,2005,94.35,6.57,32.6,64.74,1.58
MUN116,44.12,26.09,35.34,6162,40.02,46.87,262.32,91.02,0.81
MUN117,53.89,49.51,50.71,3880,77.33,31.83,109.85,73.81,1.17
MUN118,79.96,61.81,66.35,1500,80.07,7.15,37.27,74.22,1.51
MUN119,19.26,13.03,16.3,14594,15.58,84.08,1942.14,100,0.39
MUN120,37.93,32.77,29.55,10386,32.87,64.98,249.38,90.29,0.78
MUN121,41.8,22.84,27.36,7404,37.55,55.51,211.15,89.65,0.75
MUN122,40.2,29.87,30.04,7559,35.44,32.62,393.1,90.07,0.68
MUN123,81.14,60.77,69.86,1500,95.78,17.62,39.25,68.28,1.59
MUN124,25.68,17.1,8.22,NA,8.06,66.55,1633.5,99.07,0.44
MUN125,58.25,49.17,58.85,NA,62.27,25.58,115.57,80.58,1.15
MUN126,63.97,45.13,57.36,6710,60.76,28.54,82.57,79.9,1.26
MUN127,65.84,58.64,66.05,1500,100,6.8,31.17,75.34,1.38
MUN128,55.27,44.65,61.17,3772,68.05,32.11,131.9,81.41,1.11
MUN129,86.08,61.98,66.66,3606,85.88,18.55,31,71.03,1.7
MUN130,26.03,12.49,20.92,15569,18.25,82.17,1522.6,100,0.48
MUN131,55.81,51.73,43.51,3949,77.29,17.46,98.23,83.63,1.16
MUN132,78.77,68.24,68.23,3633,93.73,20.26,26.25,71.62,1.62
MUN133,45.18,20.48,35.88,6631,31.93,67.89,231.61,82.21,0.71
MUN134,86.92,60.18,66.82,4267,79.97,24.99,11.8,69.11,1.56
MUN135,54.15,41.45,59.24,4511,71.15,28.37,122.01,77.07,1.06
MUN136,42.36,25.15,35.02,7896,32.63,58.18,365.46,88.81,0.73
MUN137,30.22,13.25,19.85,16332,15.48,75.31,976.65,94.96,0.51
MUN138,83.81,61.76,64.74,1500,96.34,17.44,43.5,74.03,1.65
MUN139,27.14,11.83,22.88,12251,11.8,87.62,1518.65,97.3,0.45
MUN140,17.23,27.99,25.73,16545,0,84.15,822.86,98.3,0.49
MUN141,23.96,7.25,15.58,18766,21.49,75.59,2234.71,97.75,0.38
MUN142,24.91,15.88,12.51,12876,7.79,77.1,1665.11,95.21,0.58
MUN143,43.67,26.99,41.09,8633,25.86,56.89,479.64,87.1,0.69
MUN144,29.78,32.01,29.35,6855,34.24,67.83,483.53,90.52,0.75
MUN145,32.69,14.77,6.46,NA,8.5,92.73,1313.74,100,0.55
MUN146,54.73,47.15,50.22,5095,71.68,27.05,38.72,78.34,1.12
MUN147,81.22,63.91,58.6,4096,90.93,22.71,57.43,69.36,1.67
MUN148,84.85,57.12,56.27,2643,89.69,19.83,56.89,72.39,1.63
MUN149,34.89,15.84,24.13,16438,20.39,80.04,867.54,100,0.54
MUN150,56.5,51.71,51.86,NA,75.77,28.79,73.83,86.19,1.19
MUN151,64.94,37.14,56.68,9068,63.62,40.76,127.57,81.94,1.04
MUN152,15.67,17.69,13.23,16723,13.61,74.63,872.94,100,0.33
MUN153,39.47,34.88,35.83,7512,26.66,54.1,240.5,95.29,0.94
MUN154,49.32,31.24,33.13,10897,36.05,55.99,297.62,90.18,1.03
MUN155,76.18,62.31,68.09,4606,83.37,23.98,52.59,64.56,1.48
MUN156,86.63,61.93,57.4,5091,79.07,13.5,55.76,63.68,1.68
MUN157,41.43,21.13,37.04,6487,33.96,49.39,271.95,90.92,0.66
MUN158,23.94,14.93,12.24,15638,9.89,71.62,1476.01,99.58,0.45
MUN159,22.12,12.88,10.87,13600,1.24,80.79,1188.14,95.76,0.38
MUN160,35.64,9.3,16.39,15208,0,84.76,1226.43,100,0.44
MUN161,83.15,55.69,60.44,2957,87.38,21.03,18.95,66.19,1.5
MUN162,58.82,49.36,51.03,3498,57.2,36.57,158.85,86.44,1.21
MUN163,76.57,61.95,57.94,4793,85.99,9.24,35.98,68.2,1.54
MUN164,39.83,26.16,32.85,7832,30.28,53.21,501.14,87.9,0.74
MUN165,69.73,63.17,55.93,1500,82.71,19.99,30.3,71.51,1.51
MUN166,36.16,27.41,21.28,NA,29.77,49.58,565.66,89.39,0.7
MUN167,39.79,24.33,28.18,7454,40.69,54.12,99.27,81.98,0.7
MUN168,80.87,60.99,56.85,1500,95.65,11.51,35.41,69.16,1.52
MUN169,25.76,9.96,20.29,12846,22.69,68.7,1493.9,95.35,0.46
MUN170,59.65,43.47,42.64,7024,83.8,30.75,87.33,90.76,1.13
MUN171,9.89,18.76,11.47,15453,3.28,78.34,903.09,95.5,0.3
MUN172,53.95,44.72,48.83,4927,73.6,34.16,119.61,82.77,1.18
MUN173,23.4,11.98,16.63,14692,20.96,79.96,866.51,95.66,0.38
MUN174,54.92,48.23,48.84,3830,75.84,31.22,90.4,75.21,1.22
MUN175,45.12,23.03,40.15,9971,43.49,54.61,379.74,91.09,0.74
MUN176,78.03,65.28,61.82,1500,96.94,10.14,61.66,72.34,1.58
MUN177,9.9,9.66,20.23,15063,21.71,60.19,1128.48,99.1,0.19
MUN178,15.02,11.54,14.34,13233,13.4,76.32,646.21,98.72,0.35
MUN179,74.21,65.59,65.73,1500,100,7.15,13.32,71.85,1.53
MUN180,10.27,9.24,19.83,15019,32.74,69.64,970.57,98.37,0.22
MUN181,32.85,10.16,27.12,15195,16.39,74.93,1224.95,89.67,0.56
MUN182,49.23,29.52,46.05,10242,35.56,55.94,96.59,86.58,0.92
MUN183,46,25.71,27.75,NA,30.12,60.5,444.27,90.79,0.81
MUN184,68.15,51.72,78.43,4541,90.97,22.7,39.26,72.21,1.23
MUN185,61.28,38.16,42.96,3849,86.27,37.84,136.63,88.4,1.04
MUN186,60.27,46.78,47.25,6481,69.35,32.87,76.84,83.18,1.23
MUN187,53.43,53.1,41.83,3850,68.89,11.87,118.65,77.38,1.25
MUN188,98.86,58.27,68.98,1690,88.2,13.69,13.58,70.29,1.68
MUN189,84.93,58.39,71.23,4094,86.16,17.66,36.63,66.85,1.57
MUN190,38.57,24.26,38.67,8797,37.88,49.54,294.81,91.23,0.65
MUN191,27.78,23.81,21.53,9317,36.17,56.36,468.88,84.32,0.53
MUN192,39.72,28.59,28.71,7593,34.14,39.97,385.63,95.68,0.75
MUN193,78.6,53.69,50.98,1500,89.46,13.94,4.99,73.98,1.5
MUN194,23.78,6.41,16.89,14839,0,75.27,1780.82,94.38,0.3
MUN195,58.08,49.28,46.9,3694,66.67,31.19,92.72,87.08,1.21
MUN196,40.84,24.19,46.2,9635,33.18,63.26,409.55,82.26,0.67
MUN197,83.82,53.16,57.22,1500,87.24,12.59,62.21,67.18,1.55
MUN198,58.49,53.43,49.88,4351,56.79,27.86,51.92,86.88,1.29
MUN199,45.99,22.13,34.18,10436,36.05,55.95,317.55,86.7,0.82
MUN200,79.72,66.59,54.56,1968,80.6,12.17,24.65,68.73,1.66
MUN201,32.97,26.99,28,10992,39.14,63.32,374.41,84.94,0.65
MUN202,25.86,6.01,12.03,9896,4.27,76.58,1075.91,94.67,0.28
MUN203,82.84,54.22,68.14,4445,84.65,16.2,73.56,68.33,1.5
MUN204,34.4,26.69,31.06,6484,41.66,50.2,364.53,90.07,0.68
MUN205,17.85,6.2,23.5,12905,7.57,74.66,293.52,99.39,0.26
MUN206,57.1,46.86,63.3,4384,78.5,33.65,103.23,84.33,1.13
MUN207,24.7,16.56,21.15,15912,17.36,75.41,628.58,100,0.46
MUN208,32.43,23.77,22.42,17118,13.4,78.38,1107.8,92.31,0.6
MUN209,21.58,12.12,23.99,NA,0.67,87.93,1097.85,100,0.45
MUN210,27.54,5.52,5.84,13639,27.8,69.98,605.11,97.08,0.28
MUN211,23.36,11.47,10.37,14525,16.78,83.26,1468.26,100,0.46
MUN212,56.25,39.33,49.85,6016,60.09,28.63,92.73,81.42,1.05
MUN213,63.31,44.63,45.86,NA,73.1,33.51,59.78,78.15,1.15
MUN214,61.12,36.99,41.01,2821,65.79,28.82,130.09,76.72,1.09
MUN215,43.55,30.27,24.33,6591,43.71,52.88,429.24,93.51,0.69
MUN216,68.51,44.43,45.32,5809,56.77,37.61,140.64,84.05,1.27
MUN217,36.24,21.35,26.76,7926,27.45,47.96,494.8,88.72,0.75
MUN218,54.92,48.22,45.45,5314,59.9,34.25,105.74,76.09,1.25
MUN219,45.81,30.42,24.88,7778,41.97,59.63,352.59,91.18,0.92
MUN220,57.94,41.94,56.82,4788,64.8,17.52,92.56,77.36,1.2
MUN221,70.99,55.86,72.99,5967,91.97,28.01,18.93,70.97,1.41
MUN222,66.78,53.58,43.94,6894,79.4,26.27,81.21,77.29,1.39
MUN223,38.7,24.12,27.68,8421,36.95,48.79,232.07,89.18,0.69
MUN224,44.11,25.82,22.46,8094,31.69,57.4,138.66,80.66,0.67
MUN225,17.17,7.12,17.88,13706,16.44,78.67,911.37,98.82,0.2
MUN226,63.44,43.37,40.88,5682,76.64,38.14,98.91,73.31,1.16
MUN227,58.65,48.94,57.72,4970,63.68,37.13,93.24,82.74,1.17
MUN228,39,34.41,44.92,8190,35.1,45.46,200.45,89.25,0.81
MUN229,45.4,29.77,31.4,6083,40.99,55.94,340.61,93.22,0.91
MUN230,46.24,29,36.59,9183,40.66,60.01,259.84,87.21,0.83
MUN231,40.04,26.62,33.12,8035,24.48,45.77,98.86,88.87,0.82
MUN232,28.87,11.14,8.45,14659,3.28,85.09,395.07,94.6,0.5
MUN233,53.95,49.59,44.56,7278,61.5,29.42,48.5,83.36,1.24
MUN234,54.52,40.65,50.2,1500,65.63,32.86,58.4,80.93,1.18
MUN235,40.73,24.77,30.99,NA,28.9,55.95,239.98,89.45,0.66
MUN236,75.99,55.25,64.95,NA,89.06,11.62,38.17,71.62,1.36
MUN237,25.33,13.51,7.07,14210,15.85,72.79,2191.01,94.98,0.43
MUN238,64.51,40.54,56.12,3958,71.09,33.43,79.66,87.08,1.18
MUN239,45.85,34.39,45.47,3104,60.1,35.35,158.82,79.32,0.81
MUN240,48.88,45.19,51.6,5989,77.04,36.43,101.6,79.82,1.08
MUN241,56.9,42.51,46.32,6957,64.74,22.26,81.46,82.01,1.13
MUN242,57.4,53.35,52.98,5060,57.13,30.03,110.93,82.02,1.31
MUN243,63.79,47.37,55.37,6835,65.1,26.83,90.7,90.25,1.22
MUN244,29.55,5.69,16.42,14376,3.96,73.82,1663.35,94.52,0.43
MUN245,46.22,26.36,25.84,9316,28.11,57.81,157.38,91.55,0.87
MUN246,63.7,58.49,41.77,3236,74.98,12.95,39.22,81.3,1.38
MUN247,45.11,38.77,30.19,9894,30.03,48.9,337.85,86.45,0.87
MUN248,38.18,29.83,32.02,9674,32.41,52.59,368.85,84.43,0.75
MUN249,14.77,17.15,4.12,16121,13.87,76.9,1908.15,97.27,0.32
MUN250,79.92,58.2,60.6,1500,76.81,14.63,42.22,70.18,1.52
MUN251,74.95,60.28,76.74,5380,100,21.3,54.12,64.3,1.49
MUN252,67.32,76.95,62.89,4276,79.99,18.52,24.81,70.16,1.56
MUN253,34.32,26.11,17.05,6352,25.62,52.31,333.78,90.04,0.62
MUN254,11.79,13.52,30.49,15413,14.37,74.57,1049.41,96.16,0.26
MUN255,51.14,59.18,42.24,3859,59.26,31.57,129.03,85.43,1.09
MUN256,45.12,38.27,53.56,2699,80.27,26.05,54.96,81.89,0.88
MUN257,16.28,5.58,19.04,10846,22.66,74.88,1773.11,95.74,0.31
MUN258,39.69,29.87,21.16,5584,23.32,51.79,174.08,91.03,0.76
MUN259,44.8,26.37,24.84,10342,40.37,37.26,333.56,87.32,0.85
MUN260,36.65,30.91,40.64,8495,41.25,56.38,383.19,82.1,0.77
MUN261,37.4,24.63,46.07,8480,34.21,63.11,355.4,89.71,0.78
MUN262,21.23,5.52,15.87,16017,20.04,69.06,1738.19,92.14,0.32
MUN263,48.89,33.6,49.49,3928,77.02,29.18,109.07,86.7,0.93
MUN264,73.25,63.37,65.09,3455,97.59,24.94,20.31,70.33,1.53
MUN265,24.49,15.51,18.19,14452,22.68,89.83,1685.9,94.51,0.47
MUN266,21.5,9.08,14.72,NA,14.36,64.65,1201.07,100,0.35
MUN267,22.56,16.27,22.86,15920,15.24,77.83,1068.14,96.05,0.5
MUN268,35.99,30.52,30.14,7995,45.59,68.82,415.38,90.29,0.7
MUN269,19.63,13.37,14.77,17672,7.34,73.96,1428.99,98.13,0.4
MUN270,25.11,5.4,16.42,15222,8.7,77.32,1034.54,90.76,0.36
MUN271,79.14,71.58,72.48,4536,78.49,26.8,20.96,61.07,1.65
MUN272,8.56,12.19,6.61,16484,15.64,79.17,985.08,97.05,0.25
MUN273,61.13,49.77,55.92,6372,74.99,28.25,131.25,78.9,1.22
MUN274,57.03,38.52,51.16,5809,58.2,34.62,62.74,80.91,1.1
MUN275,52.63,28.33,38.28,8225,29.1,61.74,520.95,87.1,1.02
MUN276,41.91,21.22,23.52,8089,36.68,57.07,341.19,92.12,0.74
MUN277,24.25,12.39,10.79,18498,3.04,99,1744.78,100,0.4
MUN278,78.98,69.62,67.2,5719,76.53,3.6,25.6,66.81,1.62
MUN279,46.77,33.64,29.06,8671,36.63,55.02,122.31,86.29,0.86
MUN280,27.97,13.65,10.94,11778,14.58,76.13,439.03,100,0.46
MUN281,77.56,66.46,63.58,2820,93.96,4.37,21.15,70.41,1.58
MUN282,22.3,12.18,1,13158,21.63,84.19,287.16,97.21,0.35
MUN283,73.06,46.43,57.11,3507,66.52,33.52,140.53,88.26,1.33
MUN284,64.85,47.9,41.41,3822,61.12,26,78.77,84.99,1.34
MUN285,62.98,36.65,52.51,5907,71.73,30.82,135.5,86.17,1.22
MUN286,78.83,68.28,52.39,2003,84.83,13.85,17.02,63.21,1.71
MUN287,35.54,30.84,30.79,7832,17.34,56.87,322.93,94.05,0.76
MUN288,54.31,25.68,39.34,7567,51.3,55.34,375.75,90.02,0.95
MUN289,83.29,55.18,66.08,4432,91.66,1,47.59,69.49,1.46
MUN290,72.33,61.13,71.47,4353,82.94,17.11,25.16,67.56,1.52
MUN291,52.74,33.98,33.43,6579,40.2,55.26,296.26,94.19,1.02
MUN292,8.84,6.72,3.39,15586,7.68,82.05,1235.09,100,0.24
MUN293,71.47,70.12,63.67,1500,79.9,27.36,38.66,73.72,1.59
MUN294,60.15,49.04,54.03,4689,77.22,28.49,104.99,84.48,1.26
MUN295,80.69,64.8,63.11,2437,81.32,22.28,27.98,68.65,1.52
MUN296,29.35,31.35,28.61,5958,36.37,62.3,524.93,88.3,0.71
MUN297,71.28,51.75,61.19,1963,78.48,8.71,37.06,70.32,1.32
MUN298,79.87,67.93,80.78,5322,95.63,3.48,29.01,71.64,1.58
MUN299,69.46,61.97,65.68,1500,86.6,16.73,32.8,64.17,1.43
MUN300,29.96,16.74,14.43,14817,18.06,85.7,1828.5,97.99,0.56
MUN301,44.65,28.01,36.41,5919,32.59,48.55,404.59,90.94,0.89
MUN302,44.48,26.61,26.42,9846,31.53,39.37,409.56,89.99,0.82
MUN303,73.1,59.75,63.61,4854,74.96,19.87,40.39,64.26,1.53
MUN304,15.52,14.91,5.85,15984,16.72,78.12,1103.96,100,0.36
MUN305,21.38,12.53,10.87,14168,24.05,63.67,1867.76,100,0.34
MUN306,58.73,38.86,39.71,4103,60.46,17.97,13.44,82.28,1.2
MUN307,47.32,31.17,28.45,7189,27.83,57.03,464.1,87.24,0.88
MUN308,56.73,46.35,49.43,7937,68.3,24.8,61.31,86.23,1.09
MUN309,90.95,62.45,66.9,3669,93.54,13.25,54.47,68.82,1.71
MUN310,41.93,31.19,24.5,7987,37.2,56.6,404.93,85.51,0.85
MUN311,44.73,17.85,29.24,9088,28.32,52.33,494.49,84.65,0.71
MUN312,83.23,61.91,73.52,3151,89.81,16.43,17.93,70.09,1.66
MUN313,63.47,43.23,52.78,5867,63.78,29.74,77.97,83.22,1.15
MUN314,47.69,32.91,30.79,9262,32.54,46.89,374.12,95.79,0.85
MUN315,19.01,11.44,21.94,15071,19.79,83.74,1880.73,94.33,0.41
MUN316,81.34,65.34,64.22,6341,87.66,25.15,25.34,69.57,1.62
MUN317,67.18,46.72,55.26,5072,64.47,48.48,54.97,85.56,1.26
MUN318,76.79,58.11,60.9,3307,82.4,12,45.93,65.68,1.46
MUN319,77.89,66.5,65.44,6069,71.09,22.4,8.9,66.11,1.59
MUN320,44.53,45.28,39.96,5491,65.74,26.75,47.49,84.36,0.93
MUN321,53.17,40.24,41.7,5281,60.79,26.9,130.08,82.43,0.97
MUN322,18.86,10.74,7.86,14056,20.06,85.98,937.13,96.25,0.35
MUN323,53.52,34.93,58.64,6297,58.41,31.63,85.55,85.8,0.98
MUN324,59.85,42.74,42.89,6795,70.86,35.49,76.16,77.41,1.14
MUN325,77.64,60.75,63.63,3949,98.11,6.04,20.4,71.56,1.52
MUN326,58.77,56.32,59.78,7205,48.74,23.53,67.32,83.31,1.27
MUN327,32.29,28.48,33.4,8087,38.02,50.5,223.85,95.7,0.66
MUN328,78.95,69.79,59.49,2065,78.33,9.99,48.61,71.85,1.68
MUN329,24.19,16.1,13.31,13796,8.28,75.62,1439.03,92.2,0.48
MUN330,34.5,25.32,22.8,8860,27.85,55.13,291.53,89.68,0.77
MUN331,82.74,55.81,62.56,3096,85.21,25.61,43.35,65.3,1.59
MUN332,65.54,41.44,49.73,5346,83.56,20.58,84.49,81.43,1.3
MUN333,21.95,9.6,22.98,15851,3.33,88.36,1668.55,88.89,0.37
MUN334,38.5,23.11,30.65,10530,9.53,55.6,233.49,92.18,0.7
MUN335,54.38,40.3,41.15,5601,78.33,32.83,127.27,80.23,1.09
MUN336,42.17,31.23,27.86,9179,34.63,65.26,244.46,92.84,0.77
MUN337,49.74,42.75,32.18,NA,68.1,20.21,92.35,81.35,1.01
MUN338,86.41,55.44,61.25,NA,93.13,21.64,21.1,67.13,1.5
MUN339,77.2,55.01,64.63,6387,81.75,19.82,41.77,63.94,1.44
MUN340,85.21,64.34,49.01,2733,90.6,11.6,43.31,61.66,1.67
MUN341,61.13,52.72,55.1,5868,60.54,27.38,107.29,85.6,1.2
MUN342,45.54,31.55,36.36,8354,31.51,59.32,136.11,88.58,0.91
MUN343,40.97,37.35,24.74,8343,49.78,58.24,158.38,84.88,0.88
MUN344,24.45,16.24,17.66,13006,12.79,64.69,678.36,100,0.4
MUN345,26.5,14.89,13.84,14968,23.83,83.98,1385.94,94.83,0.53
MUN346,41.3,25.77,36.07,9194,40.38,56.07,346.89,88.32,0.74
MUN347,80.58,54.85,67.77,4018,81.73,10.34,45.2,73.23,1.49
MUN348,75.25,65.26,69.09,1500,92.93,23.68,62.13,68.92,1.55
MUN349,43.93,19.34,34.9,7903,28.87,52.22,569.74,78.52,0.73
MUN350,64.15,49.98,58.07,4103,68.79,32.56,88.23,77.4,1.41
MUN351,23.38,10.61,7.44,14492,4.99,82.18,937.8,94.28,0.34
MUN352,44.13,31.08,24.62,9377,43.96,58.43,529.41,90.93,0.89
MUN353,74.32,62.5,68.97,2815,93.31,18.37,17.42,68.33,1.53
MUN354,79.48,63.79,73.03,1500,83.08,20.07,45.28,69,1.61
MUN355,83.51,64.9,56.88,4523,92.68,11.77,54.11,72.78,1.72
MUN356,20.14,12.08,19.72,13153,6.58,79.67,1289.63,95.33,0.4
MUN357,37.53,32.53,38.05,7956,36.45,43.31,502.49,90.83,0.84
MUN358,16.32,17.63,10.83,13813,14.87,74.22,649.85,100,0.38
MUN359,22.33,11.93,18.04,13552,17.49,83.89,1100.9,97.19,0.35
MUN360,83.35,66.87,72.36,3815,90.4,10.25,40.16,76.85,1.59
MUN361,81.53,61,59.07,4419,85.22,14.31,33.4,63.1,1.6
MUN362,83.78,64.31,65.86,1500,88.02,20.82,50.36,69.25,1.58
MUN363,42.56,28.87,29.77,11111,38.18,45.52,244.98,90.4,0.78
MUN364,70,60.2,70.16,2780,88.58,2.22,19.56,62.87,1.51
MUN365,41.16,27.22,37.44,5078,39.28,44.32,388.65,78.3,0.7
MUN366,71.53,43.8,51.64,5750,59.19,33.45,59.75,77.8,1.32
MUN367,56.21,48.79,54.61,5483,72.38,28,121.42,78.75,1.12
MUN368,74.09,60.94,67.15,3179,82.65,15.47,34.38,79.05,1.51
MUN369,80.11,63.2,75.58,4755,80.67,6.25,43.77,68.98,1.6
MUN370,80.51,63.29,69.04,2608,85.45,1,38.69,67.12,1.59
MUN371,22.22,2.55,23.22,15319,19.92,81.41,1061.71,95.61,0.36
MUN372,29.75,18.89,17.87,14162,15.62,75.89,1235.4,91.66,0.53
MUN373,26.24,12.44,8.34,12869,23.16,85.7,1358.91,100,0.48
MUN374,84.47,66.07,70.12,1500,90.99,14.52,39.36,70.96,1.73
MUN375,22.19,10.74,22.97,NA,9.72,72.85,1310.79,98.76,0.43
MUN376,79.87,53.29,59.73,2848,83.87,18.11,46.39,74.71,1.43
MUN377,23.06,13.9,22.23,15729,2.84,71.07,1685.95,92.77,0.4
MUN378,47.45,36.7,38.96,9600,41.29,48.77,450.2,94.23,0.9
MUN379,60.58,37.68,44.48,5346,81.09,20.26,40.52,84.27,1.06
MUN380,41.7,41.47,21.6,5290,43.09,54.78,316.41,94.67,0.97
MUN381,27.57,2.35,12.22,8874,10.49,69.15,1,90.79,0.37
MUN382,76.35,58.77,65.41,2687,87.92,12.04,12.84,68.5,1.46
MUN383,44.68,21.79,29.89,7565,37.1,50.08,378.36,86.7,0.8
MUN384,17.76,7.5,7.51,14531,22,74.23,612.85,98.85,0.4
MUN385,55.05,40.12,56.2,3069,77.29,33.13,59.14,79.12,1.04
MUN386,69.65,43.41,46.54,3382,64.2,40.48,65.21,83.73,1.32
MUN387,44.38,27.47,29.16,7305,33.99,36.72,383.33,92.93,0.78
MUN388,22.65,8.01,11.62,16650,14.73,93.14,1031.17,98.64,0.32
MUN389,45.18,27.58,30.18,6569,39.63,57.1,244.39,84.42,0.78
MUN390,42.59,36.47,37.72,8613,41.83,56.85,257.63,85.16,1
MUN391,61.96,40.02,45.7,6023,76.15,32.48,118.34,88.72,1.16
MUN392,22.79,12.88,17.18,15531,17.48,72.04,868.82,96.33,0.33
MUN393,55.35,52.43,48.46,5657,75,32,97.14,83.58,1.15
MUN394,43.15,27.86,30.55,7169,28.1,50.78,178.07,94.92,0.76
MUN395,40.01,23.8,35.84,9113,21.16,48.93,358.51,89.64,0.81
MUN396,51.27,52.7,57.6,2619,79.12,30.99,138.5,78.98,1.19
MUN397,43.73,31.79,36.67,8774,25.9,51.99,197.64,90.32,0.75
MUN398,42.24,22.23,32.46,7721,40.88,39.87,16.73,87.87,0.76
MUN399,15.19,11.78,23.4,13826,14.69,79.29,1156.78,93.01,0.24
MUN400,64.42,49.64,42.4,3208,89.48,28.33,117.56,88.41,1.24
MUN401,22.11,10.3,13.3,13240,11.58,86.6,723.7,94.71,0.33
MUN402,70.97,66.5,53.06,1500,84.28,8.51,27.45,66.5,1.49
MUN403,61.21,44.1,62.43,3968,50.02,36.46,109.57,76.44,1.12
MUN404,75.75,63.55,79.66,3375,97.94,12.9,57.31,74.46,1.54
MUN405,15.16,13.97,17.18,14694,15.46,84.35,708.67,94.83,0.29
MUN406,59.22,44.44,51.75,3878,67.49,25.74,86.47,82.82,1.12
MUN407,48.16,27.41,27.69,6914,41.24,47.49,270.03,89.51,0.91
MUN408,91.7,62.29,74.64,2195,83.78,14.51,6.43,62.82,1.7
MUN409,52.85,43.53,54.48,5560,67.94,29.89,84.97,87.6,1.06
MUN410,60.55,49.87,49.47,5808,61.92,32.99,38.96,77.19,1.19
MUN411,43.08,22.89,19.69,6486,32.53,63.72,263.65,86.39,0.71
MUN412,78.71,59.35,67.53,3361,85.28,9.66,42.28,76.05,1.55
MUN413,15.27,14.78,19.22,14712,4.03,74.2,1170.84,92.89,0.36
MUN414,58.99,41.86,43.53,7578,74.65,18.91,34.13,76.9,0.98
MUN415,32.65,8.66,24.1,17531,11.58,69.45,488.69,97.43,0.52
MUN416,46.24,31.05,21.46,10056,41.17,51.71,585.58,93.89,0.89
MUN417,54.53,46.65,35.47,4418,52.57,39.02,124.84,83.28,1.05
MUN418,58.5,52.68,48.54,3854,72.59,41.46,61.89,82.12,1.22
MUN419,25.92,15.09,16.04,14593,8.73,83.95,1493.78,100,0.45
MUN420,14.35,8.01,28.91,NA,0,91.28,1913.24,96.1,0.23
MUN421,43.32,28.94,23.61,9121,26.94,56.83,531.61,87.74,0.84
MUN422,22.5,1.69,19.1,13730,18.47,89.98,2089.7,97.04,0.41
MUN423,83.44,58.63,61.1,1907,91.72,15.94,51.15,67.55,1.64
MUN424,24.71,17.45,33.88,15163,3.27,85.47,1,100,0.48
MUN425,40.65,21.26,36.38,9242,35.33,44.37,150.91,94.94,0.7
MUN426,50.5,35.55,56.45,2133,50.45,20.65,83.11,80.4,1.03
MUN427,56.42,48.96,63.06,3617,79.25,19.41,52.63,89.04,1.17
MUN428,10.55,18.98,29.1,17487,11.47,75.76,1905.71,93.02,0.33
MUN429,29.28,10.4,15.24,13026,17.66,75,651.08,100,0.48
MUN430,47.18,51.55,52.26,3469,64.7,37.01,110.2,78.93,1.14
MUN431,53.01,41.74,41.82,6064,71.21,22.1,89.93,85.17,1.09
MUN432,38.59,31.36,36.3,5999,41.47,55.38,356.04,89.43,0.8
MUN433,24.41,11.75,14.34,12496,11.86,76.33,2504.16,97.87,0.5
MUN434,46.07,23.83,34.33,12706,27.71,43.49,344.88,88.92,0.75
MUN435,53.87,47.58,54.29,8378,48.62,33.95,103.12,81.06,1.1
MUN436,49.9,31.61,37.2,6515,18.72,52.67,274.47,93.88,0.88
MUN437,24.37,12.39,18.78,NA,9.55,75.04,1197.29,100,0.43
MUN438,46.12,38.39,28.85,5248,34.72,49.55,296.34,85.76,0.86
MUN439,53.38,43.44,45.44,4055,64.41,43.77,90.84,86.13,1.1
MUN440,77.3,61.17,61.14,5709,81.62,20.4,52.93,70.02,1.44
MUN441,56.04,43.33,51.25,4208,61.57,26.27,103.66,80.34,1.15
MUN442,28.73,13.11,7.62,15772,26.67,73.47,1754.85,97.8,0.5
MUN443,42.96,27.45,28.19,10678,28.94,47.31,447.72,91.81,0.8
MUN444,22.09,11.5,5.54,15128,0.27,76.55,1082.38,96.46,0.33
MUN445,53.16,47.61,44.16,4950,53.29,23.99,125.54,79.97,1.11
MUN446,25.85,7.73,15.18,16912,26.85,75.83,707.1,100,0.37
MUN447,72.96,58.45,71.44,1536,100,5.23,36.48,80.07,1.46
MUN448,18.09,27.33,23.86,14430,5.02,70.08,1184.87,96.35,0.55
MUN449,13.12,7.92,10.14,14463,19.73,67.6,2331.15,98.91,0.26
MUN450,79.88,57.57,68.33,3077,100,12.62,48.64,72.43,1.47
MUN451,14.15,4.97,9.44,15620,20.3,93.32,804.08,100,0.24
MUN452,16.54,17.73,12.52,13777,5.52,86.78,1628.53,100,0.38
MUN453,61.03,39.71,55.91,5166,74.42,23.94,112.6,83.22,1.12
MUN454,83.9,61.44,70.93,1500,92.34,18.28,37.2,69.11,1.59
MUN455,25.03,13.43,11.78,15378,14.57,90.68,1356.93,98.6,0.41
MUN456,61.26,50.25,53.16,5210,58.68,41.21,100.95,92.51,1.16
MUN457,45.19,20.46,27.07,8410,48.73,55.29,467.2,93,0.71
MUN458,26.28,9.52,18.29,14583,0,67.54,1148.65,93.8,0.39
MUN459,75.67,64.41,70.09,4331,85.47,5.95,49.02,70.54,1.53
MUN460,17.07,13.82,11.51,14754,13.7,73.76,1407.8,96.08,0.4
MUN461,20.08,9.41,17.3,14977,10.55,74.82,421.64,95.48,0.27
MUN462,84.57,59.56,63.92,3449,84.81,22.98,33.16,62.45,1.64
MUN463,53.37,46.71,49.33,6509,69.72,27.75,142.67,80.9,1.09
MUN464,31.99,22.18,37.29,10264,37.87,57.52,261.76,90.39,0.59
MUN465,28.64,17.09,17.1,16552,0,76.55,1219.39,100,0.45
MUN466,15.17,16.29,9.81,17032,1.21,70.15,1652.64,90.95,0.38
MUN467,31.74,11.93,12.87,14367,18.41,80.53,1231.21,98.8,0.4
MUN468,55.56,39.75,50.2,3169,71.73,32.65,38.98,80.52,1.12
MUN469,42.8,33.87,39.8,NA,31.43,58.24,67.47,92.3,0.87
MUN470,72.96,47.69,41.95,6526,63.38,28.41,101.19,77.41,1.39
MUN471,49.61,26.36,38.85,10921,39.13,47.25,1,92.36,0.83
MUN472,45.95,27.76,33.14,7878,45.54,44.17,672.8,88.9,0.84
MUN473,43.7,30.59,26.96,7763,47.7,66.97,109.31,95.74,0.78
MUN474,23.75,16.76,15.77,16507,17.99,67.17,1305.9,91.47,0.44
MUN475,79.48,57.75,74.57,3813,84.18,8.67,8.1,67.35,1.54
MUN476,22.49,14.85,16.38,13375,5.68,83.3,1149.7,93.3,0.44
MUN477,21.5,6.95,8.07,15444,7.58,65.1,1456.07,100,0.28
MUN478,17.4,23.9,21.11,14697,3.84,84.63,1257.37,100,0.5
MUN479,43.54,32.07,31.41,8483,27.14,62.49,582.35,89.53,0.8
MUN480,14.27,9.37,16.53,11591,6.55,75.68,1590.24,96.74,0.26
MUN481,78.73,60.14,65.14,1500,90.76,14.28,40.31,69.81,1.48
MUN482,54.82,50.44,49.39,6714,69.13,32.73,56,78.29,1.12
MUN483,81.43,59.82,66.82,3067,93.79,16.31,23.76,71.87,1.49
MUN484,37.43,28.64,46.5,10252,44.28,52.56,409.37,89.27,0.71
MUN485,13.91,21.87,15.58,13074,10.69,76.9,923.35,100,0.46
MUN486,55.33,21.82,33.8,10301,45.7,49.08,647.01,90.01,0.83
MUN487,79.99,56.89,56.95,2508,92.03,18.11,32.91,70.52,1.56
MUN488,43.74,29.61,21.27,9833,32.06,57.74,186.51,86.69,0.8
MUN489,60.38,48.18,50.36,5915,71.4,31.99,119.76,80.51,1.25
MUN490,70.49,58.66,66.13,4249,69.97,17.51,22.18,66.46,1.44
MUN491,67.31,43.69,48.29,4886,61.25,36.67,59.86,86.85,1.33
MUN492,40.49,26.8,46.99,7279,26.11,40.87,517.84,87.44,0.73
MUN493,40.28,23.45,34.79,6649,40.13,51.32,299.84,92.47,0.7
MUN494,28.36,37.11,32.59,7174,32.16,57.12,230.54,86.29,0.69
MUN495,34.21,25.26,28.09,9888,40.12,47.96,273.58,92.34,0.73
MUN496,36.34,25.42,29.36,6235,43.59,59.58,357.03,93.14,0.67
MUN497,48.85,26.44,21.01,6964,48.22,54.24,444.6,94.8,0.95
MUN498,50.01,35.65,31.94,8404,30.53,56.8,274.95,92.22,1.05
MUN499,11.46,2.74,13.14,15536,16.85,78.34,761.5,100,0.14
MUN500,44.68,25.96,34.59,8803,35.84,47.34,192.14,95.06,0.81
