id_usuario,edad,antiguedad_dias,num_depositos_mes,monto_total_depositado_mxn,monto_promedio_apuesta_mxn,num_apuestas_mes,num_sesiones_mes,duracion_sesion_min,pct_apuestas_nocturnas,num_juegos_distintos,pct_uso_bonos,indice_persecucion_perdidas,monto_total_retirado_mxn,perdida_neta_mxn
US00001,45,498,3,1344,79,26,6,30,17.4,9,14.6,0.233,381,963
US00002,46,1105,9,22042,940,118,17,46,40.1,6,2.3,0.326,14788,7254
US00003,41,380,3,1306,71,37,8,33,18.8,5,22.3,0,726,580
US00004,40,614,3,1438,63,41,6,46,37.2,4,23.9,0.042,736,702
US00005,40,1084,6,23185,689,100,17,44,40.7,5,19.7,0.364,9585,13600
US00006,52,523,3,1167,47,38,7,31,23.1,3,26.9,0.138,641,526
US00007,42,435,4,1015,34,43,6,37,35.4,5,16.9,0.161,510,505
US00008,39,462,4,1528,45,46,7,22,34.4,7,21.6,0.239,891,637
US00009,35,437,4,1140,52,37,7,21,32.1,4,24.4,0.243,500,640
US00010,43,857,11,25737,NA,105,20,56,44.7,5,20.2,0.243,16281,9456
US00011,23,203,5,4556,36,335,18,22,8.7,12,100,0.041,4583,-27
US00012,37,164,5,5034,51,123,18,16,14.3,13,93.4,0.116,5324,-290
US00013,31,489,21,18292,281,386,26,56,68.6,4,34.3,0.774,3340,14952
US00014,36,308,18,17884,191,360,57,85,61.8,2,17,0.817,2503,15381
US00015,42,354,3,1193,52,33,9,34,20.2,5,31,0.102,603,590
US00016,38,384,2,596,62,52,6,27,32.7,6,22.6,0.123,293,303
US00017,36,137,4,1495,36,49,7,23,24.9,4,26.1,0.1,606,889
US00018,34,453,1,1808,59,32,7,50,12.5,5,27,0.228,907,901
US00019,30,214,5,5356,NA,240,18,8,15.7,14,83.2,0.087,5899,-543
US00020,38,368,21,11405,188,336,41,98,59.1,6,17.1,0.748,2536,8869
US00021,50,377,4,768,61,20,10,37,31.5,6,17.7,0.16,327,441
US00022,36,240,31,17503,NA,308,44,135,79.6,3,26.4,0.772,4849,12654
US00023,24,216,6,3890,24,200,13,19,18.5,12,88.4,0.128,4115,-225
US00024,37,404,1,782,67,29,8,28,24.8,5,18.6,0.135,447,335
US00025,47,328,4,1345,86,31,7,33,19.4,4,18.3,0.032,713,632
US00026,27,259,3,4661,37,171,26,21,19.2,9,92.3,0.078,4787,-126
US00027,23,219,5,3777,39,209,16,10,35.7,11,93.3,0,3742,35
US00028,41,538,3,971,53,44,4,35,28,7,19.1,0.176,660,311
US00029,40,707,9,20200,844,83,12,59,33.9,3,5.1,0.241,9730,10470
US00030,32,772,3,619,79,32,7,33,26.3,7,25.8,0.195,309,310
US00031,39,279,2,975,85,36,9,30,25.1,4,15,0.157,483,492
US00032,25,227,5,4990,47,230,12,15,19.5,10,97.6,0.032,5582,-592
US00033,38,680,5,1429,57,40,5,37,21.2,4,18.9,0.16,556,873
US00034,46,562,4,30398,969,100,12,43,26.2,5,17.4,0.268,23889,6509
US00035,20,245,5,5098,41,265,18,19,29.9,10,97.1,0.149,5786,-688
US00036,41,473,3,625,70,31,9,30,18.6,6,26.8,0.157,347,278
US00037,29,330,2,936,60,40,7,36,20.8,7,41.8,0.137,475,461
US00038,36,459,2,1128,65,46,8,31,17.4,6,30,0.02,718,410
US00039,35,674,2,1059,34,35,4,13,32.7,7,22.5,0.12,537,522
US00040,40,477,3,1096,50,33,9,38,26.4,4,22.3,0.067,603,493
US00041,45,450,3,1288,60,28,6,26,20.6,5,40.1,0.178,749,539
US00042,51,585,4,810,75,27,7,26,28.2,4,16.6,0.046,335,475
US00043,38,839,8,18932,879,127,17,47,41.7,5,9.8,0.317,8599,10333
US00044,25,323,8,3308,58,273,18,18,12.3,13,86.6,0.154,2978,330
US00045,37,299,4,1114,71,40,9,33,19.9,3,15.6,0.106,483,631
US00046,36,276,6,6149,28,183,21,15,29.5,10,92.8,0.09,6214,-65
US00047,53,616,10,24985,664,99,19,40,29.6,5,17.6,0.223,13649,11336
US00048,43,456,21,14173,207,351,27,113,62.7,2,24,0.772,2746,11427
US00049,39,488,3,1082,69,43,7,24,28.8,7,11.4,0.172,390,692
US00050,41,389,3,1002,69,34,7,40,21.7,3,19.1,0.284,441,561
US00051,22,253,6,5114,NA,262,17,9,25.7,13,94.8,0,4968,146
US00052,43,551,4,1505,80,40,8,38,29,3,19.8,0.233,611,894
US00053,32,666,21,14110,252,364,29,106,68.7,4,23.5,0.654,479,13631
US00054,23,197,5,3855,56,228,19,19,21,11,93.4,0.057,4463,-608
US00055,32,538,28,11518,299,284,50,130,74.1,5,24.5,0.752,2508,9010
US00056,24,467,19,16216,252,316,48,75,65.5,5,16.5,0.859,2735,13481
US00057,40,341,3,858,75,35,6,28,0,5,21.8,0.18,411,447
US00058,36,427,3,995,79,42,8,30,18.4,5,23,0.221,663,332
US00059,35,211,7,4553,49,222,20,14,13.3,11,99.8,0.04,4938,-385
US00060,43,298,4,1309,NA,35,5,34,31.2,6,18.3,0.024,763,546
US00061,34,709,3,873,45,33,9,35,10.8,4,26.3,0.133,433,440
US00062,41,385,3,939,81,35,7,43,15.6,7,22.1,0.191,563,376
US00063,28,178,6,5422,47,238,18,25,12.2,10,92.3,0.134,4609,813
US00064,53,437,2,1030,57,41,7,18,16.3,6,22.6,0.221,540,490
US00065,29,949,30,12260,185,248,33,113,69.2,5,24.5,0.763,2663,9597
US00066,53,368,5,1001,85,26,5,25,14.2,3,30.6,0.173,521,480
US00067,30,632,4,1225,78,22,7,35,21.8,5,21.8,0.157,749,476
US00068,37,452,2,1176,67,34,7,34,26.8,5,26.4,0.113,536,640
US00069,49,504,3,1123,103,33,6,23,20.9,5,23.8,0.115,664,459
US00070,48,376,2,985,74,39,7,50,29.8,4,27,0.195,489,496
US00071,33,483,2,986,53,39,6,38,20.9,5,23.3,0.12,445,541
US00072,40,1037,7,14166,823,81,19,42,28.9,7,6.2,0.415,9555,4611
US00073,48,360,4,1198,71,31,8,32,32.7,5,23,0.186,554,644
US00074,42,737,6,18039,614,68,18,53,31.9,6,20.8,0.298,11765,6274
US00075,33,482,30,20107,319,333,35,103,69.3,5,16.4,0.751,2981,17126
US00076,29,554,22,15311,215,272,36,89,66.1,3,21.3,0.735,5035,10276
US00077,33,274,4,1169,69,36,8,26,10.7,5,22.5,0.148,614,555
US00078,21,179,7,4540,57,213,15,9,15.7,8,83.4,0.055,4605,-65
US00079,49,651,26,14808,246,285,55,102,64.7,3,26,0.749,3397,11411
US00080,18,246,3,5651,NA,191,16,16,12.7,11,91.4,0.151,6234,-583
US00081,41,789,11,24981,1054,86,14,39,36.3,6,10.2,0.355,17377,7604
US00082,22,856,15,14939,139,335,38,90,59.7,2,17.4,0.877,2124,12815
US00083,42,505,3,782,65,28,4,20,28.5,8,15.9,0.155,377,405
US00084,26,178,5,4080,34,254,23,19,19.2,11,100,0.024,4622,-542
US00085,30,830,23,16456,NA,352,42,91,67.5,4,27.4,0.799,4536,11920
US00086,51,571,7,23338,995,85,17,52,27.1,3,5,0.317,10741,12597
US00087,52,523,7,26762,853,120,18,46,29,7,9.8,0.239,12907,13855
US00088,34,576,32,12950,167,279,42,117,71.5,5,12.7,0.709,333,12617
US00089,39,494,4,664,65,32,7,23,22.8,4,26.3,0.194,230,434
US00090,34,565,3,890,79,40,6,14,31.8,5,28.6,0.013,419,471
US00091,50,744,3,914,71,36,5,29,19.1,3,13.6,0.208,399,515
US00092,46,346,2,1159,61,30,6,29,26.3,4,31.2,0.235,415,744
US00093,48,414,4,1131,86,49,7,33,22.9,5,10,0.107,483,648
US00094,19,220,5,3779,44,179,20,16,17.3,9,89.3,0.083,4293,-514
US00095,37,260,3,1068,55,44,9,24,31.6,5,24.4,0.063,479,589
US00096,47,439,2,1396,NA,36,8,41,21.4,4,35.9,0.085,629,767
US00097,34,302,2,1219,81,41,7,19,19,7,25.9,0.128,781,438
US00098,45,410,3,1339,82,41,6,26,19.8,4,27,0.136,649,690
US00099,36,460,2,626,67,34,8,30,26.2,6,24.9,0.277,368,258
US00100,26,841,18,14335,317,433,40,70,53,5,23.6,0.723,2551,11784
US00101,29,362,23,14990,124,254,54,102,66.1,6,28,0.782,2703,12287
US00102,22,159,4,5024,50,218,23,18,12.7,12,100,0.016,5551,-527
US00103,31,238,7,6510,37,253,18,22,22,11,88.5,0.043,6985,-475
US00104,35,422,4,1310,80,21,7,35,17,8,26.4,0.104,684,626
US00105,58,1041,8,17847,991,138,19,44,25.4,6,11.3,0.242,12431,5416
US00106,38,402,4,892,53,28,6,27,23,8,15.6,0.26,430,462
US00107,45,420,4,1053,78,22,6,29,20.5,5,27.8,0.155,483,570
US00108,47,865,8,32318,977,110,15,47,31,5,17.1,0.318,23171,9147
US00109,29,755,26,14667,NA,348,33,115,78.8,7,8.3,0.761,1325,13342
US00110,39,599,3,1211,64,37,7,35,22.1,4,31.6,0.074,600,611
US00111,38,260,3,822,52,48,7,32,24.7,7,17,0.177,477,345
US00112,33,225,4,1251,79,41,4,17,15.5,4,21.6,0.132,682,569
US00113,29,180,5,2907,NA,261,18,24,14.1,11,98.2,0,3234,-327
US00114,42,889,6,33149,744,51,17,56,19.9,8,11.3,0.286,13126,20023
US00115,44,322,3,1063,84,24,7,28,27.1,5,18.8,0.208,528,535
US00116,54,922,6,39391,583,96,15,62,22.6,7,18.3,0.337,26820,12571
US00117,40,573,3,1311,61,36,7,21,23.4,5,25.6,0.231,606,705
US00118,38,752,8,20594,812,102,19,45,26.5,4,25,0.313,11725,8869
US00119,54,473,3,885,52,42,8,31,20.3,5,18.2,0.201,459,426
US00120,40,520,2,1242,83,34,6,25,31.7,5,29.5,0.101,638,604
US00121,27,398,19,19489,157,411,41,92,71.6,3,11.4,0.84,3937,15552
US00122,36,516,3,1219,37,45,7,28,14.1,4,28,0.062,822,397
US00123,43,299,3,1051,62,36,7,41,21.3,5,20.8,0.083,330,721
US00124,44,591,4,1271,78,40,7,15,29,6,19.2,0.252,740,531
US00125,44,249,3,1414,73,28,8,35,20.8,4,13.3,0.163,472,942
US00126,37,484,2,941,97,51,9,23,23.7,6,28.9,0.261,575,366
US00127,26,717,19,13516,227,160,45,107,71.1,3,26,0.822,1622,11894
US00128,30,168,3,2622,31,271,22,23,27,10,100,0,3167,-545
US00129,39,1009,7,34630,778,117,14,58,30.9,5,23,0.416,14926,19704
US00130,39,618,3,1202,51,34,4,34,23.2,7,21.2,0.026,629,573
US00131,46,613,5,16479,715,61,16,55,28.4,8,17.6,0.295,9040,7439
US00132,36,513,3,998,45,29,8,29,24.4,5,26.1,0.143,439,559
US00133,41,507,4,1486,50,41,7,30,14.9,4,22.5,0.241,593,893
US00134,35,445,4,1443,63,34,7,22,18.5,7,19.1,0.233,825,618
US00135,39,541,4,577,82,45,8,29,25.1,4,26.3,0.18,331,246
US00136,45,421,5,1205,53,38,8,14,29.9,4,21.8,0.204,552,653
US00137,39,638,3,1104,66,47,5,42,27.1,7,17,0.274,613,491
US00138,36,217,3,763,74,36,7,32,23.2,4,22,0.167,211,552
US00139,41,587,5,1202,61,44,8,32,17.5,6,33.9,0.073,580,622
US00140,31,555,22,13625,233,141,40,117,61.7,1,20.1,0.916,234,13391
US00141,27,888,16,22089,321,312,36,119,55.2,4,17,0.663,5410,16679
US00142,27,270,6,5455,43,349,22,13,7.7,13,86.6,0.085,5887,-432
US00143,32,482,3,917,56,33,8,39,11.7,7,26.9,0.149,329,588
US00144,50,422,3,1261,70,24,8,27,28.3,2,18.4,0.107,641,620
US00145,26,606,30,21108,230,399,50,97,78.3,3,24.9,0.969,3615,17493
US00146,41,566,23,18975,265,361,60,67,70,7,20.6,0.767,4936,14039
US00147,44,595,4,866,59,31,7,29,21.3,4,32,0.001,625,241
US00148,41,739,5,24036,840,110,18,48,34.7,6,17.3,0.21,11878,12158
US00149,25,564,17,13642,324,299,42,90,66.4,3,24.2,0.803,2962,10680
US00150,23,434,16,19126,183,440,37,102,75.2,5,18.3,0.826,3474,15652
US00151,43,406,4,1095,64,37,8,50,23.7,7,16.8,0.156,576,519
US00152,44,945,8,22002,743,81,12,46,23.3,7,14.8,0.29,12019,9983
US00153,27,293,7,6847,28,190,11,14,18.7,14,99.7,0,6714,133
US00154,35,622,2,1267,48,33,11,46,10.7,5,13.4,0.072,538,729
US00155,40,376,3,1486,57,29,6,32,13.6,4,30.3,0.134,914,572
US00156,43,438,3,1366,90,56,5,33,25.9,5,11.4,0.184,557,809
US00157,46,464,3,633,65,33,9,30,15.7,5,23.8,0.208,441,192
US00158,38,308,3,934,67,22,8,26,22.7,5,25.3,0,398,536
US00159,43,412,3,915,80,26,8,38,23.9,6,31.7,0.026,426,489
US00160,49,856,8,26437,935,68,15,59,31.1,7,26.7,0.431,18677,7760
US00161,28,272,4,509,81,36,7,39,34.1,5,23.5,0.281,219,290
US00162,44,421,2,1064,57,33,7,32,22.1,6,27.5,0.153,643,421
US00163,48,1044,5,14258,829,78,15,51,26.6,4,22.2,0.445,7813,6445
US00164,40,573,4,1226,49,38,7,34,14.3,5,27.5,0,486,740
US00165,28,273,5,5737,56,271,17,15,21,8,87.1,0.1,6810,-1073
US00166,23,246,3,4884,34,266,22,24,4.9,10,96.9,0.217,5638,-754
US00167,44,445,4,1195,49,43,8,22,27.4,5,15.9,0.23,510,685
US00168,26,251,6,3225,56,270,19,15,19.4,8,89.4,0.085,3451,-226
US00169,27,173,8,5786,43,267,20,14,15.3,12,92.4,0,6298,-512
US00170,30,653,3,865,75,35,9,34,18,6,28.6,0.082,441,424
US00171,42,451,2,1071,66,35,8,25,20.3,3,20.9,0.127,615,456
US00172,39,925,9,24258,958,73,8,38,32.5,5,23.5,0.281,13303,10955
US00173,43,547,7,28445,989,97,15,51,31.5,8,20.3,0.307,17223,11222
US00174,34,746,7,34266,833,81,20,53,31.1,4,14.8,0.292,19971,14295
US00175,57,673,8,31498,982,114,18,55,33.9,5,19.1,0.143,15277,16221
US00176,36,849,8,20052,798,105,14,54,28.7,6,8.2,0.319,10956,9096
US00177,46,1346,9,20381,993,84,21,47,25.4,5,25.2,0.308,11012,9369
US00178,42,200,3,824,72,37,7,42,23.2,7,42.5,0.026,204,620
US00179,41,290,3,840,70,35,8,27,20.5,7,1.9,0.072,441,399
US00180,36,677,32,13140,289,313,49,107,66.8,4,26.2,0.828,3623,9517
US00181,40,446,3,1480,89,41,6,39,20.1,6,22.9,0.179,695,785
US00182,48,645,3,1122,49,40,6,35,21,4,26.9,0.107,581,541
US00183,38,584,9,19465,273,360,39,145,67.5,5,18.1,0.719,4222,15243
US00184,25,232,5,5530,34,301,12,21,7.5,15,88.3,0.173,5302,228
US00185,37,343,3,1319,56,46,6,27,35.6,4,16.2,0.036,616,703
US00186,41,604,3,799,60,31,7,36,33.1,3,28.1,0.194,495,304
US00187,33,487,2,884,47,30,7,32,26.9,3,21.1,0.083,440,444
US00188,44,254,18,12810,246,334,58,110,64.1,3,28.9,0.778,2991,9819
US00189,22,210,7,4172,30,238,17,15,16.9,11,97.4,0.077,4127,45
US00190,33,169,10,4178,38,293,15,19,28.5,13,100,0.109,4600,-422
US00191,38,330,2,1298,50,48,5,35,33.6,3,9.7,0.146,794,504
US00192,25,178,6,2812,39,247,20,23,15.2,13,84.4,0,3199,-387
US00193,56,362,4,1328,92,36,7,33,19.5,5,27.3,0.216,765,563
US00194,21,338,1,860,75,24,8,42,25.1,5,28,0.091,341,519
US00195,40,1125,7,26783,867,82,16,43,23.6,3,17.3,0.265,14904,11879
US00196,29,724,38,12442,288,322,33,86,71,5,17.6,0.741,1456,10986
US00197,39,835,21,18854,243,395,46,98,67.6,2,24.3,0.778,2715,16139
US00198,37,543,3,1136,53,32,9,36,14.9,5,23.4,0.071,624,512
US00199,37,330,24,17783,159,359,31,112,75.1,4,12.2,0.703,7297,10486
US00200,46,141,4,1190,66,30,5,27,22.7,5,31.5,0.167,603,587
US00201,47,480,2,1227,56,37,5,24,21.8,3,14.3,0.173,771,456
US00202,44,1291,10,26437,976,93,15,36,26.1,7,17.5,0.276,16615,9822
US00203,35,319,10,5302,38,251,29,13,24,12,94.4,0.198,5490,-188
US00204,39,720,6,30747,977,75,15,48,20.6,6,27,0.323,14753,15994
US00205,35,444,3,1169,62,38,8,30,3.4,4,18.5,0.107,680,489
US00206,23,213,5,6288,49,262,21,16,12.1,10,89.7,0.132,7061,-773
US00207,36,940,19,20106,201,206,46,93,71.5,5,19,0.673,5312,14794
US00208,45,725,4,1005,82,44,5,23,22.3,4,30.1,0.244,546,459
US00209,48,753,8,29890,781,110,22,47,35.6,5,16.7,0.267,12595,17295
US00210,36,452,19,13884,293,312,37,115,80.6,5,23.3,0.844,2514,11370
US00211,33,324,5,5846,26,185,20,17,11.3,11,81.5,0,5976,-130
US00212,46,479,2,1219,87,41,10,38,26.9,6,15.1,0.134,766,453
US00213,45,502,4,32116,745,77,18,70,23.1,5,20.9,0.171,21103,11013
US00214,50,722,4,1094,57,42,5,32,30.1,6,38.4,0.165,603,491
US00215,31,124,4,4455,52,233,12,10,20.8,12,95.5,0.06,4662,-207
US00216,32,232,5,4268,28,219,24,13,18.2,10,87.9,0,4429,-161
US00217,28,404,2,759,59,37,6,40,27.3,4,22.1,0.205,401,358
US00218,47,425,3,1374,53,39,11,28,24.7,7,13.5,0.189,690,684
US00219,30,443,2,1466,79,23,7,30,33.8,6,26.3,0.14,741,725
US00220,50,1330,9,31391,861,89,16,51,32.6,4,10.5,0.338,20565,10826
US00221,33,92,4,999,65,43,7,31,21.2,5,23,0.182,442,557
US00222,29,313,5,4049,NA,267,23,14,12.8,9,91.8,0.095,5209,-1160
US00223,37,565,2,1200,83,38,9,21,13.9,2,41.1,0.04,592,608
US00224,48,946,8,21182,785,106,18,42,27.7,7,12.4,0.261,12425,8757
US00225,46,1010,8,35087,832,105,16,37,33.2,4,21,0.247,21128,13959
US00226,42,591,3,1398,NA,33,7,28,32.2,6,2.5,0.13,885,513
US00227,53,799,7,23682,770,117,14,38,44.5,6,14.9,0.162,14783,8899
US00228,37,417,4,1152,78,43,6,26,24.6,6,13.6,0.192,597,555
US00229,39,1018,9,24871,900,117,18,52,26.4,8,8.7,0.266,14566,10305
US00230,36,739,10,24458,923,77,18,65,18.4,7,16.8,0.245,14199,10259
US00231,31,592,2,1080,63,43,8,39,22.5,5,27.3,0.108,564,516
US00232,37,729,33,10147,192,439,40,118,71.9,8,19.8,0.747,2070,8077
US00233,39,274,3,949,48,29,6,36,17.9,3,26.2,0.1,415,534
US00234,44,722,26,11483,199,270,31,82,58.8,5,17.9,0.768,724,10759
US00235,29,388,4,1291,37,32,9,29,18.7,3,14.7,0.037,557,734
US00236,37,439,3,899,77,44,9,33,32.4,4,18,0.067,446,453
US00237,30,513,22,19069,271,339,47,72,76.4,4,13.4,0.798,4684,14385
US00238,48,522,4,1268,60,36,9,12,10.9,6,30.3,0.14,775,493
US00239,25,193,8,3208,40,370,9,15,23.6,9,98.1,0.066,3556,-348
US00240,39,443,24,15369,228,298,30,94,74,6,14.6,0.867,3584,11785
US00241,36,926,8,36443,896,127,11,54,33.7,2,14.5,0.349,19039,17404
US00242,39,478,3,1056,62,42,9,30,18.3,7,24.2,0.209,709,347
US00243,24,707,18,12570,148,300,54,91,58.7,3,20.9,0.771,3054,9516
US00244,34,424,3,1120,68,33,8,23,14.5,9,20.5,0.144,463,657
US00245,26,782,14,13089,208,219,46,68,73.1,3,34.9,0.819,1592,11497
US00246,30,237,7,3036,33,237,17,15,14.5,10,98.3,0,3889,-853
US00247,34,215,22,9933,254,293,35,100,58.2,1,11.7,0.733,2177,7756
US00248,29,613,26,13974,258,282,48,74,72.6,3,25.1,0.781,4127,9847
US00249,33,560,3,900,60,24,8,30,23.6,6,22.5,0.068,325,575
US00250,46,535,4,750,69,25,7,20,20.3,5,23.5,0.197,410,340
US00251,41,352,4,1480,49,44,10,38,14.2,5,23.8,0.115,721,759
US00252,26,260,2,4252,29,218,23,16,30.7,12,95.1,0.016,3817,435
US00253,42,499,4,1106,66,30,9,42,11.5,3,21.6,0.14,569,537
US00254,23,135,6,3404,43,181,16,19,7.7,10,88.1,0.008,3768,-364
US00255,42,591,3,1276,49,31,8,27,32.2,5,24.2,0.11,679,597
US00256,45,236,2,1432,73,28,8,21,21,8,17.8,0.261,774,658
US00257,33,498,4,1202,72,43,9,33,23.2,4,18.5,0.204,568,634
US00258,25,224,4,3351,47,234,27,17,18.6,12,100,0.121,3512,-161
US00259,30,183,3,3299,54,188,14,16,17.7,10,94,0.118,3648,-349
US00260,50,438,2,889,69,33,7,33,17.5,5,27,0.088,386,503
US00261,26,850,24,13314,164,233,33,101,59.2,2,17.2,0.864,2587,10727
US00262,46,529,3,1253,66,34,9,33,13.6,5,13.1,0.041,678,575
US00263,51,476,3,1112,89,32,4,29,18.7,6,15.2,0.22,628,484
US00264,52,1002,7,30844,963,63,14,59,32.8,5,5.4,0.492,21179,9665
US00265,30,361,11,14641,226,211,45,101,58.7,4,20.5,0.712,3404,11237
US00266,40,222,3,707,60,33,6,32,19.7,5,19.5,0.168,392,315
US00267,52,1103,8,38105,1031,76,20,42,47.1,7,4.8,0.239,22778,15327
US00268,49,309,3,1192,54,37,8,35,21.8,4,23.3,0.055,409,783
US00269,21,192,4,3084,49,268,14,15,22.8,11,88.3,0.173,3546,-462
US00270,41,240,2,984,74,58,6,34,20,6,12.2,0.144,447,537
US00271,40,262,4,931,72,48,7,29,15.8,8,17.9,0.025,492,439
US00272,30,781,30,17148,310,243,38,96,60.7,4,31.1,0.696,4999,12149
US00273,26,297,9,3880,NA,127,12,17,16.5,11,93.8,0.204,4435,-555
US00274,26,155,5,5306,26,278,22,20,23.1,11,89.3,0.148,5078,228
US00275,36,315,3,934,74,44,7,29,30.4,3,22.1,0.203,487,447
US00276,38,791,5,24170,994,98,21,31,28.3,5,20.4,0.299,17473,6697
US00277,30,185,7,5196,NA,286,10,16,6.6,8,94.8,0.115,5853,-657
US00278,18,294,7,4800,40,316,22,15,19.7,13,86.1,0.145,4739,61
US00279,32,700,3,919,49,32,7,38,7.9,4,17.3,0.212,491,428
US00280,48,1157,8,32080,893,121,18,63,27.6,7,13.7,0.192,19991,12089
US00281,48,1020,7,26576,1150,117,12,59,38.6,5,19.9,0.35,12675,13901
US00282,32,405,4,976,56,45,7,37,24.6,3,28.5,0,492,484
US00283,42,1047,7,21116,549,93,12,44,22.5,4,18.1,0.328,13730,7386
US00284,33,206,5,4871,50,179,18,16,16.9,10,92.1,0.11,5183,-312
US00285,35,207,7,3929,39,270,15,15,25.9,9,88.1,0.168,3974,-45
US00286,38,590,3,1149,NA,38,10,14,28.8,5,19,0.05,533,616
US00287,30,231,7,5515,35,259,19,19,9.9,13,100,0.072,5600,-85
US00288,47,266,3,1422,61,21,6,34,17,2,21,0,745,677
US00289,44,1013,7,25117,545,151,13,49,36.5,6,14.6,0.353,14452,10665
US00290,34,603,4,1344,63,45,7,26,13.5,7,26.1,0.157,517,827
US00291,26,560,23,16338,NA,241,45,92,55.3,3,22.8,0.744,1829,14509
US00292,30,568,18,15962,209,230,29,106,63.6,4,29.5,0.956,2584,13378
US00293,36,348,3,989,74,41,7,27,23,8,13.3,0.185,584,405
US00294,47,742,7,26148,991,99,16,44,33.2,3,17.1,0.348,15119,11029
US00295,49,619,6,21562,829,115,16,49,45.4,3,14.9,0.352,9102,12460
US00296,19,357,5,4059,24,245,19,19,16.9,12,95.5,0.035,4825,-766
US00297,44,477,2,1083,50,43,7,24,11.8,4,26.4,0.277,462,621
US00298,42,1192,5,36727,751,100,13,41,25.9,5,25.6,0.198,18284,18443
US00299,41,1343,13,28564,687,55,13,52,31.9,5,18.7,0.211,11985,16579
US00300,43,434,3,844,61,16,7,31,31.9,5,13,0.118,502,342
US00301,42,618,3,1094,92,34,8,26,21.5,5,17.4,0.119,561,533
US00302,39,392,3,1097,35,37,7,32,28.2,8,27.2,0.129,434,663
US00303,30,313,4,1376,69,28,8,26,17.2,5,26.2,0.242,697,679
US00304,40,166,3,1181,87,37,7,30,35.9,6,9.6,0.085,486,695
US00305,32,396,3,1312,101,21,8,20,17,4,28.3,0.298,638,674
US00306,27,170,4,4711,36,282,20,12,22.3,11,87,0.105,4080,631
US00307,39,323,2,1118,68,11,7,36,10.7,3,26,0.242,436,682
US00308,33,684,10,17257,289,233,25,119,82.4,4,17,0.821,5174,12083
US00309,47,370,2,1333,46,36,6,31,30.7,3,19.1,0.276,790,543
US00310,57,511,2,1063,83,41,9,46,27.7,4,27.6,0.18,463,600
US00311,46,464,3,733,69,39,7,43,9.3,1,13.1,0,399,334
US00312,45,686,2,1409,46,39,9,12,32.5,6,22.2,0.196,676,733
US00313,49,659,11,22182,1077,33,10,31,26.2,3,14.3,0.3,9746,12436
US00314,39,927,6,32731,1028,103,18,59,25.8,6,12.1,0.335,18764,13967
US00315,27,164,5,4452,43,341,14,15,19.8,13,83.1,0.05,5351,-899
US00316,29,834,22,11299,245,231,37,121,58.6,2,21.1,0.792,2910,8389
US00317,39,469,3,767,53,19,9,24,31.2,9,24.8,0.057,358,409
US00318,33,385,2,944,31,24,6,25,38.8,3,26.2,0.204,370,574
US00319,45,558,9,31354,NA,107,8,56,39.5,6,23.6,0.412,17292,14062
US00320,28,811,28,11959,190,249,44,88,74.2,5,30.3,0.793,4089,7870
US00321,44,445,7,43804,733,110,18,33,51.3,4,10.6,0.315,28139,15665
US00322,21,250,5,4736,34,206,26,16,19.8,10,89.1,0.255,5053,-317
US00323,45,354,10,36410,837,85,9,66,51,7,4.4,0.3,19596,16814
US00324,39,394,4,1285,104,30,8,30,35.2,3,26.1,0.016,669,616
US00325,56,955,9,25307,836,93,12,42,25.5,9,3.4,0.213,14709,10598
US00326,39,434,3,1269,70,38,7,37,21,7,10.9,0.12,559,710
US00327,28,83,6,4110,58,235,12,12,20.6,7,100,0.092,4260,-150
US00328,42,313,5,959,83,34,8,30,14.6,5,16.9,0.116,461,498
US00329,39,314,7,5321,37,250,13,21,22.4,12,100,0.13,5257,64
US00330,38,688,3,1251,75,45,4,25,30.7,5,23.9,0.077,812,439
US00331,38,727,7,18668,857,105,20,62,38.3,5,14.4,0.292,9605,9063
US00332,29,173,4,5236,54,175,16,14,11.4,15,100,0,6200,-964
US00333,20,194,9,4852,45,196,13,21,17.1,12,95.7,0.123,4475,377
US00334,41,694,8,31218,664,71,13,42,40.8,4,14.2,0.335,15020,16198
US00335,18,167,9,3596,44,264,18,12,29.5,11,94.2,0.091,3937,-341
US00336,37,475,4,1520,69,34,8,34,19,4,20.5,0.161,757,763
US00337,39,322,2,1188,86,44,8,26,34.2,6,29.4,0.193,654,534
US00338,30,494,17,7395,220,252,50,104,75.5,4,22.8,0.732,1052,6343
US00339,44,360,3,1177,62,40,7,16,25.6,4,27.4,0.029,596,581
US00340,28,629,23,18139,206,396,52,84,65.9,4,24.9,0.816,4050,14089
US00341,43,1030,9,27338,581,70,9,40,19.2,4,8.2,0.274,10531,16807
US00342,50,1031,4,26525,681,84,16,54,31.6,7,19.5,0.454,15322,11203
US00343,27,17,4,4768,39,268,19,22,15.4,12,85,0,5010,-242
US00344,29,262,9,3585,39,260,21,15,19.9,7,86.9,0.05,3964,-379
US00345,27,633,7,14690,249,341,24,107,63.2,5,24.9,0.778,3580,11110
US00346,34,305,7,4042,52,291,18,16,14.7,12,94.9,0.063,4762,-720
US00347,31,692,21,14198,328,356,41,92,68.3,1,16.7,0.847,2658,11540
US00348,36,394,24,20913,273,295,42,108,67.7,5,19.6,0.694,4108,16805
US00349,32,798,26,18924,261,306,30,104,82.6,5,27.3,0.75,1195,17729
US00350,47,739,10,20515,945,100,11,59,26,6,13.5,0.217,10436,10079
US00351,26,740,26,13473,185,440,50,101,71.6,5,28.8,0.811,1837,11636
US00352,46,369,4,1566,65,38,9,39,16.5,6,30.4,0.073,803,763
US00353,42,435,3,1464,64,49,8,25,26.1,3,24,0.239,603,861
US00354,29,314,3,1580,58,38,7,22,14.2,5,25.4,0.15,618,962
US00355,41,775,9,23512,866,87,16,51,22.9,4,16.3,0.245,10917,12595
US00356,36,703,16,15087,281,449,54,76,66,5,20.2,0.626,1601,13486
US00357,45,379,3,1465,64,36,9,28,29.1,5,10.1,0.084,716,749
US00358,28,327,8,4823,29,269,19,19,24.1,14,100,0.101,4964,-141
US00359,18,677,12,14806,279,304,55,108,69.3,3,3.2,0.818,704,14102
US00360,39,826,8,22376,691,79,12,50,29.2,4,20,0.243,11070,11306
US00361,52,1035,10,40518,677,100,14,42,23.8,6,9.5,0.309,19894,20624
US00362,41,456,2,706,49,32,6,26,25,5,13.7,0.218,352,354
US00363,48,401,3,1033,40,35,9,25,13,6,21.7,0.119,630,403
US00364,48,436,3,991,93,30,6,23,25.5,7,14.2,0.075,407,584
US00365,45,520,4,626,62,38,6,41,19.3,3,13.7,0.237,314,312
US00366,41,857,6,32832,1008,63,15,42,34.7,4,13.6,0.283,19717,13115
US00367,35,452,3,1427,61,46,7,24,18.7,4,20.4,0.244,799,628
US00368,38,312,2,935,50,43,7,45,22.6,9,15.7,0.09,403,532
US00369,39,988,7,17913,546,81,16,55,34.8,7,12.7,0.253,8995,8918
US00370,41,590,22,12186,240,305,36,87,63.8,5,18.8,0.782,3641,8545
US00371,45,943,6,35770,920,96,18,55,34.3,4,7.2,0.268,18044,17726
US00372,40,380,3,1020,88,41,6,31,11.3,5,29.3,0.126,559,461
US00373,26,753,23,18541,169,428,46,78,61.6,3,18.9,0.749,4805,13736
US00374,28,757,22,11979,178,229,55,122,61.3,3,27.4,0.749,2026,9953
US00375,33,539,7,27237,733,74,23,43,38.9,6,16.9,0.232,13873,13364
US00376,41,467,4,1589,44,33,8,39,25.9,3,26.9,0.025,1061,528
US00377,35,628,3,1072,63,29,6,30,23.2,8,16.8,0.245,536,536
US00378,30,464,28,9636,183,255,61,74,70.6,5,32.8,0.72,2696,6940
US00379,29,223,3,1658,64,25,9,32,25,6,24.3,0.09,993,665
US00380,50,568,3,1404,NA,32,9,29,30,4,21.3,0.137,821,583
US00381,38,604,4,1286,69,37,7,33,17.2,5,27.4,0.105,773,513
US00382,35,645,30,15923,256,386,42,71,69.3,5,21,0.724,3134,12789
US00383,50,495,4,819,89,36,9,35,26.9,5,27.9,0.101,284,535
US00384,25,260,4,2251,56,212,17,7,2.2,10,88.1,0.144,2458,-207
US00385,18,559,20,17416,274,291,50,118,65,5,24.1,0.745,5864,11552
US00386,47,1445,8,28301,739,87,16,36,32.3,4,19.8,0.291,14380,13921
US00387,28,86,4,3604,33,197,9,17,28.9,11,86.4,0.076,3580,24
US00388,37,828,9,27232,734,126,13,30,36,6,18.4,0.378,13844,13388
US00389,37,269,2,1179,76,38,5,26,22,6,31.8,0.09,435,744
US00390,29,280,4,1188,87,28,7,29,0,6,21.9,0.14,709,479
US00391,40,542,2,1290,57,39,7,17,12.2,5,25.6,0.1,674,616
US00392,29,345,22,11384,260,449,36,118,57.1,5,23.8,0.869,3540,7844
US00393,39,641,26,8221,187,354,31,98,57.1,4,31.3,0.763,1388,6833
US00394,40,367,3,861,54,34,4,39,29.3,6,27.6,0.092,353,508
US00395,29,466,3,1473,85,27,5,32,25.7,6,23.2,0.098,825,648
US00396,49,327,4,970,72,35,4,20,22.2,7,23.3,0.2,539,431
US00397,43,410,3,1053,54,28,6,29,26.5,5,16.7,0.129,553,500
US00398,36,693,27,21053,247,369,30,105,60.8,4,28.7,0.742,4300,16753
US00399,39,249,3,1316,59,26,4,22,22.8,5,20.9,0.111,530,786
US00400,29,791,29,16212,199,462,52,77,67.3,3,12.6,0.72,1919,14293
US00401,30,314,5,4559,38,206,15,17,10.3,11,80.4,0.003,4838,-279
US00402,18,678,12,12473,174,351,35,88,71.6,5,26.8,0.724,2720,9753
US00403,44,489,3,1461,39,30,7,24,28,4,29.5,0.092,870,591
US00404,38,206,4,1339,82,42,8,33,28.6,5,26,0.143,583,756
US00405,30,745,25,18607,334,232,25,110,71.2,5,34,0.643,1358,17249
US00406,33,629,32,12820,303,343,53,77,64.4,5,10.9,0.829,3269,9551
US00407,36,487,20,14903,315,298,38,86,54.5,1,27.2,0.82,2835,12068
US00408,26,148,5,7010,58,260,19,19,16.1,11,90.2,0.075,6991,19
US00409,41,400,3,865,55,32,7,20,29,6,19,0.246,314,551
US00410,58,287,2,1028,70,29,6,24,32.2,2,22.6,0.086,603,425
US00411,36,1230,7,28290,750,101,18,59,23.4,6,18.3,0.295,13546,14744
US00412,38,503,3,1026,64,25,5,34,15.3,7,28.4,0.204,485,541
US00413,45,1174,4,27507,565,65,13,45,28.3,5,34.5,0.314,19676,7831
US00414,43,623,23,11992,231,355,45,115,70.2,4,46.4,0.697,2997,8995
US00415,26,256,6,4635,57,144,22,21,6.7,12,100,0.189,5535,-900
US00416,50,1014,6,26961,804,117,13,39,27.2,4,0,0.291,17773,9188
US00417,36,719,19,15891,200,336,53,91,66.1,4,17.2,0.809,1788,14103
US00418,47,461,3,862,71,37,7,36,24.2,6,15.1,0.141,487,375
US00419,35,184,3,814,57,36,10,24,28.5,5,14.7,0.231,369,445
US00420,46,516,3,757,82,47,6,23,31.4,3,17.9,0.078,337,420
US00421,41,452,2,957,NA,22,5,29,33.6,4,24.1,0.205,451,506
US00422,31,533,25,12915,254,391,23,114,58,6,42.1,0.749,1848,11067
US00423,49,1037,10,37134,1223,97,16,50,32.6,4,20.3,0.298,21073,16061
US00424,38,1147,9,22941,1362,101,15,50,32,7,15.8,0.299,9081,13860
US00425,51,482,3,1317,88,31,9,38,11.5,1,13.2,0.171,871,446
US00426,45,404,3,1314,81,18,8,39,13.1,5,16.3,0.047,781,533
US00427,46,392,3,1172,77,34,5,34,10.4,7,32.8,0.047,592,580
US00428,23,202,3,6294,35,330,16,17,13.9,9,99.4,0.009,6605,-311
US00429,26,468,2,900,62,37,7,32,20.9,7,34.6,0.081,603,297
US00430,21,280,3,1473,78,36,7,32,25,5,26.6,0.152,909,564
US00431,47,908,7,24219,726,113,14,48,31,6,23.3,0.326,11540,12679
US00432,46,759,7,33773,640,101,18,53,31.3,6,22.3,0.327,16564,17209
US00433,35,428,17,12150,250,228,42,138,68.1,3,21.5,0.852,895,11255
US00434,34,664,29,14510,189,351,35,108,64.7,7,29.5,0.835,2735,11775
US00435,49,1045,12,25946,1061,100,11,45,30.3,4,12.7,0.294,15204,10742
US00436,49,468,3,1036,51,37,9,28,17.2,4,24.2,0.087,504,532
US00437,56,557,3,1620,73,42,6,29,29.4,6,23.4,0.068,872,748
US00438,45,988,10,18456,894,83,15,52,28.9,7,15.3,0.322,12855,5601
US00439,38,343,3,1174,36,35,8,32,20.9,1,28.1,0.132,722,452
US00440,28,386,8,3657,41,234,19,18,18,12,100,0,3976,-319
US00441,41,399,3,1158,52,49,6,38,12.8,5,25.4,0.209,597,561
US00442,31,452,4,1593,60,38,8,16,20.9,5,17.3,0.069,842,751
US00443,26,263,7,4336,56,192,19,15,15.7,12,93,0.016,5036,-700
US00444,28,435,22,9680,312,228,39,107,74.3,3,22,0.855,1532,8148
US00445,42,457,4,1050,49,32,8,21,17.4,5,21.4,0.139,553,497
US00446,36,265,3,859,63,30,9,28,19.6,5,28.2,0.203,421,438
US00447,42,987,10,30755,961,85,17,39,41.3,5,19.1,0.381,15545,15210
US00448,34,523,3,833,81,37,6,30,23.2,4,27.1,0.192,359,474
US00449,35,387,3,1162,59,36,7,25,25.9,5,16.2,0.177,492,670
US00450,18,168,6,4065,33,292,23,18,17.6,11,95.1,0.153,4506,-441
US00451,33,429,20,12654,237,373,45,55,69.1,4,20.3,0.821,4074,8580
US00452,47,419,3,1305,58,40,7,36,11.9,4,15.6,0.209,814,491
US00453,37,153,6,4770,37,229,16,18,18.4,12,94.3,0,5150,-380
US00454,41,486,21,19759,309,375,44,101,75.2,6,23.9,0.703,4889,14870
US00455,29,473,25,14136,224,383,52,112,69,7,28.2,0.732,3509,10627
US00456,52,1156,11,35561,883,85,21,46,41.2,4,13,0.322,19221,16340
US00457,32,297,27,18260,297,150,40,104,56.9,2,24.6,0.745,4481,13779
US00458,46,355,3,847,71,40,3,34,22.4,7,30.1,0.192,392,455
US00459,46,396,3,1244,61,42,6,28,18,6,19.5,0.08,564,680
US00460,49,652,7,29158,769,89,11,45,30.1,7,6.1,0.294,14479,14679
US00461,26,681,22,18648,228,288,36,74,72.9,4,29.5,0.86,5978,12670
US00462,36,358,4,987,71,32,8,20,22,5,18.9,0.17,625,362
US00463,33,130,3,1219,40,35,7,19,34.6,7,7.4,0.152,552,667
US00464,46,607,4,849,87,40,8,28,15,4,26.9,0.108,328,521
US00465,41,285,3,1119,48,36,7,37,27.9,5,36.2,0.054,369,750
US00466,26,179,7,4750,46,242,20,23,6.5,12,92.9,0.17,5635,-885
US00467,56,341,8,18147,911,125,14,40,28.9,6,9.5,0.336,12483,5664
US00468,30,720,17,18770,180,344,37,74,70,5,21.2,0.785,3402,15368
US00469,25,200,7,3911,45,147,22,10,22.5,14,91.5,0.094,4278,-367
US00470,53,1363,5,28084,NA,125,11,46,43.6,5,26.9,0.314,18543,9541
US00471,44,523,4,1306,47,28,6,36,13,6,15.8,0.226,686,620
US00472,21,162,6,6742,47,180,15,15,16.9,12,95.6,0.063,6723,19
US00473,37,457,4,773,NA,17,5,29,18.9,5,35.2,0.272,498,275
US00474,30,150,4,5312,26,280,16,12,25.9,9,87.1,0.078,5573,-261
US00475,27,537,3,823,46,40,6,27,13.4,3,17.9,0.004,416,407
US00476,38,1273,3,22856,823,95,12,47,30.5,3,25.6,0.275,12197,10659
US00477,31,377,4,1017,57,30,7,28,29.4,4,25.3,0.164,586,431
US00478,42,584,2,1281,44,30,6,28,37.9,7,31.6,0.167,819,462
US00479,57,951,3,19822,827,62,20,63,39.9,6,15.6,0.366,9874,9948
US00480,39,376,3,990,59,33,7,22,12,4,20,0.031,489,501
US00481,47,311,3,1495,59,55,8,36,25.1,6,18.3,0.07,674,821
US00482,42,1017,22,11880,149,317,38,84,67.1,4,23.5,0.838,1265,10615
US00483,25,787,35,20317,316,300,36,116,77.5,2,25.4,0.747,5127,15190
US00484,39,408,3,1259,39,42,7,18,30.2,7,23.3,0.208,426,833
US00485,35,425,3,1209,78,42,5,27,25.4,5,26.2,0.107,444,765
US00486,37,772,9,31270,966,109,19,45,29.3,4,14.5,0.186,19288,11982
US00487,41,852,11,21440,958,60,17,53,32,8,11.2,0.299,8615,12825
US00488,42,278,4,1115,104,30,8,30,10,2,21.4,0.178,683,432
US00489,30,323,4,4071,32,261,19,13,21.9,12,89.9,0.188,5027,-956
US00490,39,581,2,931,56,46,5,37,23.5,4,26.3,0.278,530,401
US00491,45,444,1,1745,46,45,10,29,27.9,4,26.6,0.171,916,829
US00492,29,647,16,9674,191,366,46,123,55,6,28.2,0.768,1593,8081
US00493,29,677,22,16368,250,316,46,126,68.6,4,11.1,0.673,6976,9392
US00494,44,762,9,23377,1168,86,21,41,45,5,16.1,0.204,8007,15370
US00495,33,794,21,23061,185,414,24,65,53.7,5,24.8,0.647,6406,16655
US00496,26,216,7,4892,30,256,15,19,13.6,14,87.7,0.049,4638,254
US00497,27,165,6,4394,40,173,21,14,8.8,11,89.6,0.175,4728,-334
US00498,23,165,5,4586,NA,220,21,19,22.4,10,89,0,4681,-95
US00499,20,201,7,4042,48,167,25,19,11.5,8,95.6,0.044,4002,40
US00500,46,814,8,28348,830,111,24,48,41.6,6,11.3,0.3,14697,13651
US00501,48,912,7,22981,825,73,10,45,34.3,5,14.1,0.42,12902,10079
US00502,38,481,3,1101,61,43,8,31,24.1,3,22.6,0.252,444,657
US00503,45,404,3,953,94,35,5,36,30.7,7,19.8,0.221,325,628
US00504,31,597,32,13780,236,312,39,121,73,4,34.3,0.801,2916,10864
US00505,49,560,2,1054,47,41,8,35,30.6,2,21.4,0.095,554,500
US00506,23,605,25,13642,141,482,37,111,84.9,4,19.5,0.735,5939,7703
US00507,43,1323,10,27281,837,96,16,42,30.5,3,17.5,0.319,17149,10132
US00508,47,280,2,840,70,31,7,30,24,3,22,0.174,454,386
US00509,38,447,3,1158,56,36,7,39,14.1,3,22.8,0.247,499,659
US00510,56,463,5,1232,99,38,7,30,19.6,3,25.6,0.203,520,712
US00511,43,355,1,1236,82,43,4,38,29.9,4,17.1,0.099,594,642
US00512,44,349,3,1024,63,34,9,30,24.8,3,25.8,0.192,541,483
US00513,30,360,5,3633,53,201,14,14,28,9,100,0.033,3133,500
US00514,42,585,4,1233,56,34,8,35,9.2,7,15.7,0.23,652,581
US00515,41,439,4,1114,46,43,7,27,14.4,7,13.4,0.278,456,658
US00516,35,752,8,28864,843,92,12,56,33.6,5,9.6,0.306,17614,11250
US00517,21,262,8,4098,42,240,23,19,17.8,11,95.1,0.09,4262,-164
US00518,50,953,6,21740,906,107,12,41,41.6,8,1.6,0.144,11159,10581
US00519,31,432,2,961,71,33,7,35,16.2,5,37.8,0.183,335,626
US00520,42,440,3,1347,72,51,8,28,29.9,4,22.3,0.228,849,498
US00521,31,137,3,1134,57,40,5,31,27.6,5,25.6,0.137,486,648
US00522,29,256,8,4625,40,344,23,21,30.1,12,100,0.067,4817,-192
US00523,31,614,18,18005,285,276,57,85,63.5,6,25.9,0.915,1930,16075
US00524,44,861,10,16897,994,104,23,48,25.9,7,5.4,0.239,11198,5699
US00525,28,280,6,5797,56,193,18,14,28.6,10,100,0.203,5168,629
US00526,28,289,5,4075,54,253,20,13,17.8,11,91.6,0.107,4161,-86
US00527,48,526,5,30509,720,125,12,28,28.1,2,17.4,0.386,19141,11368
US00528,42,492,2,1126,76,35,9,33,31.8,3,23.6,0.143,327,799
US00529,36,246,2,825,89,40,4,35,25.9,5,21.7,0.121,273,552
US00530,26,839,27,13119,190,292,57,101,70.8,4,22.2,0.782,2147,10972
US00531,37,768,21,14822,211,408,28,57,78.2,3,21.4,0.716,2845,11977
US00532,32,134,15,21060,322,270,36,83,60,3,28.2,0.726,3946,17114
US00533,42,378,1,1178,61,33,9,34,19.8,4,25.9,0.174,770,408
US00534,28,649,26,19197,185,358,53,129,57.1,4,26.8,0.72,4054,15143
US00535,37,440,2,1013,47,15,7,40,26.1,4,30.2,0.135,634,379
US00536,42,308,3,708,63,38,6,31,13.4,5,27.7,0.276,358,350
US00537,38,597,28,10765,169,230,56,71,71.9,2,17.3,0.838,1042,9723
US00538,41,467,2,1169,60,38,8,20,28.4,7,6.6,0.229,493,676
US00539,30,274,6,6082,32,271,13,14,16.4,13,97.3,0.089,6614,-532
US00540,29,528,25,11399,232,294,22,90,61.7,4,21.7,0.878,3126,8273
US00541,34,533,16,20474,223,216,27,48,71.8,7,24.2,0.808,5069,15405
US00542,35,420,2,1140,82,31,9,31,25.4,2,21.5,0.085,502,638
US00543,31,373,4,1456,66,29,9,31,11.1,4,18.5,0.099,977,479
US00544,52,627,9,23775,776,136,19,59,24.6,4,11.8,0.241,14848,8927
US00545,40,291,3,1359,49,32,4,20,30.1,5,21,0.088,604,755
US00546,44,523,7,24047,865,99,15,34,25.4,1,21.1,0.315,13105,10942
US00547,41,439,2,786,34,46,8,27,21.9,3,26.9,0.193,346,440
US00548,49,1156,7,34179,820,90,22,59,40,5,20,0.365,17427,16752
US00549,38,262,3,823,42,17,5,38,15,6,12.3,0.054,355,468
US00550,18,206,9,3896,52,152,17,21,11.4,12,100,0.127,4528,-632
US00551,49,1213,7,28907,834,110,20,67,18.7,5,19.7,0.27,14457,14450
US00552,18,249,5,4808,52,293,9,15,17.5,14,91.3,0.009,5310,-502
US00553,36,369,2,1139,72,38,7,36,27.5,5,7.8,0.259,509,630
US00554,42,429,3,1152,81,41,7,24,21.1,5,11.7,0.164,649,503
US00555,37,1128,11,18477,821,89,21,54,35.3,5,14.7,0.33,7039,11438
US00556,29,339,7,4365,54,168,24,20,13.5,12,100,0.033,4414,-49
US00557,32,253,6,4960,27,252,19,15,14.4,11,89.5,0.028,5290,-330
US00558,48,326,4,1103,51,38,6,39,21.2,5,28.9,0.13,673,430
US00559,52,226,4,1182,81,42,9,32,26.9,7,16.7,0.154,577,605
US00560,43,211,24,11769,257,359,34,79,75.6,4,28.7,0.781,1035,10734
US00561,37,355,2,1358,64,38,6,33,22.5,4,25.3,0.095,602,756
US00562,53,385,3,931,71,31,6,25,28.9,8,36.3,0.111,393,538
US00563,38,152,4,3757,47,256,18,13,23.4,9,93.7,0.075,4567,-810
US00564,28,228,6,5090,29,283,19,21,11.5,12,97.5,0,5392,-302
US00565,50,451,3,1193,63,26,7,26,26.6,5,28.6,0.143,598,595
US00566,38,440,3,830,48,41,11,30,18.3,5,20.7,0.069,357,473
US00567,33,716,21,17341,213,317,25,103,79,5,27.8,0.82,3703,13638
US00568,49,532,5,30335,593,118,10,64,41.8,3,13.5,0.202,19123,11212
US00569,43,417,3,1394,72,35,5,23,24.4,6,24.1,0.135,574,820
US00570,55,949,9,37943,843,108,12,58,26.9,6,13.9,0.278,22082,15861
US00571,35,624,21,13162,258,282,43,84,74.3,4,21.7,0.721,3690,9472
US00572,23,227,7,4233,30,246,15,19,18,15,82.6,0.119,4981,-748
US00573,26,592,21,18056,207,316,59,102,73.7,5,18.2,0.873,3882,14174
US00574,29,276,6,4750,48,296,21,15,2.5,11,93.3,0.102,5218,-468
US00575,18,308,8,3392,37,330,14,13,11.5,12,100,0.022,3224,168
US00576,31,119,6,4378,36,259,11,21,14.6,12,89.3,0.032,4795,-417
US00577,38,724,18,16732,178,336,35,111,71.3,5,30.2,0.653,1822,14910
US00578,35,563,3,1202,69,27,7,30,31.7,5,23.1,0.227,778,424
US00579,49,768,3,1110,75,30,10,39,12.8,6,17.9,0.064,444,666
US00580,45,433,4,584,70,34,6,27,27.1,6,27.1,0.156,338,246
US00581,34,325,7,4368,57,256,17,18,26.7,13,84.7,0.166,5820,-1452
US00582,30,820,24,15960,188,426,22,113,64.6,5,22.6,0.819,2421,13539
US00583,39,645,2,1224,72,35,5,33,24.3,4,14.8,0.217,642,582
US00584,37,745,31,21197,108,308,39,81,67.7,6,26.7,0.844,2226,18971
US00585,39,689,9,31504,1109,62,16,66,27.7,4,10.6,0.315,17384,14120
US00586,31,718,18,12748,280,347,41,124,67.3,4,18,0.744,3287,9461
US00587,43,394,3,1190,71,38,8,21,21.8,6,25.2,0.169,547,643
US00588,48,946,8,10312,1079,72,11,42,28.8,6,13.6,0.245,6105,4207
US00589,39,217,28,22603,147,312,27,66,69.4,3,17.3,0.684,4940,17663
US00590,49,747,7,20685,857,94,18,38,31.8,6,21,0.325,8987,11698
US00591,53,371,5,20518,899,61,17,50,34.9,3,12.6,0.346,13786,6732
US00592,24,393,3,1198,72,20,7,34,31.4,5,18.2,0.273,618,580
US00593,44,997,10,25400,1069,110,15,54,24.6,7,24.6,0.2,11560,13840
US00594,49,350,3,997,74,24,6,36,15.3,7,21.9,0.116,546,451
US00595,39,311,4,846,65,26,9,25,4.1,6,4.8,0.235,405,441
US00596,49,862,7,21937,1059,134,11,44,34.9,6,18.4,0.21,11489,10448
US00597,21,926,16,14378,251,374,31,98,61,3,18.3,0.861,4750,9628
US00598,46,465,3,476,65,34,8,21,23.5,3,19,0.169,249,227
US00599,45,715,8,14103,1048,101,18,44,32.2,3,14.4,0.168,7365,6738
US00600,35,628,32,18575,186,262,47,105,65.4,3,27.6,0.834,2204,16371
US00601,35,194,3,511,65,20,9,36,26,5,17.6,0.129,236,275
US00602,28,740,16,15052,197,260,42,124,63.8,6,35,0.789,1779,13273
US00603,35,210,7,5228,38,325,20,12,3.7,12,100,0.053,5387,-159
US00604,29,384,17,21802,233,356,32,124,64.7,3,20.7,0.793,2595,19207
US00605,46,1101,9,32245,693,84,22,29,32.7,4,15.4,0.306,15708,16537
US00606,23,199,7,3368,44,195,18,20,10.9,15,100,0,3454,-86
US00607,36,941,9,25707,507,99,17,51,37.3,3,28.3,0.356,13518,12189
US00608,42,1113,9,29706,605,77,20,66,36.5,2,8.6,0.284,22988,6718
US00609,44,632,4,1371,64,32,6,29,22.1,5,13.4,0.179,812,559
US00610,24,506,4,1232,80,25,9,36,12.7,6,20.1,0.253,585,647
US00611,42,186,2,1051,55,45,7,29,28.3,1,21.9,0.222,636,415
US00612,30,215,15,20691,248,386,42,72,62.5,5,20,0.739,5248,15443
US00613,29,367,4,1132,87,23,9,20,2.2,9,7.9,0.228,636,496
US00614,56,950,8,31968,683,100,19,37,32.2,4,15.4,0.225,15942,16026
US00615,33,214,6,4577,24,209,15,10,0,11,88,0.131,5247,-670
US00616,52,740,5,37456,645,108,22,41,22.5,7,10.9,0.259,27914,9542
US00617,36,498,3,1329,82,34,7,41,24.9,5,25.6,0.141,547,782
US00618,45,851,10,36204,1002,88,14,51,24.3,4,8.7,0.212,20068,16136
US00619,31,205,3,1258,53,37,6,26,24.6,2,29,0.042,538,720
US00620,30,143,5,6491,46,193,22,19,14.1,12,93.5,0.125,7607,-1116
US00621,50,856,1,17790,840,86,13,67,41.3,6,20.5,0.221,12253,5537
US00622,30,769,24,19114,138,435,46,108,69.5,5,32.2,0.731,3688,15426
US00623,40,477,3,1523,55,39,5,29,25,6,27.8,0.079,670,853
US00624,35,253,4,3233,47,243,25,20,10.5,14,97.9,0.158,3455,-222
US00625,45,457,2,1253,68,37,8,23,20.5,5,14.4,0,550,703
US00626,37,685,17,19612,219,211,35,66,72.7,6,30,0.606,3494,16118
US00627,50,464,4,670,89,37,6,20,14.2,7,23.4,0.175,267,403
US00628,28,234,4,3256,57,287,17,11,16.6,12,75.3,0.166,4329,-1073
US00629,29,469,2,989,51,40,6,30,21.8,5,15.6,0.237,543,446
US00630,44,545,2,1576,84,38,7,33,20.3,3,11.2,0.159,774,802
US00631,34,395,4,1321,52,38,7,26,18.8,5,22,0.116,553,768
US00632,26,273,24,14800,269,305,49,78,59.7,4,12.5,0.824,3285,11515
US00633,40,586,30,19736,NA,262,55,79,57.9,2,32.9,0.831,2856,16880
US00634,27,402,19,15165,NA,302,42,129,79.4,5,34.4,0.749,1768,13397
US00635,46,879,33,16163,258,323,34,114,80.1,3,30,0.857,4865,11298
US00636,38,338,2,1244,40,50,8,42,32.1,6,19.8,0.309,670,574
US00637,47,442,2,1098,NA,34,9,29,24.8,4,16,0.174,514,584
US00638,30,501,18,9309,NA,375,29,151,60.3,3,14.9,0.703,850,8459
US00639,44,1139,10,26114,778,68,13,47,38.4,6,15.9,0.188,15531,10583
US00640,26,219,6,5242,NA,212,17,23,17.4,11,85.9,0.063,5861,-619
US00641,42,482,4,700,NA,22,6,27,25.9,4,15.1,0.062,311,389
US00642,18,349,7,5465,36,225,19,20,13.3,11,97.6,0,5621,-156
US00643,33,306,2,1261,61,30,6,31,22.2,6,23.7,0.173,746,515
US00644,42,298,3,959,68,47,7,29,5.4,4,38.2,0.141,487,472
US00645,25,706,25,15918,196,229,27,70,60.9,4,28,0.807,1199,14719
US00646,33,744,19,13010,302,290,48,100,76.8,2,13.5,0.829,1763,11247
US00647,33,544,3,1287,80,37,8,22,23.5,4,35.1,0.181,703,584
US00648,36,463,3,932,71,23,7,40,12.7,5,20.4,0.101,403,529
US00649,27,104,3,4153,43,236,14,14,22.7,11,100,0.085,4178,-25
US00650,25,273,6,3655,46,251,7,14,25.1,13,83.8,0.004,3803,-148
US00651,43,466,3,1031,62,49,8,16,27.3,6,13.9,0.132,558,473
US00652,28,523,16,16164,116,281,40,71,77.3,5,24.4,0.778,3377,12787
US00653,41,724,10,29684,587,84,11,31,34.8,4,19.7,0.219,14407,15277
US00654,40,416,4,1070,58,48,7,32,22.6,4,16.2,0.095,527,543
US00655,40,957,13,24865,911,89,12,69,32.8,4,15,0.349,13095,11770
US00656,41,364,3,876,97,34,6,17,32.8,4,32.6,0.156,406,470
US00657,35,979,11,26053,657,79,18,41,30.8,3,20.5,0.31,14690,11363
US00658,30,230,6,3900,37,199,16,18,22.2,12,85,0.019,4458,-558
US00659,42,726,25,13993,157,258,53,68,63.5,5,21.6,0.859,4686,9307
US00660,46,690,6,27212,775,113,22,53,38.7,7,17.3,0.253,14840,12372
US00661,36,588,12,20876,332,336,31,106,70.5,3,18.4,0.73,495,20381
US00662,47,851,11,27561,612,113,15,39,24.8,5,16.3,0.257,12990,14571
US00663,26,101,6,4734,47,218,8,17,29.4,12,100,0.15,5610,-876
US00664,25,249,7,5668,47,175,14,16,17.5,14,96.2,0.066,6492,-824
US00665,38,336,4,1003,80,52,7,21,42.4,4,26.6,0.178,468,535
US00666,42,344,3,1157,35,48,7,36,27.2,4,12.4,0.132,622,535
US00667,38,488,3,1134,82,18,6,23,11.8,3,11.3,0.158,558,576
US00668,57,465,12,31281,1037,92,24,63,32.8,4,6.2,0.236,17908,13373
US00669,37,381,4,837,64,40,6,31,26.6,4,27.7,0.127,437,400
US00670,30,216,2,918,59,39,7,36,9.7,5,16.1,0.129,420,498
US00671,18,771,20,19228,181,365,41,83,78.7,3,17.1,0.827,5705,13523
US00672,30,214,5,4676,56,159,15,18,17.5,8,100,0.054,5374,-698
US00673,36,129,10,19133,1153,112,15,55,22.9,4,20,0.243,13481,5652
US00674,43,591,4,1204,74,52,7,21,25.7,5,17.1,0.135,632,572
US00675,40,423,4,1076,41,40,8,36,23.1,6,21.9,0.177,549,527
US00676,32,369,3,1028,63,27,8,33,33.6,6,14.3,0.278,539,489
US00677,35,328,3,1049,61,40,6,37,17.2,7,18.4,0.169,520,529
US00678,39,502,2,1053,68,37,13,21,22.8,6,16.1,0.064,747,306
US00679,21,149,6,4009,50,236,13,14,23.6,8,95.9,0.082,4646,-637
US00680,59,1097,8,22910,709,69,21,48,35.9,5,5.9,0.221,14905,8005
US00681,44,316,3,1233,68,27,5,27,22.6,6,24,0.15,533,700
US00682,45,436,2,1458,58,51,4,19,20.7,6,33.1,0.269,699,759
US00683,21,353,7,4341,42,258,16,16,13.5,11,88.1,0.137,4350,-9
US00684,44,330,5,1328,53,45,4,26,29,5,19.2,0.024,598,730
US00685,26,312,7,5841,64,185,17,19,17.5,11,88.3,0.011,6323,-482
US00686,34,517,3,860,82,28,10,37,24.6,6,25,0.172,370,490
US00687,49,307,10,26128,1415,104,18,24,29,3,16.7,0.295,16319,9809
US00688,43,445,4,1185,83,34,8,32,12,8,25.7,0.194,659,526
US00689,45,826,8,34240,815,103,20,51,42.2,6,14,0.286,17792,16448
US00690,36,758,24,11343,255,393,50,103,66.3,4,20.3,0.793,3936,7407
US00691,46,387,2,1418,48,42,8,29,25.8,4,11.6,0.252,477,941
US00692,20,451,17,21632,133,343,41,90,66.8,5,24.5,0.8,4728,16904
US00693,36,401,4,884,67,44,6,33,18.9,3,17.7,0.086,435,449
US00694,33,698,28,14725,201,250,35,73,85.9,4,17.4,0.804,5075,9650
US00695,47,536,5,881,37,41,9,42,28,5,39.5,0.202,467,414
US00696,51,667,2,1313,43,48,8,37,20,5,30.2,0.233,749,564
US00697,45,533,2,1009,65,36,8,27,24.4,8,23.5,0.131,596,413
US00698,31,145,4,4955,32,210,20,13,25,10,89.1,0.109,5213,-258
US00699,44,319,3,1424,79,35,9,31,28.4,5,6.4,0.126,561,863
US00700,31,184,4,5822,34,180,19,22,22,11,100,0.156,6438,-616
