id,trimestre_nacimiento,anios_educacion,log_ingresos,habilidad
1,1,11.3,8.6682,-0.1583
2,1,11.6,8.6994,0.0188
3,3,12.3,9.2514,0.4982
4,2,9.9,7.9633,-1.6753
5,1,14.1,10.8088,3.0032
6,4,12.1,8.8778,-0.6089
7,3,11.4,8.6973,-1.1953
8,1,10.9,8.6306,0.4917
9,2,13,9.5381,0.7746
10,3,12.2,9.0571,0.55
11,2,11.6,8.8285,-0.6575
12,1,11.3,8.3246,-0.4545
13,3,13.1,9.7489,0.7115
14,2,11.2,8.2763,-1.794
15,3,13,9.9614,1.7309
16,3,14,9.7406,1.2288
17,3,10.5,7.8973,-1.6128
18,4,11.4,9.5847,0.2803
19,2,10.5,8.4298,-0.931
20,2,10.6,8.0849,-0.8201
21,1,9.6,7.899,-1.6425
22,1,9.7,8.3715,-1.2153
23,4,12.4,9.6752,0.8069
24,2,12.4,8.6341,-0.6241
25,3,12.5,8.4304,-0.761
26,1,10.7,8.5044,-1.1444
27,1,11.9,9.2009,0.7001
28,2,13.7,9.8733,0.7301
29,4,11.8,8.2716,-0.5285
30,1,12.6,9.09,-0.4269
31,1,11.9,9.2925,0.4888
32,2,10.9,8.7192,-0.9757
33,4,12.8,10.21,1.0778
34,2,12,9.3545,0.0922
35,3,14.5,8.3466,-0.4976
36,4,12.6,9.0713,0.8607
37,4,10.9,8.8638,-0.0499
38,2,12.5,9.2019,0.4131
39,3,14.4,10.3951,2.2304
40,1,12.5,9.2796,0.4468
41,2,12.8,9.0769,0.3641
42,4,13.1,8.257,-0.1259
43,4,14.4,9.841,0.8959
44,1,11.4,8.9739,0.4806
45,3,12.2,8.3276,-1.1936
46,4,11.3,8.7115,-0.6869
47,2,11.9,8.4079,0.1582
48,3,11.4,9.393,-0.0102
49,4,12.3,9.9564,0.5505
50,2,11.4,8.9563,-0.5441
51,2,12.5,9.8555,1.2469
52,3,13,8.763,0.107
53,2,11.3,8.452,-0.241
54,3,13.4,9.9687,1.4321
55,3,14.2,10.2084,1.3951
56,4,12.6,10.0214,1.1333
57,1,12.7,8.7009,-0.5523
58,4,14,10.247,1.377
59,4,13.3,9.0739,-0.4929
60,4,12.9,9.8978,0.7731
61,1,10.9,8.9225,-0.0312
62,1,11,8.8535,0.5825
63,2,10.2,8.7183,-0.8032
64,2,10.8,9.5084,-0.4013
65,3,13.9,9.3929,1.4038
66,3,11.3,8.4956,-0.3859
67,4,12.6,8.7878,-0.0498
68,4,11,8.1313,-1.2724
69,4,14.7,9.8078,2.0526
70,2,11.5,8.9764,-0.5494
71,2,11.4,8.836,0.1617
72,1,12.8,9.3719,-0.3917
73,3,13.2,9.4416,0.9517
74,3,13.2,9.8746,1.6677
75,2,13.1,10.4438,1.6155
76,3,13.3,9.5288,1.5501
77,3,12.9,9.1153,-0.0128
78,1,11.2,8.6232,-0.0332
79,4,12.8,8.1877,-1.0326
80,3,11,9.338,-0.0872
81,4,14.9,10.2621,1.8511
82,1,11.8,9.289,0.8802
83,2,12.8,9.9497,1.7106
84,1,11.9,9.1824,0.3406
85,1,12.5,10.0982,0.8345
86,2,11.8,9.1102,-0.2381
87,4,11,8.8794,-0.2412
88,3,12.4,9.4209,1.4936
89,3,13,8.8743,-0.2875
90,1,11.3,9.1741,0.7567
91,1,14.2,8.7229,0.5522
92,2,14,9.9262,2.1373
93,2,12.3,8.8818,0.1066
94,3,12,9.2329,0.2692
95,1,12.3,8.8791,-0.9815
96,2,14.5,9.8797,1.0283
97,3,11.3,8.0908,-0.9621
98,1,10.8,8.6311,-0.9245
99,4,11.6,9.1862,0.9047
100,3,12.1,8.9971,-0.26
101,4,13.8,9.994,1.6593
102,4,13,8.8481,0.6148
103,2,12.5,9.0824,0.4097
104,1,12.2,9.9309,0.5617
105,2,10.8,7.9665,-0.5562
106,2,11.7,8.8015,0.4844
107,3,11.2,9.271,-0.0103
108,1,11.5,8.2611,-1.3246
109,2,12.5,9.3323,0.8592
110,3,14.3,9.0322,0.7589
111,4,11.6,8.5961,-0.5295
112,3,12.6,8.1814,-0.3364
113,2,11.3,8.694,-0.7796
114,4,12.8,9.9713,0.5709
115,4,12.4,8.4196,-0.8278
116,1,11.1,9.5231,1.466
117,4,12,8.7576,0.0471
118,1,10.5,7.322,-1.3749
119,1,9.6,9.3093,-0.7316
120,1,10.1,9.1243,-0.7857
121,4,12.1,9.5779,0.454
122,1,12.9,8.8893,-0.1583
123,1,10.5,7.1376,-1.0856
124,1,11.4,9.161,0.6957
125,4,14.2,8.803,-0.1507
126,4,14.1,9.8837,0.2527
127,3,10.5,8.1444,-0.1119
128,4,12.6,8.4194,0.0231
129,2,11.9,9.055,1.7357
130,4,13.7,9.4021,1.5299
131,4,13.3,8.8547,1.1243
132,3,11.3,9.8298,1.0888
133,2,14,10.0921,1.6795
134,3,11.7,9.213,0.8041
135,4,12.3,8.2681,-0.5311
136,3,11.7,8.7279,-0.1245
137,4,11.7,8.5654,-0.7283
138,1,10.1,8.0883,-0.1619
139,1,10.2,8.4596,-0.6948
140,3,12.2,9.4387,0.8106
141,1,11.8,9.7854,0.7107
142,4,12.5,8.1069,-0.2349
143,3,12.2,10.3175,1.466
144,1,11.7,8.6459,-0.0205
145,1,11.9,9.4488,-0.2141
146,1,11,9.8587,0.9661
147,4,11.8,9.3035,-1.5187
148,4,14.3,9.8642,1.3659
149,1,11.9,9.1733,0.0993
150,2,9.6,9.0183,-1.0785
151,1,11.4,8.7581,0.319
152,1,12,8.8006,0.2858
153,2,10.6,8.385,-1.0899
154,2,11.3,8.0906,-0.7336
155,2,10.8,8.8816,-0.0628
156,1,12.4,9.067,0.3033
157,4,11.1,8.8086,-0.7864
158,2,11.1,9.0416,-0.6824
159,2,13.7,9.5261,1.822
160,3,11.8,8.7185,-0.5375
161,4,12.6,8.4722,0.1076
162,1,10.6,9.2118,-0.4648
163,1,11.8,7.999,-0.9761
164,4,13.1,9.3571,0.4
165,1,13.9,8.6293,-0.1116
166,4,10.9,8.4121,-1.5568
167,4,12.6,8.5158,-0.5297
168,2,12,8.8154,-0.9304
169,3,10.1,8.5857,-0.8846
170,1,11.9,9.2559,0.86240000000000006
171,4,13.9,9.6816,1.7318
172,1,10.5,8.9216,-0.3877
173,1,11.3,8.6227,-0.3301
174,1,12.1,8.7936,0.1461
175,1,12.7,10.1545,1.1604
176,4,11,8.9912,-1.1619
177,4,12.9,9.695,-0.0226
178,2,11.9,9.5755,0.1845
179,1,11.1,8.4289,-1.0167
180,3,11.2,9.3071,-0.0348
181,2,11.4,8.5229,-0.3502
182,1,11.5,8.6937,0.1093
183,3,11.2,9.0009,0.1849
184,2,10.1,8.5281,-0.9367
185,1,13.5,10.1022,1.2795
186,4,13.1,8.1745,-1.1948
187,2,11.5,8.6558,-0.9686
188,4,12.7,8.8524,0.6494
189,3,13.2,9.1287,0.6194
190,1,13.1,9.0466,0.1608
191,1,10.3,7.1561,-1.8879
192,3,14.9,9.7589,1.2315
193,1,12.9,9.871,1.4714
194,2,12.5,7.8328,-0.5888
195,4,12.6,7.6978,-1.0948
196,4,11.7,9.0593,0.3329
197,4,13.3,8.8476,0.8912
198,3,11.2,8.5216,-1.4582
199,4,10.9,8.1435,-1.8326
200,1,9.5,8.3321,-0.5216
201,2,11.2,8.483,-0.3489
202,1,10.5,9.6941,1.0683
203,2,10.7,9.0563,-0.0058
204,1,10.8,8.7554,0.5604
205,4,15.7,10.4461,2.5333
206,1,11.4,8.8532,0.4367
207,4,13,9.7632,0.5848
208,2,11.3,8.5418,-0.7817
209,3,12.8,9.0954,0.3985
210,3,14,8.8912,-0.2491
211,1,12.3,10.1648,1.2538
212,3,14.1,9.5961,1.8195
213,3,13.1,8.2024,-0.6627
214,3,14.7,9.1806,-0.2258
215,3,11.1,9.5357,0.0391
216,4,13.2,8.0073,0.0412
217,4,10.5,8.5264,-0.6781
218,3,12.9,9.2425,0.228
219,2,9.5,8.3421,-0.5972
220,3,12.8,8.9849,-0.4967
221,3,11.1,8.4422,-0.7613
222,2,9.7,7.7894,-1.4243
223,3,12.7,9.0161,0.0256
224,1,12.5,8.3979,0.2429
225,1,10.1,7.9338,-0.3514
226,1,12,8.9051,0.144
227,1,9.9,8.9971,0.1262
228,4,12.5,9.4728,0.4643
229,2,12.8,9.3843,-0.028
230,4,11.6,9.006,-0.2167
231,2,13.6,9.1336,0.5071
232,4,13.3,9.9879,0.7927
233,2,12,10.3085,1.3301
234,1,10,8.0611,-0.5563
235,4,14.1,9.3708,1.0069
236,2,9.3,7.7129,-1.6897
237,1,10,9.2782,-0.2051
238,1,11.2,8.6165,-0.4261
239,2,11.6,8.5396,-0.272
240,2,11,8.5762,-0.3719
241,1,10.1,9.3414,0.3193
242,4,11.9,9.4822,0.7414
243,2,12.2,8.7453,-1.0729
244,2,10.7,8.5527,-0.3225
245,3,11.3,8.7389,-1.2661
246,1,9.3,8.1542,-0.5932
247,1,11.2,8.7544,-0.1892
248,4,13.4,8.6458,-0.5324
249,1,12.8,9.3788,1.2661
250,3,10.6,7.6624,-1.0915
251,1,12.4,8.8755,1.2531
252,3,12.1,9.2988,0.2971
253,2,12.1,9.4767,0.4547
254,1,11.2,9.4094,1.1066
255,4,11.8,9.0998,1.0807
256,3,11.6,9.2757,1.109
257,3,12.1,9.4313,0.8968
258,1,9.2,8.0303,-1.1434
259,2,13,9.5455,0.2219
260,3,13,8.8602,0.4039
261,2,13.4,8.9428,0.4186
262,2,12.9,8.7324,0.4254
263,1,11.4,9.0944,-0.4135
264,3,12.4,9.6107,0.718
265,3,10.5,7.5009,-1.8574
266,1,13.6,9.0159,-0.6151
267,4,13.7,9.7167,0.099
268,4,10.3,8.4706,-0.8699
269,4,13.6,9.2414,1.1575
270,4,14.3,10.1657,2.5778
271,2,9.6,7.0465,-1.7262
272,4,14.3,10.457,0.7422
273,2,13.1,9.2666,1.6657
274,2,10.8,7.9957,-1.8858
275,1,10.2,7.7053,-1.4273
276,1,11.4,8.1686,-0.8993
277,2,14.2,9.1034,0.2519
278,1,11,9.5617,0.4089
279,1,9.6,8.7655,-0.8457
280,3,12.5,9.3811,0.862
281,3,11.6,8.414,-1.1721
282,1,11,8.7057,0.8771
283,2,13.8,10.2989,1.012
284,2,11.4,8.3295,-1.007
285,3,10.2,7.9841,-1.0915
286,1,11.3,9.745,0.5323
287,3,11.1,8.6616,0.0292
288,3,12,8.662,-0.3483
289,1,11.2,9.8206,1.0442
290,4,11,8.5301,-0.681
291,4,12.3,8.644,0.4443
292,4,12.7,8.7982,-0.5305
293,3,12.4,8.9163,0.052
294,2,9.2,7.1635,-1.553
295,4,14.6,10.2605,1.1687
296,2,12.5,9.2113,0.3578
297,3,10.2,7.8683,-2.0457
298,3,11.3,8.4266,-0.8477
299,1,13,9.2572,0.9025
300,4,13.8,10.1066,1.2934
301,1,11,9.1759,0.6525
302,1,10.9,8.36,-0.0869
303,3,12.5,9.4603,0.9228
304,2,13.7,9.7065,0.5814
305,3,10.8,7.539,-1.4318
306,3,11.2,8.4921,-0.0508
307,1,9.1,7.9332,-0.9767
308,1,10.3,9.9309,0.6008
309,2,10.3,7.6023,-1.2256
310,1,14.1,9.8449,1.5898
311,2,10,8.4404,-0.1581
312,2,10.1,8.6917,-1.1813
313,2,11.9,9.4948,0.7975
314,1,10.6,9.2263,0.3015
315,4,11.6,7.63,-1.4377
316,2,13.3,9.918,0.2828
317,2,11.9,9.2177,1.1168
318,4,13.8,9.4966,0.6886
319,4,13.6,9.6195,0.964
320,1,10,8.8167,-0.2478
321,1,12.5,9.2478,0.2427
322,3,13.3,8.8851,0.6385
323,1,9.5,8.1877,-1.2022
324,4,10.4,9.0015,-0.7548
325,1,11.8,9.3494,0.8957
326,4,11.8,8.9194,-0.363
327,4,12.3,8.9957,0.7283
328,2,14,10.5673,2.815
329,4,12.4,8.5903,-0.4364
330,1,11.5,9.384,0.1548
331,2,11.1,8.3073,0.1775
332,2,10.8,8.712,-0.4713
333,4,13,9.5334,-0.0473
334,1,10.8,8.8704,-0.2177
335,4,13.2,9.4568,1.6098
336,2,12.9,9.7351,0.7478
337,1,11.1,8.9434,-0.4004
338,1,14.2,9.6998,1.8815
339,2,12.7,9.3041,1.3966
340,2,13,10.2353,1.5337
341,4,12.7,10.0716,0.9744
342,1,13,8.0948,-0.8475
343,3,13.4,9.307,0.414
344,3,12.6,9.2786,1.2684
345,1,10.3,9.1026,-0.3705
346,4,10.2,8.9857,-1.4025
347,3,11.7,8.9014,-0.4013
348,2,11.3,8.5795,-1.2596
349,3,13,9.7454,1.1888
350,2,14,9.3569,-0.2368
351,1,10.1,9.4148,-0.0995
352,2,12.9,8.1853,-1.0389
353,2,13.3,9.435,0.0584
354,3,12.6,9.2845,0.2462
355,2,12.2,9.5518,0.3582
356,2,11.7,8.8824,-0.2918
357,4,11.8,8.7135,-1.5409
358,3,12.3,9.1966,-0.6176
359,4,12.7,8.7853,0.6057
360,4,14.5,9.1388,0.3783
361,2,12.6,9.6315,0.7576
362,2,11.5,9.4569,0.638
363,4,14.1,8.5194,-0.4637
364,1,12.5,9.4513,0.324
365,1,12.4,8.6277,-0.1214
366,3,12.5,9.0802,0.034
367,2,10.1,9.3415,-1.1842
368,3,15,9.9766,1.5291
369,4,13.7,8.652,-0.3767
370,1,12.6,8.8295,0.1556
371,2,13.6,10.0429,1.3124
372,4,16.4,11.1072,2.9476
373,4,11.8,8.4676,-0.5267
374,3,11.9,8.9781,0.43120000000000003
375,1,11.4,9.6909,0.9003
376,1,15.5,11.232,2.264
377,4,12.6,8.5953,-1.9215
378,2,13.8,10.3122,1.9284
379,3,11.5,9.3584,0.2157
380,4,12.6,8.3779,-0.2361
381,2,10.7,9.2312,-0.4121
382,4,10.4,8.2001,-0.5161
383,2,12.8,8.8972,0.352
384,3,10.2,8.8627,-0.4397
385,3,12.8,9.71,1.6997
386,3,11.4,9.3947,-0.109
387,3,11.8,8.284,-0.5267
388,1,11.9,8.4628,-1.1393
389,2,14.3,10.4066,2.7082
390,1,11.4,7.6723,-1.5835
391,4,12.6,9.5735,1.0595
392,3,13.1,9.0601,1.1333
393,2,10.6,8.8148,-0.3357
394,2,12.9,8.9368,-0.3207
395,1,11.2,8.6591,0.338
396,4,12.2,9.2762,0.3932
397,1,11.6,7.5651,-2.2445
398,3,12.2,8.8184,-0.7706
399,4,10.5,7.5287,-2.0876
400,3,12.3,8.9872,0.3854
401,3,14.7,10.2987,1.83
402,1,10.8,9.086,-0.261
403,4,12.6,8.9104,-0.1392
404,2,10.9,8.4999,-0.5918
405,4,11.9,7.6074,-1.5328
406,3,10.8,8.2731,-1.3996
407,2,10.7,8.7152,-0.9745
408,4,10.6,8.2628,-0.9856
409,3,12.2,8.5583,0.0985
410,3,11.7,9.0508,0.4678
411,3,12.7,9.1289,0.382
412,2,11.7,9.0557,0.2013
413,2,12.1,9.0114,0.953
414,4,13.8,10.719,2.5718
415,2,10.9,8.4752,-0.5688
416,3,11.9,9.4504,0.3513
417,3,14.3,9.3755,1.8497
418,2,10.6,8.9197,-1.4054
419,3,12.9,9.3089,0.917
420,1,12,8.4075,-1.5378
421,4,12.8,8.528,-1.0294
422,4,10.6,8.0637,-1.6416
423,4,13.1,8.8101,-0.4158
424,2,9.4,9.5931,0.6547
425,1,11.3,9.0872,0.3007
426,1,11.9,8.4566,-0.6762
427,3,12.9,9.6977,0.4523
428,1,8.7,8.1745,-1.9571
429,2,13,9.5985,-0.339
430,1,11.5,9.8882,0.5602
431,2,10.7,8.3814,-0.4225
432,2,11.9,9.2009,0.238
433,4,12.8,9.701,0.5179
434,4,14.3,10.0284,1.3314
435,1,11.3,8.4518,-0.1685
436,4,13.8,9.6308,1.0312
437,4,13.7,9.6995,1.3522
438,2,12.2,9.5638,-0.275
439,2,9.5,7.8952,-1.5256
440,3,9.6,7.3501,-2.6935
441,3,13.1,9.1301,0.3002
442,2,10.7,7.5548,-1.9496
443,1,14.9,10.1926,0.9769
444,1,10.9,8.5691,0.6798
445,2,12.5,9.1004,-0.1086
446,1,10,8.0832,-0.7514
447,2,11.8,9.1586,0.5209
448,4,12.5,8.3759,-1.2738
449,1,12.3,9.437,0.7532
450,3,12.1,8.7607,-0.2479
451,1,10.3,8.509,0.3778
452,3,10.8,8.8748,0.3953
453,3,11.8,8.9531,-0.4033
454,4,11.8,9.2352,-0.6506
455,4,14.2,10.1143,0.7691
456,1,11.4,9.7199,1.0566
457,2,12.8,9.4366,1.3319
458,2,13.4,9.698,0.5134
459,2,14.1,8.7262,-0.138
460,4,11.4,8.9559,-0.2614
461,2,10.7,8.9394,-0.3408
462,1,10,8.7166,-0.195
463,4,11.2,7.6554,-1.339
464,1,12.9,10.1263,1.476
465,1,15.4,9.2254,0.4709
466,1,12.4,9.3333,0.7565
467,3,10.7,8.4943,-0.2695
468,3,12,9.0148,-0.4528
469,1,11.5,9.3485,-0.0371
470,4,14.8,11.1659,2.449
471,1,13.2,8.2175,1.089
472,2,11,8.9518,-0.4159
473,3,11.4,9.0579,-0.7513
474,2,11.5,9.2433,0.9454
475,2,10.9,7.9755,-1.2634
476,4,13.3,9.4617,0.7693
477,3,11.7,10.1994,0.8686
478,1,11,8.1694,-0.6397
479,4,12.4,9.3094,-0.1852
480,2,11.8,8.7014,0.7855
481,3,13.1,9.57,0.499
482,1,12.9,9.8149,1.2953
483,2,11,8.8326,-0.2767
484,4,10.2,8.5756,-1.8003
485,2,12.6,8.9649,0.8323
486,1,9.9,8.4849,-1.2727
487,4,11.6,9.5274,1.5825
488,4,15.1,10.0331,1.4457
489,4,11.7,8.3854,-1.7392
490,3,12.4,9.2686,-1.14
491,1,12.3,8.9484,-0.2687
492,2,9.9,8.2307,-1.2952
493,2,10.1,7.6372,-2.2734
494,4,13.6,9.8043,0.3161
495,1,11.7,9.4925,0.0312
496,3,14.2,10.3026,2.7373
497,2,10.2,7.9633,-2.2302
498,2,10.7,7.9828,-0.2945
499,3,13.6,7.8529,-0.2036
500,1,10.3,8.3027,-1.5284
501,2,9.7,7.7137,-1.0134
502,4,14.3,9.0613,0.6756
503,3,11.3,8.6676,-0.1594
504,1,11.1,8.6953,-0.451
505,3,11.9,8.4849,-0.8922
506,1,13.7,10.2317,0.6075
507,4,13.1,8.6194,0.818
508,4,12.9,9.4582,0.8456
509,4,12.5,10.1407,0.4792
510,4,13.7,10.001,1.0883
511,4,14,8.965,0.8118
512,2,10.6,8.316,-0.3912
513,2,12,10.0982,0.7825
514,2,10.8,8.7528,-0.8613
515,1,12,9.3955,-0.0186
516,1,13.3,9.57,1.3106
517,2,13.1,9.3572,-0.1135
518,1,10.6,9.6557,0.5154
519,4,12.6,8.5982,0.0091
520,1,10.5,8.7119,0.9158
521,1,11,8.6036,0.2723
522,2,12.6,9.9392,0.6113
523,3,10.2,9.0972,-1.2596
524,4,13.6,9.3084,0.083
525,3,11.8,8.6571,-0.6633
526,1,11.1,8.6878,-0.426
527,4,12.9,9.2501,0.6793
528,4,12.3,9.247,-0.2121
529,1,11.1,9.5554,0.6928
530,2,13.5,8.9075,-0.2599
531,3,12.4,8.7988,-0.4069
532,1,11.8,8.6114,-1.233
533,2,11.1,8.8487,0.2791
534,3,13.3,9.6971,0.487
535,3,12.9,9.5824,-0.4103
536,3,12.4,9.4976,1.0672
537,1,13.2,10.2535,1.8665
538,4,13.2,8.5457,-0.2033
539,3,9.4,7.5161,-1.0624
540,2,12.8,8.203,-0.7253
541,1,12.4,9.5315,0.304
542,3,14,8.9353,-0.2269
543,4,12.1,8.2788,-0.8758
544,4,11.7,9.1048,-0.6551
545,3,11,9.3852,0.255
546,1,10.3,8.5525,-0.2642
547,3,12.9,8.2877,-0.4136
548,4,13.9,8.3633,-0.6893
549,3,14.6,9.5935,2.426
550,3,12.5,9.8189,1.1758
551,3,12.2,8.5169,-0.3334
552,4,11.5,8.6678,-0.5051
553,1,11,9.3037,0.0133
554,2,13.4,9.2944,1.1216
555,3,14.4,10.3148,2.3288
556,1,9.6,8.6725,-0.3534
557,3,13.3,9.2959,0.965
558,2,14.1,9.8667,0.7678
559,3,11.6,8.6758,-0.6042
560,4,12.9,10.2321,2.5494
561,4,13.7,9.1278,-0.8595
562,4,13.7,9.6727,0.722
563,1,12.1,8.5969,-0.2235
564,1,10.2,8.6131,0.1712
565,1,10.2,7.8638,-1.5675
566,2,11.8,8.6197,-0.6389
567,1,9.7,7.571,-1.8323
568,3,10.3,8.0849,-0.8202
569,1,9.5,8.5005,-1.1526
570,2,10.7,8.6032,-0.2604
571,1,10,8.9312,-0.8992
572,2,12.5,9.2179,-0.4355
573,3,10.3,8.7779,-1.5387
574,1,12.2,8.907,0.1259
575,4,11.9,9.2024,-0.7124
576,1,10.5,8.684,-1.3586
577,3,12.4,9.7049,-0.0617
578,1,12.8,9.2074,-0.2898
579,3,14.1,10.1065,2.0378
580,2,13.8,9.2039,0.6227
581,1,13.8,10.6294,2.1108
582,3,11,8.031,-0.4413
583,3,12.1,8.4351,-0.0659
584,1,10,10.2173,1.165
585,3,11.2,9.4035,0.2048
586,4,10.9,7.6653,-2.0921
587,2,10.5,7.0593,-1.8279
588,4,14.1,8.7379,0.0216
589,3,11.3,8.863,-0.9746
590,1,10.6,8.2337,-0.7053
591,1,11.5,8.8043,0.6315
592,1,10.6,8.0198,-1.142
593,1,12.3,9.3353,0.8942
594,1,14.1,8.6643,0.2779
595,2,12.8,10.0358,1.1545
596,2,9.4,7.753,-1.3555
597,1,13.7,10.1205,1.9352
598,3,11.6,9.5467,0.5978
599,1,9.8,7.9672,-2.4096
600,1,12,9.0949,-0.115
601,4,14.1,9.3085,0.3484
602,2,11.5,9.091,0.6385
603,4,12.5,9.2429,0.9539
604,3,12.1,9.498,1.3409
605,1,12.8,9.5044,1.4463
606,4,12.9,9.8343,0.1284
607,2,12.5,9.2468,0.7557
608,1,10.8,7.7384,-1.802
609,1,11.9,8.5728,-0.4829
610,4,9.7,7.2797,-2.1259
611,3,10.1,8.1917,-1.913
612,1,12.6,9.6993,0.4031
613,3,12.4,9.0763,0.4296
614,2,14.1,8.8333,-0.3047
615,1,11.7,9.1064,0.5897
616,4,13.6,9.228,1.3904
617,4,11.5,8.5587,-1.8263
618,4,12.4,9.6822,1.289
619,1,11.4,8.8267,0.3737
620,1,9.4,8.4391,-1.6405
621,3,10.5,8.3901,-0.3862
622,2,10.2,7.8347,-1.0313
623,3,9.8,8.1657,-0.3781
624,1,9.5,8.7744,0.0244
625,1,8.7,8.7857,-1.0264
626,4,12.5,8.9479,-0.0506
627,3,12.1,9.1004,-0.7687
628,1,11.4,8.3012,-0.5078
629,4,14.8,9.6014,1.145
630,4,12.4,8.7917,-0.1693
631,3,13.6,8.892,0.7831
632,4,9.7,8.2245,-1.5674
633,2,12.4,10.4112,1.8182
634,4,12.4,9.162,0.423
635,4,12.8,9.0193,-0.9177
636,2,12.8,9.7041,1.6187
637,2,11.4,8.8492,-0.5295
638,2,11.4,7.9984,0.12
639,3,10.6,7.4138,-1.6687
640,1,9.8,8.5066,-0.7347
641,4,12.8,7.9699,-1.3869
642,3,10,8.8751,-1.4985
643,3,12.8,9.2681,-0.2192
644,3,13.1,10.0913,1.0593
645,4,11.8,10.2467,0.1954
646,4,11.8,8.4159,-0.1989
647,1,12.2,9.1002,0.8069
648,2,13.3,8.7979,1.7692
649,2,11.5,8.3522,-0.3667
650,3,12.1,9.6703,0.3174
651,3,14.6,10.1134,0.979
652,4,13.5,9.9408,0.2525
653,4,13.8,10.0614,0.475
654,4,13.3,8.6368,0.8988
655,1,12.1,8.2921,0.058
656,4,13.8,9.6893,1.6411
657,3,14,9.6841,1.0162
658,2,10.2,8.7013,-0.9278
659,1,10.8,9.3335,1.4139
660,2,14.1,9.0324,0.2249
661,1,11.8,7.7102,-1.4789
662,1,10.2,7.8054,-0.5418
663,2,14.2,9.7442,1.024
664,3,10.4,9.5568,1.0943
665,4,10.6,8.7003,0.0278
666,1,9.4,8.8603,-0.329
667,2,10.8,8.0865,0.3012
668,2,12.6,9.714,0.3909
669,2,11.8,8.997,0.4335
670,2,12,9.3128,0.9678
671,4,12,8.4103,-0.8401
672,2,11.8,9.0964,-0.3876
673,4,11.5,8.2535,-1.0714
674,1,10.6,7.7168,-1.1053
675,2,10.5,8.0441,-0.9431
676,1,11.1,9.7709,1.0928
677,4,12.4,9.1934,-0.3397
678,2,12.1,8.4006,-0.8844
679,2,12.2,8.9602,-0.833
680,1,11.3,9.0822,0.6375
681,2,10.1,9.4522,-0.853
682,2,11.2,9.249,0.0374
683,1,8.4,8.0854,-0.6941
684,4,14.7,9.197,-0.1643
685,1,10,8.3321,-0.599
686,1,13.2,9.2442,0.4678
687,3,12.3,9.8624,0.1257
688,2,10.7,8.1802,0.2218
689,4,11.7,9.1559,1.5013
690,1,9.8,8.5024,-0.3699
691,4,13.6,8.7225,-0.195
692,4,13.9,10.0505,2.3226
693,3,11.5,8.5752,-0.6113
694,3,13.6,9.7361,-0.4208
695,2,13.3,9.5672,0.5339
696,3,12.9,9.3774,-0.4181
697,1,12.7,9.3702,0.4957
698,2,10,8.3249,-0.9211
699,2,13.3,10.324,1.7339
700,4,13.7,9.8835,2.4608
701,1,11.2,9.3991,0.4521
702,2,12.8,10.0769,0.7698
703,3,13,9.6892,0.704
704,4,13.6,9.4523,0.7463
705,1,9.6,8.7117,-1.3109
706,4,11.5,9.3408,-0.2121
707,3,12.1,9.1401,0.0928
708,3,12.7,9.5656,1.4555
709,1,12.4,9.6433,0.5657
710,2,12.8,9.2353,-0.1436
711,4,12.1,9.0013,0.051
712,3,10.1,8.2714,-1.1746
713,3,12.7,9.2469,0.5485
714,2,9.9,9.5,0.0889
715,2,11.9,8.9555,1.3616
716,2,11.7,8.8669,-0.4586
717,2,10.5,9.2974,-0.0831
718,4,13.5,8.7498,-0.3403
719,3,13,10.7602,1.7133
720,4,12.7,8.8945,0.2938
721,2,10.3,8.808,-0.1381
722,2,15.4,10.1202,2.4832
723,1,10.9,8.9635,-0.3115
724,1,13,9.5888,1.5661
725,1,10.4,9.2962,-1.2656
726,4,12.9,9.1789,-0.2055
727,1,10.3,7.9342,-1.5403
728,2,12.9,8.7839,-0.1258
729,1,11.9,9.0598,-1e-4
730,1,11.2,9.2906,0.4948
731,2,12.6,8.9132,0.389
732,2,11.1,8.414,-0.3349
733,1,11.6,8.9691,-0.2182
734,1,9.7,9.4064,0.191
735,2,11.5,8.7774,-0.4803
736,2,10,8.3656,-1.2905
737,1,12.1,8.912,1.3489
738,4,11.3,9.1803,-0.1797
739,1,10.9,8.6293,0.1091
740,4,15.3,8.9172,-0.0092
741,2,10.8,9.6047,-0.1469
742,1,13.9,9.4715,1.468
743,2,11.4,8.0488,-1.0077
744,4,12.3,9.8395,0.178
745,3,13.2,8.5571,0.6308
746,3,12.2,9.1007,-0.2218
747,3,12.8,9.2738,-0.448
748,2,10,7.8251,-1.4256
749,1,11.2,9.2612,-0.0206
750,1,12.7,9.7986,1.1418
751,4,13.6,9.1143,0.8684
752,1,9.9,8.2706,-0.606
753,4,12.1,8.3838,-0.5475
754,3,13.5,9.0382,0.5154
755,2,11.2,9.5507,1.5822
756,1,12.5,10.4932,1.8062
757,2,11.9,9.068,0.0741
758,3,11.7,8.1868,-0.6794
759,2,11.5,8.7688,0.509
760,4,10.2,8.5375,-1.6159
761,1,9.7,9.4034,0.7415
762,4,9.4,7.3573,-2.4146
763,2,9.3,8.274,-0.1244
764,3,11.7,9.1044,0.4338
765,3,10.8,7.525,-2.3536
766,2,12.9,9.3263,-0.3372
767,2,12.1,9.4553,0.724
768,1,9.5,8.4209,-0.9124
769,1,15,9.6496,0.3573
770,4,14.6,9.4517,0.1284
771,4,13.1,9.1733,0.7123
772,2,11.8,9.7373,0.1426
773,3,11.1,9.4717,0.3205
774,1,13.9,10.3944,2.0745
775,2,10.2,8.5159,-0.3245
776,2,10.8,7.8711,-0.8798
777,4,12.8,9.0249,-0.3005
778,3,14.3,9.4578,-0.1043
779,2,11.5,7.8665,-0.5569
780,4,12.4,9.2209,-0.2965
781,3,13.1,8.563,-0.6656
782,1,11.6,9.1975,0.385
783,4,12.5,8.7303,-0.1609
784,2,11.2,8.186,-1.2874
785,4,14.2,9.7971,1.7255
786,3,13.4,9.1416,0.5935
787,3,11.4,9.0207,0.1479
788,3,10.4,8.2965,-1.0632
789,2,13.5,9.647,1.5522
790,1,10.9,8.7997,-0.3345
791,3,13.1,9.7098,1.4247
792,4,13.6,9.4034,0.1133
793,4,12.5,10.1525,1.1775
794,2,14.7,9.1263,0.7053
795,1,12.5,10.2119,1.58
796,1,12.1,8.8385,0.3073
797,4,10.1,9.2943,0.6852
798,1,11.2,7.4601,-1.1355
799,1,13.5,9.7261,0.4164
800,2,14.8,9.5779,2.2672
801,4,13.1,9.5957,-0.2713
802,2,13.5,10.0153,0.9105
803,2,11.1,8.7645,-1.1966
804,2,12.6,8.4577,-0.4889
805,4,14.9,9.4798,0.5223
806,1,12,11.0868,2.4975
807,3,12.9,8.9661,1.383
808,4,12.4,9.2427,0.0184
809,3,13.6,8.692,0.1489
810,3,10.5,9.3538,0.711
811,3,13,9.479,0.7932
812,1,10.9,8.5203,0.9656
813,1,11.1,8.4513,-0.7606
814,4,10.9,8.4604,-0.3483
815,3,12.9,10.0928,0.7155
816,2,13.4,9.1261,0.6162
817,1,10.7,8.755,-0.3492
818,2,11.7,8.3606,0.3125
819,4,11.7,7.9498,-0.2139
820,3,8.2,7.9843,-1.1792
821,4,12,9.1963,0.4384
822,2,12,10.4073,1.1089
823,2,14.6,9.8614,1.5763
824,2,10.8,9.1606,0.8471
825,4,12.4,8.7659,0.4763
826,2,12.1,8.9579,0.4187
827,2,10.8,7.7335,-2.0785
828,3,12,8.7083,-0.693
829,1,10.9,8.6893,-0.9823
830,4,11.7,9.0262,-0.5654
831,3,9.7,8.0073,-1.6889
832,3,11,8.9391,-0.1926
833,4,13.9,9.5774,-0.6719
834,3,12.1,9.2959,0.8255
835,2,12.8,9.0475,0.7109
836,1,12.3,8.658,-0.9606
837,2,9.5,7.5724,-1.8787
838,1,12.2,9.5011,1.2414
839,2,10.4,8.9221,0.0079
840,2,13.3,10.3808,1.7466
841,1,12.5,8.9107,0.2627
842,4,14,9.9051,1.9243
843,4,15.7,9.9345,1.451
844,3,12.9,9.013,1.3529
845,4,12.2,9.5692,0.8481
846,3,15.3,9.068,0.917
847,2,13,8.9952,0.3561
848,3,13,10.1171,1.0094
849,4,11.4,9.2246,0.9351
850,2,10.9,8.9059,-0.9294
851,1,12.1,7.704,-0.9903
852,4,12.1,8.8116,-0.0268
853,2,9.7,8.3682,-0.6836
854,2,12.3,9.0129,-0.1132
855,3,12.7,10.0761,0.9994
856,4,13,10.1165,1.094
857,4,12.3,8.7037,-0.9673
858,3,10.9,8.6702,-0.4673
859,4,11.6,8.6611,0.1214
860,4,12.2,9.4066,0.5569
861,4,12.3,9.3067,-0.3169
862,4,12.4,9.1238,-0.3189
863,3,12.7,10.2795,0.5748
864,2,13.8,9.9778,1.7773
865,3,12.8,9.4313,0.1509
866,4,14.3,9.5188,0.555
867,1,11.1,8.9442,0.0248
868,1,11.6,10.2492,0.3761
869,3,10.6,8.4552,-1.4175
870,1,11.8,9.6999,1.3715
871,3,12.1,7.7735,-2.1628
872,1,11.3,9.5575,-0.026
873,3,13.9,9.7171,0.9159
874,2,9.3,8.1273,-2.1153
875,3,10.8,8.8965,-1.1171
876,1,11.1,8.1832,-0.5671
877,3,14.3,9.2588,1.3093
878,4,12.2,10.1235,0.7881
879,2,13,9.0239,-0.1279
880,3,12.4,8.649,0.0493
881,2,13.8,9.585,0.9329
882,2,10.9,7.8453,-1.54
883,2,11.2,8.5593,-1.1357
884,4,11.7,8.2557,-1.0795
885,3,14.2,9.7258,0.9808
886,3,10.4,8.6377,0.5128
887,4,13.7,8.1853,-0.1922
888,3,12.1,9.4326,0.0596
889,3,10.9,8.5609,-1.2604
890,1,11,9.5044,-0.5409
891,1,10,8.2804,-0.7901
892,3,12.2,8.2679,-0.2809
893,2,13.1,9.3235,1.309
894,3,11.1,7.932,-1.9705
895,1,13.5,9.5358,1.0897
896,1,13.2,9.3676,0.532
897,1,11.5,8.9189,-0.3517
898,4,14.2,9.8737,1.308
899,3,13.8,10.2206,0.206
900,2,12.3,8.6457,-0.7884
901,3,14.1,8.5511,-0.5553
902,3,11.2,9.563,1.1226
903,4,11.4,8.4603,0.4356
904,4,11.9,8.5651,-0.8249
905,2,11.8,9.0595,-0.1514
906,4,12.6,9.3607,0.4953
907,3,12.7,9.5629,0.683
908,3,13.3,9.3905,1.3167
909,3,11.9,7.6324,-1.5421
910,4,12,8.4443,-0.3807
911,4,14,9.5617,0.6073
912,3,14.2,9.7211,1.3435
913,4,12.3,8.2805,-0.3024
914,1,13,9.6547,0.9721
915,3,10.4,7.9855,-1.2474
916,2,13.1,9.4112,0.5975
917,1,13.2,9.4987,0.1509
918,1,9.5,8.3299,-0.5928
919,3,13.2,9.8717,1.5176
920,2,9.6,8.5996,0.3084
921,4,12.4,9.0247,-0.3587
922,2,13.9,9.8605,1.5593
923,3,10.4,8.4536,-0.3884
924,3,11.2,8.5376,-0.0094
925,2,12.2,8.5969,-0.4645
926,2,11.7,8.6678,-1.0001
927,4,12.9,9.5984,1.1434
928,3,13.3,9.495,1.1323
929,2,13.5,8.7104,-0.0874
930,4,13.1,10.4473,1.0938
931,3,11.9,9.1465,-0.1862
932,4,12.8,9.183,0.6341
933,4,12.4,8.0374,-0.9572
934,4,14.6,9.8915,1.2836
935,3,11.7,9.2808,0.1423
936,1,12.7,9.8955,1.9083
937,1,9.7,7.0015,-1.8172
938,3,11.2,9.3806,-0.7149
939,3,11.3,8.4173,-0.8947
940,3,11,8.6825,-2.6334
941,2,13.1,8.6153,-0.9508
942,1,11.8,8.5117,-0.794
943,1,10.4,9.1283,0.3794
944,2,11.9,7.901,-1.3313
945,3,13.6,9.3652,0.9844
946,2,11.3,8.0562,-0.2363
947,2,12.5,10.0322,1.044
948,1,11.6,9.8905,0.8785
949,1,11.3,8.646,-0.0915
950,2,12.8,10.3056,2.027
951,3,12.5,8.8779,-0.5102
952,3,12,8.8244,-0.1838
953,1,11.7,9.7713,2.5908
954,2,12.7,9.5849,0.5896
955,1,12.7,9.7819,0.8987
956,1,9.3,9.2518,-0.232
957,4,10.4,9.4384,0.377
958,3,12.7,7.9361,-1.9053
959,3,10.7,7.6397,-2.8229
960,3,11.9,9.4993,1.4499
961,4,12.4,8.1945,-1.2268
962,1,10.4,7.9073,-1.121
963,2,12,9.5909,0.3176
964,4,13,8.5146,-0.2923
965,3,13,8.9875,-0.0912
966,1,11.1,8.8441,-0.3569
967,2,11.6,7.8392,-2.5917
968,3,13.3,9.4279,0.3537
969,4,10.6,8.372,-0.7229
970,1,11.6,8.4062,-1.0981
971,3,11.5,8.5192,-1.0009
972,4,16.3,10.0853,2.3264
973,3,11.8,8.98,-0.4612
974,3,14,9.6438,1.8039
975,2,12,9.8665,1.7526
976,4,11.4,8.2213,-0.5024
977,2,12.6,9.5509,0.47
978,4,15.6,8.6706,-0.9501
979,2,10.2,8.3002,-1.0085
980,1,13.4,9.7659,1.6694
981,4,13.1,10.2351,1.7996
982,3,9.6,8.7286,-1.6821
983,3,13.9,9.1397,-0.1585
984,1,12.2,8.874,0.2557
985,2,11.1,9.0413,-0.4725
986,3,12.6,10.0344,0.3732
987,2,13.4,10.0701,1.0822
988,2,13.1,9.3987,0.8236
989,1,10.4,7.977,-0.9026
990,3,13.6,9.317,0.5444
991,1,11.4,8.921,1.0733
992,2,12.7,9.0242,-0.6439
993,3,12.8,8.616,-0.9548
994,3,14.1,9.962,1.7809
995,3,12.3,9.4907,-0.0209
996,4,13.9,9.956,1.5483
997,1,12.3,8.673,-0.0389
998,3,11.1,7.6764,-1.1731
999,4,11.4,8.4426,-0.849
1000,4,13.7,8.914,-0.6273
1001,2,12.3,9.0495,-0.4112
1002,4,12.1,8.4736,-0.278
1003,3,12.5,8.7048,0.4026
1004,4,13.9,9.184,0.4568
1005,4,12.8,9.2695,-0.4376
1006,4,13.1,10.2064,1.3651
1007,2,10.3,8.8106,-0.5085
1008,3,11.4,9.3767,0.0308
1009,1,12.3,9.4638,0.4128
1010,2,13,9.2962,0.5235
1011,3,10.4,8.4035,-0.3675
1012,3,13,8.427,-0.5116
1013,2,11.3,7.8073,-1.1239
1014,4,12.4,8.8594,0.3431
1015,3,10.7,8.1422,-1.1184
1016,2,10.9,8.8745,-0.7739
1017,4,14.4,9.7997,1.4649
1018,2,11,8.6709,-0.9551
1019,2,11.9,8.284,-0.3555
1020,1,11.1,9.3896,0.1521
1021,3,10.7,8.841,-0.7311
1022,1,10.5,8.4616,0.2165
1023,2,13,9.0853,-0.6621
1024,4,12.8,8.6561,0.3843
1025,2,11.9,8.5655,-0.2304
1026,1,12.2,8.899,-0.4188
1027,4,12,9.1293,0.1539
1028,1,12.2,8.4788,-0.575
1029,1,11.9,8.9831,-0.3034
1030,1,9.8,8.4557,-1.0029
1031,3,11.1,8.099,-0.2091
1032,1,11.3,9.1862,0.0518
1033,3,11.7,8.7912,0.1209
1034,2,10.8,8.5943,-0.8043
1035,4,13.5,8.9556,0.538
1036,4,10.9,8.1584,-0.7403
1037,1,9.9,8.4496,-1.1206
1038,4,12.9,9.2826,1.0568
1039,2,13.1,10.2812,1.359
1040,1,12.9,10.154,1.7908
1041,4,12.9,8.8012,-0.9072
1042,4,10.1,7.9039,-2.5405
1043,4,13.3,9.5253,0.2241
1044,2,11,8.9742,-1.0558
1045,1,10.9,9.0639,-0.8497
1046,1,8.8,7.7457,-1.3945
1047,3,11,7.8232,-1.0573
1048,3,12.7,9.8227,0.8487
1049,1,13.5,9.2701,-0.3436
1050,1,10.7,7.9168,-0.802
1051,3,10.8,9.8462,0.9688
1052,3,11.5,8.3998,-0.0176
1053,3,13.9,10.2932,1.7865
1054,3,11.8,8.9723,0.129
1055,3,12.8,9.7108,0.3613
1056,2,10.5,10.149,0.6339
1057,2,13.9,8.9972,1.1119
1058,4,11.2,8.3298,-0.7424
1059,3,13.5,9.5606,-0.3501
1060,3,13,7.5624,-0.6485
1061,4,15,8.5573,-0.2328
1062,2,12,8.2854,-0.6484
1063,4,11.1,9.3807,-0.8688
1064,1,9.7,8.0346,-1.2535
1065,1,9.9,8.7238,-0.4458
1066,3,11.7,9.2429,0.7041
1067,2,10.8,8.7069,-0.8064
1068,3,10,8.2293,-0.5964
1069,4,13.4,10.1621,1.1679
1070,3,10.1,7.7324,-2.1193
1071,1,13.1,8.7266,-0.4934
1072,1,10.7,9.2495,0.4965
1073,2,12.6,8.9581,0.5133
1074,2,11.4,9.0005,-0.1125
1075,2,11.4,8.3474,-1.1017
1076,3,12,9.248,0.9794
1077,3,13.8,8.7673,-0.6551
1078,3,10.4,7.6154,-2.151
1079,2,11.3,9.4824,0.0437
1080,1,12,8.3,-1.9755
1081,3,12.8,8.8637,-0.7031
1082,4,12.4,8.9769,-0.3039
1083,3,12.5,8.6394,-0.6695
1084,4,11.2,8.6317,0.3401
1085,2,11,9.638,-0.4788
1086,4,13.8,8.6468,-1.5556
1087,2,11.2,8.8946,-0.1371
1088,3,13,9.8506,0.6595
1089,2,12,8.1789,-0.8458
1090,4,12.1,8.5004,-0.4991
1091,4,12.8,9.5031,0.2042
1092,1,12,8.1518,-0.3007
1093,1,11.8,8.8134,-0.2717
1094,4,13.5,8.7456,0.2211
1095,4,12.5,8.358,-0.5521
1096,3,10.1,9.1607,-0.581
1097,3,14.8,9.4224,1.0236
1098,4,11.9,8.753,-0.16
1099,2,9.6,7.6495,-1.2201
1100,1,11.3,8.9696,0.7321
1101,3,13,9.4783,0.2347
1102,3,12.2,8.1196,-0.5729
1103,2,11.5,9.0499,0.6072
1104,1,12.1,9.831,1.1772
1105,3,12,9.2511,0.8618
1106,3,13.3,8.7391,0.4154
1107,3,12.8,8.3987,-0.8331
1108,1,10.2,8.2071,-0.952
1109,3,13.8,9.5756,0.8893
1110,4,12.6,8.9257,1.1526
1111,1,12.5,8.7318,0.3151
1112,1,11,9.1239,1.0116
1113,2,11.4,9.2232,0.1501
1114,1,9.9,8.6819,-1.5124
1115,3,13,8.546,-0.2019
1116,4,12.1,7.6989,-0.7744
1117,4,12.8,8.724,-0.1017
1118,3,11.3,8.3729,-0.9143
1119,2,13,10.0834,1.5088
1120,1,14.2,9.3492,0.007
1121,1,10,8.2661,-0.0576
1122,1,9.8,8.7386,0.5233
1123,4,11.2,9.2346,-0.0817
1124,2,10.6,7.5544,-1.851
1125,3,10.7,8.7883,-0.0435
1126,3,12.2,9.4106,0.095
1127,1,12,8.3837,0.0858
1128,3,12.7,9.495,0.4811
1129,4,11.6,7.655,-1.8368
1130,4,11.6,8.7677,-0.8356
1131,1,12.9,9.9088,0.6619
1132,4,12,9.5067,0.4948
1133,3,11.5,9.1579,0.1816
1134,4,11.3,8.1288,-0.4714
1135,3,11.7,9.0422,0.7035
1136,1,12.2,9.7448,2.09
1137,2,11.1,8.9917,-0.0078
1138,1,11.8,8.9844,3e-4
1139,2,10.1,8.4673,-0.7071
1140,1,13.3,9.2105,0.3698
1141,2,11.9,10.1233,1.6323
1142,3,14.7,9.6992,1.2286
1143,4,14.1,9.6526,0.8631
1144,2,13,8.6436,-0.0829
1145,3,11.9,8.9542,0.9845
1146,1,12.3,8.997,0.0138
1147,2,12.3,9.1232,1.0164
1148,3,11.7,9.5079,1.1277
1149,2,10.2,8.5391,-1.5171
1150,4,13.1,9.331,0.1804
1151,3,9.6,7.84,-0.9569
1152,1,12.7,8.5298,0.7766
1153,3,12.1,8.6559,-0.4751
1154,3,14.5,9.3213,0.7071
1155,2,12.1,9.0809,-1.0822
1156,3,11.5,8.2764,-1.6219
1157,1,10.3,8.5829,-0.5695
1158,1,11.2,9.5688,1.0298
1159,1,11.6,9.4663,0.9948
1160,1,10.5,8.4013,-1.2562
1161,1,12.5,8.9955,0.8045
1162,2,13.2,10.2041,0.2828
1163,1,10.9,9.2549,0.1639
1164,1,11.3,8.2154,-1.1169
1165,2,12.9,9.1004,-0.1812
1166,1,11.1,8.4356,-0.8395
1167,2,10.9,8.2908,-1.0958
1168,2,12.9,9.1955,0.0189
1169,1,9.8,7.7534,-1.8205
1170,4,12.2,9.0776,-0.4266
1171,2,11.7,8.981,0.0487
1172,3,10.3,7.6117,-1.7908
1173,3,12.8,8.8018,-0.4574
1174,4,12.5,9.2128,0.2688
1175,4,11.4,8.2081,-0.4439
1176,2,11.2,8.3605,0.075
1177,1,10.6,8.5463,-0.1219
1178,2,10.7,8.5233,-1.2132
1179,3,10.8,7.9947,-1.6914
1180,4,14.6,10.1168,1.1367
1181,1,9.4,8.3287,-0.588
1182,3,13.7,8.8857,-0.2695
1183,4,13.2,8.9191,0.3213
1184,4,12.8,9.6437,0.6315
1185,2,12.6,10.044,1.7142
1186,1,11.8,9.1848,0.6699
1187,4,12.9,8.9381,-0.2118
1188,2,13.9,10.1855,1.3092
1189,4,12.4,9.3942,0.5914
1190,4,11.3,9.133,-0.2058
1191,4,14.3,9.758,0.3396
1192,4,10.8,7.0159,-1.9913
1193,2,12.6,8.7703,0.9846
1194,3,13.9,8.3412,-0.3646
1195,3,12.8,9.0628,0.4364
1196,3,14.3,9.5331,0.9817
1197,1,12.9,9.4541,1.005
1198,4,12.1,8.4303,-0.9411
1199,1,9.9,8.2739,-0.6006
1200,2,9.1,8.1114,-1.7369
1201,2,12.4,8.8266,0.09
1202,4,12.1,8.7614,-0.3413
1203,4,10.9,8.5598,-0.6003
1204,4,12.3,9.8882,1.7633
1205,3,12.2,9.0775,1.025
1206,3,10.8,9.6024,0.1671
1207,3,11.9,8.4558,-0.5936
1208,1,11.5,9.1767,0.0674
1209,3,12,9.8132,1.5422
1210,1,12.2,9.2767,0.1503
1211,1,11.1,9.2905,0.657
1212,3,14.8,9.5881,0.8896
1213,1,10.6,9.1486,-0.6142
1214,4,11.3,8.7414,-0.4139
1215,3,10.5,8.326,-0.8571
1216,1,12.6,9.6124,1.5586
1217,3,12,8.7999,-0.3688
1218,4,12,8.9409,-1.1267
1219,1,10.5,9.1744,0.5508
1220,3,12.6,8.9034,0.2729
1221,4,11.5,8.0274,-2.1106
1222,2,13.4,8.7838,-1.0346
1223,1,10,8.4072,-1.1707
1224,1,8.5,7.4152,-1.8815
1225,2,11.7,8.7737,-1.1053
1226,2,10,7.918,-1.1313
1227,3,13.1,8.907,0.5218
1228,3,12.9,9.6205,1.0699
1229,2,9.1,8.1495,-1.2694
1230,1,14.7,9.5937,1.5363
1231,3,11.8,9.6755,0.4894
1232,1,13.1,10.4596,2.3377
1233,3,12.2,9.3678,0.2458
1234,4,10.8,7.6079,-1.6973
1235,2,9.8,7.9599,-2.1311
1236,1,11.7,8.114,0.2995
1237,3,11.1,7.1383,-1.7467
1238,2,10,8.2506,-0.8827
1239,2,12.3,8.9255,-0.1667
1240,1,11.7,9.2276,0.4246
1241,4,13.4,10.6202,1.038
1242,1,10.7,9.7593,1.1756
1243,4,13.4,8.5081,-0.6228
1244,4,13.8,9.1345,-0.2352
1245,3,14.6,10.2535,1.5997
1246,1,10.9,8.4759,-0.5075
1247,4,14.6,9.3362,0.9094
1248,2,10.5,8.6179,0.2246
1249,4,12.3,8.9638,-0.4294
1250,3,13,8.7371,-0.9147
1251,2,9.8,7.8677,-1.5182
1252,1,10.7,8.8045,-0.7814
1253,2,12.4,9.4988,0.0774
1254,3,11.9,9.3406,0.5218
1255,2,12.4,7.5947,-0.5408
1256,1,11.2,8.4397,-0.3827
1257,2,10.9,7.6504,-0.8609
1258,1,12.2,9.6099,1.1559
1259,1,12.6,9.5912,1.36
1260,1,13.4,9.0596,0.2662
1261,3,12.2,8.1642,-0.1237
1262,4,12.2,9.3497,0.1468
1263,1,11.8,9.4782,0.6135
1264,4,12.6,8.7656,-0.2981
1265,1,12.4,9.301,0.7529
1266,3,12.4,9.3836,1.0777
1267,4,10.3,9.3359,-0.0709
1268,2,11.1,8.3774,0.0822
1269,2,12.4,8.4927,0.1515
1270,3,11.5,9.0697,-0.7179
1271,3,12,8.2614,-1.3631
1272,3,12.8,9.855,1.493
1273,3,14.4,9.5954,1.5026
1274,3,12.4,8.8056,0.7588
1275,3,10.6,8.5125,-0.4357
1276,1,11.2,10.2443,1.6809
1277,2,12.2,8.8255,-0.0011
1278,1,10.5,8.8819,0.4586
1279,1,12,9.3379,0.5258
1280,2,11.3,9.116,0.0234
1281,3,13.1,8.6662,-0.2198
1282,4,13.9,9.6674,0.7029
1283,2,10.1,9.1142,1.0332
1284,2,11.4,8.8135,-0.0169
1285,2,10.8,8.3757,-0.846
1286,4,13.5,9.6562,0.441
1287,1,10.2,8.9175,-0.4089
1288,3,11.8,10.2557,1.9339
1289,4,12.2,9.0281,-0.5156
1290,1,10.7,8.4722,-0.016
1291,1,11.9,7.7209,-1.1127
1292,1,11.4,9.1877,-0.4016
1293,3,11.5,8.9204,-0.63
1294,2,11.9,8.7258,-0.9829
1295,3,14,9.6006,0.9981
1296,4,13.7,9.5183,0.956
1297,1,10.2,8.2581,-0.9362
1298,3,10.5,8.6979,-1.2342
1299,4,15.1,9.1302,0.6945
1300,2,12.7,9.8858,1.0287
1301,1,12.6,9.6339,0.204
1302,1,10,8.3391,-1.1388
1303,2,13.7,10.1831,2.2334
1304,2,13.7,8.6033,-0.3485
1305,3,12.1,9.1986,1.0319
1306,3,9.9,7.6236,-1.2047
1307,1,9.5,8.0389,-1.3338
1308,4,11.4,8.7873,-1.3471
1309,3,12.7,8.9081,-0.0131
1310,1,8.9,8.5908,-0.8194
1311,4,11.8,8.8915,-0.0888
1312,1,11.4,8.8718,-0.3299
1313,1,12.7,9.7978,0.3528
1314,4,15.4,9.189,0.831
1315,2,13.6,9.0272,0.1049
1316,2,13.6,9.1235,-0.1412
1317,1,11.8,9.3247,0.4504
1318,2,12.3,9.3618,0.3904
1319,1,12,8.2702,0.3153
1320,3,10.3,8.6459,-0.6555
1321,1,10.8,9.7145,1.0999
1322,3,13.4,9.1081,0.4896
1323,3,14.1,9.7357,0.2151
1324,4,12.7,7.2701,-2.0983
1325,4,14.7,9.8804,1.3685
1326,3,11.7,8.8243,-0.2024
1327,1,10.6,9.1507,-0.7417
1328,2,13.7,9.6677,2.5455
1329,1,14.5,9.0779,1.213
1330,4,10.8,8.1858,-0.5968
1331,2,10.9,8.9226,-0.742
1332,3,12.9,8.9921,0.3964
1333,4,14.3,9.5947,0.3678
1334,1,11.3,8.7816,-0.0613
1335,2,12.7,8.9521,0.1781
1336,3,12.7,9.3981,1.08
1337,2,11.4,8.6545,-1.2115
1338,3,12.1,9.837,1.0343
1339,2,10.8,9.0131,0.3566
1340,3,14.9,9.3141,1.0765
1341,1,9.2,8.8012,0.087
1342,3,11,7.7486,-1.5889
1343,2,12,9.3224,0.2856
1344,4,13.8,9.2404,0.26
1345,4,12,8.9058,-0.4328
1346,4,13,8.2835,0.4532
1347,4,15.4,9.4042,0.1546
1348,1,12.3,9.0589,-0.0446
1349,4,13.1,9.4413,0.555
1350,4,12.1,8.3073,-1.3464
1351,2,12.2,9.5355,1.9974
1352,4,10,8.2183,-0.4461
1353,4,11.2,8.2367,-0.7375
1354,3,11.3,8.2578,-1.5168
1355,3,11.1,9.0309,0.4579
1356,2,12.8,9.5091,0.6735
1357,2,8.6,7.8052,-1.9262
1358,1,11.7,9.2391,0.1578
1359,3,11.6,9.1041,-0.7027
1360,2,10.6,8.1813,-0.7557
1361,4,13,10.0615,0.9207
1362,4,14.1,9.4712,0.0745
1363,4,9.5,8.1696,-1.7376
1364,2,10.8,8.6011,0.6701
1365,3,12.3,8.6447,-0.092
1366,2,10.9,9.2756,0.2623
1367,4,11.5,8.4812,-0.2353
1368,4,11.9,9.5794,0.4858
1369,1,12.1,9.2161,-0.3948
1370,4,13.5,9.0207,-0.1602
1371,2,12.8,8.7185,-0.4526
1372,2,12.7,9.0173,-0.315
1373,1,11.4,8.7855,0.115
1374,3,11.5,8.6521,-0.8557
1375,4,11.9,8.5175,0.7729
1376,4,11.5,8.7079,-0.1722
1377,2,12.5,10.1222,0.2977
1378,2,12.2,9.4584,0.402
1379,4,10.7,9.3035,-0.7995
1380,4,13.1,9.2421,-0.2816
1381,4,10.8,7.9169,-0.1702
1382,4,13.3,9.9455,-0.2915
1383,1,11.5,8.222,-1.3301
1384,4,12.2,8.6944,-1.0726
1385,2,11.8,8.8054,-1.304
1386,4,10.9,8.9043,-0.5451
1387,2,10.5,7.9995,-2.1507
1388,4,14.5,9.8107,1.1996
1389,1,12.3,8.8378,-0.8344
1390,3,10.7,8.9721,-0.6555
1391,4,11.5,9.5189,-0.2329
1392,4,12.8,9.4893,0.1501
1393,3,12.2,7.9808,-1.6595
1394,1,10.4,8.3654,-0.9795
1395,2,11.6,8.4344,-0.7263
1396,1,8.5,8.0012,-0.7683
1397,3,12.6,9.6721,0.0943
1398,1,10.7,9.5847,0.4454
1399,2,10.6,7.4386,-2.3326
1400,4,13.3,9.0892,0.303
1401,1,11.5,9.2422,0.7077
1402,1,9.4,7.4769,-1.1788
1403,1,12,8.8034,-0.046
1404,2,11.4,7.9413,-1.1568
1405,1,10.6,8.4512,-1.4732
1406,3,10.7,9.4933,0.4833
1407,3,13.9,8.6472,0.0798
1408,1,12.8,10.0924,2.141
1409,2,11.9,8.7,0.117
1410,2,12,9.0662,-0.1027
1411,3,12.7,8.6227,0.5487
1412,4,10.8,8.6352,0.3741
1413,3,11.5,9.433,0.4463
1414,2,11.4,9.4905,0.7961
1415,4,15,9.773,1.3304
1416,1,11.1,8.296,-1.5283
1417,4,12.6,9.1567,-0.3429
1418,4,12.8,8.7188,-0.0239
1419,4,11.4,8.9597,-0.6367
1420,2,13.1,9.4136,0.8231
1421,2,11.3,7.9044,-1.6937
1422,2,10.2,7.0757,-3.4407
1423,2,10.8,8.808,-0.0027
1424,4,12.1,9.1567,0.8567
1425,3,13.6,8.9998,1.1059
1426,3,13.5,7.8485,-0.4962
1427,2,15.6,9.9701,1.8342
1428,3,12,9.9631,-0.0432
1429,1,11.9,8.2684,-0.1483
1430,3,11.3,8.5516,-0.0782
1431,1,10.2,8.8458,0.3093
1432,2,10.2,7.55,-1.4161
1433,4,12.3,9.634,1.5146
1434,3,11.5,7.9099,-0.4033
1435,3,11.5,8.8333,0.1357
1436,4,13.4,9.511,1.6398
1437,4,12.2,9.1855,0.6985
1438,2,12.9,9.6144,0.5496
1439,2,11.9,8.6636,-0.1819
1440,3,13.3,8.9623,0.4554
1441,4,15,8.7988,0.1024
1442,4,11.9,8.5416,0.7343
1443,2,10.6,8.7425,0.0335
1444,3,15.4,10.2151,2.2588
1445,2,12.1,9.2684,0.1349
1446,4,13.4,9.7606,1.8091
1447,2,11.2,10.0751,1.1516
1448,4,11.9,8.2157,-0.6667
1449,2,11.4,8.6963,-0.4824
1450,4,12,9.527,0.9281
1451,3,10.9,10.0048,-0.2331
1452,4,11.7,9.1207,0.9631
1453,1,11.5,8.9894,-0.479
1454,4,14.2,9.2849,0.505
1455,4,12,8.8043,-0.0867
1456,2,9.6,9.044,-0.4082
1457,4,12.8,8.9206,-0.9771
1458,4,11.7,8.9135,0.3169
1459,1,10.8,7.6812,-1.6574
1460,3,14.2,10.3639,1.6712
1461,3,13.3,8.7874,-0.7805
1462,4,15.2,9.5915,1.3727
1463,3,12.4,8.3727,-1.0986
1464,4,12.8,8.9916,-0.1384
1465,4,14.1,8.8966,-0.2092
1466,2,14.6,9.0493,-0.6004
1467,4,13.6,10.3904,2.7125
1468,2,12,8.5976,-0.7166
1469,4,14.1,9.684,1.4308
1470,1,9.7,7.5872,-1.8139
1471,2,12.1,9.1203,-0.2917
1472,1,11.1,9.5767,0.3389
1473,1,10,8.488,0.0834
1474,1,10.9,9.509,0.9017
1475,1,10.7,8.2346,-0.8406
1476,4,11.1,9.1154,-0.3319
1477,1,12.4,10.4935,1.5767
1478,2,11.6,9.0192,1.0259
1479,3,14.3,9.4506,0.7228
1480,2,11.1,8.6781,-0.4361
1481,4,12.9,9.5861,-0.0374
1482,2,12,8.1582,-1.0446
1483,1,12.4,8.5229,0.5202
1484,1,12.8,9.6211,0.6065
1485,3,12.1,8.7042,-1.2538
1486,1,12.5,8.7072,0.1556
1487,4,11.7,8.5762,0.6593
1488,4,12.8,9.6688,0.0251
1489,4,12.2,8.7363,-0.7193
1490,2,12.6,9.3476,0.6889
1491,1,13.1,9.2016,1.3682
1492,4,13.2,9.3319,0.067
1493,2,10,8.3593,-0.9588
1494,4,14,8.8298,-0.5728
1495,4,12.6,9.1071,0.5337
1496,3,11.5,8.4279,-0.5761
1497,2,9.4,6.9784,-1.5266
1498,4,12.6,8.7536,0.1087
1499,2,12.7,8.8152,0.0402
1500,4,15.4,9.1125,1.0932
1501,2,11.8,9.4748,0.5505
1502,3,13.8,9.1396,0.3083
1503,3,13.9,10.2358,1.7557
1504,1,12.6,9.1004,-0.325
1505,4,9.2,7.239,-1.5023
1506,3,12.7,8.6245,0.2238
1507,2,11.2,8.2373,-1.1319
1508,3,11.8,8.1081,-0.9007
1509,1,11.5,10.0737,1.253
1510,4,12.1,8.6465,-0.1738
1511,4,14,10.215,0.7038
1512,2,10.1,8.026,-1.1245
1513,1,11.7,9.7471,0.9355
1514,4,13.5,9.6835,0.4334
1515,1,11.9,8.9483,0.6386
1516,3,11.6,8.8207,-1.206
1517,3,13.2,9.4003,-0.5088
1518,1,13.3,9.5472,0.738
1519,1,10.7,8.815,-1.1954
1520,3,11.3,8.5747,-0.9023
1521,3,13,9.2086,0.1912
1522,4,12.6,8.4487,0.1534
1523,4,12,8.9065,-0.1112
1524,2,14.2,9.9214,1.7761
1525,1,13.2,9.8696,0.8141
1526,2,9.2,8.8122,-0.5945
1527,2,12.9,9.5381,0.3523
1528,3,12.1,8.8089,-0.4341
1529,2,9.6,7.0524,-2.6183
1530,2,12.5,9.0111,-0.0406
1531,1,13.8,9.2626,1.0629
1532,2,10.6,8.3671,-1.0854
1533,1,12.9,9.836,0.6531
1534,3,14.5,9.3551,0.9041
1535,2,14,9.4433,0.8322
1536,3,11.5,8.5013,-0.5878
1537,3,11.4,8.5809,0.2596
1538,1,12.5,8.7096,0.7763
1539,2,11.1,8.4873,0.3745
1540,3,14.1,8.9679,0.492
1541,3,11.3,7.5894,-1.636
1542,1,10.9,8.5297,-0.9852
1543,4,10.9,8.6168,-1.1267
1544,1,11.3,8.8717,0.0233
1545,3,9.5,9.2025,-1.1549
1546,4,13.2,9.5131,1.5319
1547,4,11.2,8.8947,0.0973
1548,2,12.2,10.7829,1.379
1549,2,10.9,8.377,-0.4167
1550,1,12.8,9.063,0.4487
1551,2,12.3,9.8449,1.1881
1552,1,10.7,8.4694,-0.5121
1553,1,12.3,8.1627,0.1423
1554,2,11,8.7269,-0.2234
1555,4,11.4,8.0055,-1.4935
1556,3,12.6,10.3393,1.8946
1557,4,11.4,7.6328,-1.1952
1558,2,11.8,8.5423,-0.369
1559,4,13.5,8.5432,-0.9093
1560,2,14.2,9.5339,0.2604
1561,4,14.9,9.3121,1.286
1562,2,11.4,8.0817,-0.6106
1563,1,11,8.6164,-0.7611
1564,2,11.3,8.3048,-0.6273
1565,2,10.8,8.4972,-0.7951
1566,2,12.6,9.674,1.2168
1567,2,11.6,9.4129,0.6421
1568,4,13.8,9.2933,-0.2842
1569,4,12.5,9.0833,0.3518
1570,3,14.4,9.8397,1.6266
1571,2,12.5,8.7473,0.9559
1572,3,13.1,8.8402,-0.0021
1573,4,14.2,9.1954,0.0367
1574,1,10.2,7.8644,-1.7627
1575,1,12.6,8.775,0.1413
1576,1,13,9.6515,0.283
1577,3,13.3,9.6023,1.2481
1578,4,14,9.8565,1.2061
1579,3,11.8,9.3102,-0.2487
1580,4,13.2,10.378,0.6686
1581,3,13.6,9.3817,-0.2311
1582,4,10.3,7.8829,-1.5873
1583,4,15.6,11.2748,3.8138
1584,2,11.7,9.6592,1.2003
1585,1,10.4,7.5414,-0.4157
1586,4,13.7,8.9224,0.2013
1587,4,12.8,9.0902,-0.2398
1588,2,12.1,9.2571,0.8974
1589,3,12.5,8.4115,-0.6474
1590,1,9.5,7.2453,-1.5911
1591,3,12.6,9.5929,0.0417
1592,3,11.7,8.7467,-1.3153
1593,4,14.5,9.0574,0.3897
1594,2,11.4,8.209,-0.3575
1595,3,11.1,8.6918,-0.6594
1596,4,12.4,8.5577,0.2941
1597,3,11.8,9.0226,0.1968
1598,2,13.4,9.2531,0.6307
1599,4,12.3,8.5064,-1.1157
1600,3,11.5,9.3622,0.7023
1601,2,11.9,8.3003,-0.6525
1602,2,12,8.9691,-0.3857
1603,3,14,8.5952,0.4628
1604,4,13,8.8789,-0.0045
1605,2,11.8,9.4469,0.1034
1606,1,12.2,9.4826,0.9383
1607,4,12.5,8.7217,-0.9388
1608,1,10.2,8.9906,0.3106
1609,3,10,8.5236,-0.5673
1610,1,11.3,8.8974,0.2693
1611,2,12.4,9.18,0.4512
1612,1,12.1,10.1327,1.3739
1613,4,13.4,11.0603,2.1703
1614,4,10.9,8.8725,-0.5268
1615,4,9.7,9.1121,-0.9026
1616,2,11.6,8.6037,0.3844
1617,3,13.8,10.0615,1.4568
1618,1,12.4,9.669,0.4748
1619,4,13.7,9.3676,1.4239
1620,2,11.1,9.4172,0.8618
1621,1,12.4,9.0417,-0.5174
1622,4,12.4,8.5558,-0.6128
1623,1,10.5,7.6814,-1.29
1624,4,12.9,8.5516,-1.1854
1625,3,10,7.5272,-2.2449
1626,4,13.4,9.1162,0.335
1627,1,10.9,9.1114,-0.2893
1628,2,11.4,8.3868,0.2518
1629,2,9.4,8.53,-0.3918
1630,2,13.2,10.293,1.1179
1631,4,11.2,9.0411,0.1415
1632,2,10.2,8.5021,-0.3469
1633,1,9.8,7.9704,-0.4059
1634,4,11.4,8.6679,-0.0195
1635,2,10.4,7.9693,-1.7194
1636,2,10.2,8.2844,0.1952
1637,3,9.5,7.4792,-1.5037
1638,3,12.2,9.0214,-0.174
1639,2,10.7,8.5914,-0.496
1640,1,13.4,8.8521,0.4104
1641,1,12.8,8.5851,-1.2316
1642,4,14.5,9.9098,1.4641
1643,1,11.3,8.1186,0.3424
1644,2,12.2,8.3995,-0.893
1645,3,13.4,10.3602,0.9717
1646,1,10.1,8.6051,-1.0844
1647,3,12.8,9.8269,0.6237
1648,1,10.2,9.0429,-0.0481
1649,4,12.1,8.6649,1.0627
1650,1,10.9,8.8503,0.5763
1651,3,11.5,9.273,-0.6922
1652,1,13.9,9.6032,0.6075
1653,1,9.8,8.9467,-0.2217
1654,3,11.4,8.8541,0.3395
1655,3,11.6,8.9117,-0.3155
1656,4,11,7.8833,-0.8891
1657,1,10.7,8.4596,-1.0263
1658,1,12,9.4237,0.5786
1659,2,11.4,8.7905,-0.1987
1660,2,12.9,9.2448,0.6572
1661,3,11.9,10.2974,1.2675
1662,4,13.7,8.9844,-0.588
1663,2,12.8,9.719,0.2725
1664,2,13.6,9.462,1.8428
1665,3,9.8,7.5188,-1.8977
1666,2,11.2,8.7961,-0.0721
1667,3,13.2,9.3579,1.565
1668,2,12.2,9.2025,0.7133
1669,1,10.3,8.6227,-1.1308
1670,4,13.3,9.5829,0.3466
1671,3,12.6,8.9523,-0.8909
1672,2,12.9,9.3708,-0.0831
1673,4,11.8,9.319,0.4057
1674,3,13.3,9.0455,0.5416
1675,1,12.9,9.1794,0.8938
1676,1,10.2,8.7686,-0.2596
1677,4,12.6,9.2142,0.1005
1678,4,11.8,8.1987,-0.4681
1679,2,13.3,9.3025,0.6644
1680,2,9.3,8.4895,0.0103
1681,3,10,7.9436,-1.8823
1682,1,9.5,7.9335,-1.3008
1683,4,13.1,9.7105,0.6322
1684,3,12.2,8.3365,-0.3947
1685,4,12.5,8.5079,-0.2272
1686,4,13.4,8.7362,0.057
1687,2,10.8,8.7103,0.3856
1688,3,11.8,9.1809,0.2782
1689,1,13.4,9.25,0.5882
1690,3,11.8,9.278,0.6146
1691,4,15.8,10.4622,2.2917
1692,1,9.9,9.9286,-0.5712
1693,2,10.5,9.194,0.2024
1694,3,12.1,8.3645,0.6367
1695,4,11.2,8.1365,-1.5906
1696,2,13.6,9.4936,1.3643
1697,1,9.6,8.4842,-2.1884
1698,1,10.7,9.4889,-0.2576
1699,2,11.6,8.6707,-0.4145
1700,1,12.4,9.7259,1.8341
1701,4,9.3,8.3188,-1.4598
1702,3,13.6,9.9985,1.2155
1703,1,10.1,7.6714,-1.2851
1704,3,10.4,7.9669,-0.9875
1705,3,13.6,9.1917,1.196
1706,2,13.7,9.4619,0.2153
1707,4,11.6,9.3326,-0.5711
1708,3,10.1,8.4138,-0.7238
1709,3,13.2,10.2466,0.6984
1710,3,11.9,8.1513,-0.7846
1711,1,14.1,10.6328,1.8594
1712,1,11.7,9.9349,1.0434
1713,3,13,10.0369,0.469
1714,2,14,10.6274,3.1708
1715,2,10,8.0319,-0.4333
1716,1,11,8.4458,-0.8814
1717,1,12.6,9.3964,-0.1086
1718,2,11.5,8.7936,0.2827
1719,2,14.1,8.9976,0.4575
1720,1,10.4,8.1338,-0.1672
1721,2,13.7,9.5921,1.4269
1722,4,11.8,8.1265,-1.7578
1723,4,11.4,8.9307,-1.0352
1724,4,11.5,8.1121,-0.6071
1725,2,11.2,8.6137,-1.1512
1726,1,11.2,9.0576,-0.5934
1727,3,11,9.2824,0.0272
1728,1,13.5,9.3732,0.6259
1729,2,10.8,8.9859000000000009,-0.2562
1730,1,10.8,9.237,-0.6242
1731,4,14,8.688,-1.1063
1732,4,11.4,8.2825,-1.7359
1733,4,14.5,9.5458,0.2165
1734,2,13.9,8.7182,0.0215
1735,1,9.8,7.5208,-2.1922
1736,4,14.5,8.8636,0.8516
1737,2,11.3,8.1596,-0.9135
1738,3,12.6,9.1485,1.1895
1739,2,11.5,8.6752,-0.187
1740,1,9.7,8.6812,-0.1181
1741,4,12.1,10.2193,1.3973
1742,3,10.6,8.0549,-1.5051
1743,4,13.8,9.0768,0.3285
1744,1,10.3,9.2948,0.0974
1745,2,11.1,7.8943,-0.9673
1746,1,11.1,8.3196,-0.9236
1747,1,12.3,8.0412,-1.2358
1748,4,10.7,8.0044,-1.3168
1749,2,12,9.2349,-0.1822
1750,1,11.1,8.2992,-0.4099
1751,4,13.1,8.489,0.6907
1752,1,14,10.3854,0.8055
1753,1,12.7,8.6662,-0.2208
1754,3,11.4,9.2621,-0.8712
1755,4,10.9,8.5184,-1.042
1756,4,7.9,6.4679,-2.9389
1757,1,16,11.6642,3.2415
1758,3,13.2,9.6247,0.9066
1759,1,12.1,8.373,0.2576
1760,2,11.8,9.0739,0.4522
1761,3,10.7,7.7084,-1.101
1762,4,10.6,8.8375,-0.4137
1763,2,12.7,8.931,0.393
1764,1,12,8.9402,0.405
1765,3,12.7,9.0976,0.2484
1766,2,10.8,7.9242,-1.3314
1767,2,12.3,9.7805,0.6833
1768,4,11.8,9.0877,-0.4508
1769,4,12.8,8.5186,-0.1171
1770,4,13.8,9.5387,1.2466
1771,2,11.2,9.7461,0.0409
1772,4,10.6,8.536,-1.5651
1773,1,11.4,8.6276,-0.9256
1774,2,10.1,7.6248,-1.7879
1775,4,12.8,9.5265,1.2527
1776,2,13.8,9.326,1.2044
1777,4,15,10.8877,2.5755
1778,1,11.7,9.2156,0.2201
1779,3,11.6,8.4829,-0.3664
1780,3,13.4,8.9683,0.362
1781,2,9.6,8.242,-1.544
1782,2,11.7,9.7149,1.2312
1783,1,11.2,8.4906,-1.3886
1784,3,12.2,8.6086,-0.4546
1785,1,11.8,9.5916,1.5827
1786,2,10.3,8.6155,-1.2817
1787,4,13.5,8.6785,-0.014
1788,3,13,9.4758,-0.589
1789,4,13.2,9.26,0.9048
1790,2,13,8.9148,-0.0408
1791,3,10.7,8.4119,0.0544
1792,2,13.2,8.9928,0.5443
1793,3,12.5,8.7538,0.7499
1794,3,11.3,7.9942,-0.0115
1795,3,12.1,8.9327,0.0849
1796,3,12.2,8.8803,0.2946
1797,2,12.8,9.2716,0.0501
1798,2,10.4,8.1666,-1.6138
1799,1,13.3,9.3686,0.6864
1800,4,11.3,7.9412,-1.0613
1801,1,12.1,9.3692,0.775
1802,3,10.6,8.7078,-0.1295
1803,4,13.2,9.7727,0.4766
1804,3,10,8.6446,-1.1659
1805,3,11.1,8.9942,-1.0795
1806,1,11.8,9.2937,-0.0502
1807,2,11.7,8.9173,0.6097
1808,1,10.8,7.9774,-1.679
1809,1,11.7,9.0443,0.9063
1810,1,10,8.569,0.4226
1811,2,10,7.952,-1.3959
1812,4,12.4,8.4734,-1.2068
1813,4,14.7,9.3102,1.1161
1814,4,11.2,8.3985,-0.3423
1815,3,12.3,9.4752,-0.1156
1816,2,13,8.8847,0.5925
1817,3,12.2,9.5215,0.3259
1818,4,13.8,8.3797,-0.5838
1819,2,11.6,8.4326,-0.6006
1820,1,10.7,8.6516,0.039
1821,4,12.9,8.665,0.4458
1822,1,10.2,7.7557,-0.7354
1823,1,13.4,9.2233,0.8909
1824,3,12.9,9.6529,0.3393
1825,2,13.5,10.8036,1.5523
1826,4,12.7,8.7373,-0.2907
1827,1,11.7,8.8979,1.2361
1828,3,11.4,10.0255,0.542
1829,3,14.3,9.7498,0.8198
1830,1,14.2,9.8135,1.4461
1831,3,12.2,7.5927,-1.1132
1832,4,14,8.7503,-0.0938
1833,1,11.1,8.4794,-0.4442
1834,1,12.3,10.0932,1.3403
1835,2,11,8.8876,-0.4771
1836,1,11.6,8.3211,-0.2537
1837,4,9.6,7.3396,-2.4666
1838,1,11.3,8.2022,-0.7501
1839,3,14.6,10.3521,1.7461
1840,1,12.9,9.2133,0.3861
1841,4,11.1,7.8153,-2.7055
1842,4,12.1,9.0193,0.8516
1843,1,9.5,8.3837,-0.7363
1844,3,12.6,8.8895,-0.2617
1845,2,12,8.6359,0.0106
1846,4,10.2,9.1561,-0.286
1847,1,13,8.1876,0.0965
1848,3,9.9,7.967,-1.3946
1849,4,12,7.7977,-0.6746
1850,4,11.2,9.0605,0.8902
1851,4,12.8,9.6929,0.1237
1852,2,11.7,8.6737,-1.3259
1853,2,12.3,9.5953,0.7493
1854,2,11.6,8.8963,-0.3853
1855,1,12.5,9.3975,0.2755
1856,1,12.5,9.5728,0.575
1857,4,12.6,8.1994,-1.0547
1858,4,12.6,9.8116,0.8073
1859,1,13.2,9.8806,0.263
1860,4,14.7,10.2118,1.5472
1861,4,10.1,7.7911,-1.8436
1862,4,13.2,8.2115,-0.7724
1863,4,15.1,10.0963,1.8275
1864,3,11.8,9.2859,-0.3942
1865,4,12,8.4972,0.0611
1866,4,12.5,8.6708,-0.5977
1867,1,12.2,8.816,-0.4734
1868,3,12.2,9.3676,1.0117
1869,4,14.2,10.2494,1.0654
1870,4,12.1,8.6782,-1.0666
1871,4,12.6,9.3268,0.4205
1872,1,10.8,8.4119,0.3819
1873,4,12.4,7.6813,-1.6481
1874,4,15,9.6404,0.9544
1875,2,10.4,9.0409,-0.5504
1876,2,11.9,9.8632,0.0925
1877,4,11.1,8.9023,-1.0245
1878,3,12.8,8.8599,0.9987
1879,4,11.7,8.7157,-0.8551
1880,2,15.2,11.4392,3.7572
1881,1,12.5,9.8423,2.1421
1882,2,12.8,10.5966,1.8158
1883,1,11,8.2929,-0.8722
1884,1,9.7,8.5769,0.0644
1885,1,10.5,9.1714,0.0132
1886,2,11.8,9.0827,0.2653
1887,1,12.4,9.0299,-0.0747
1888,1,9.7,8.9187,-0.5605
1889,1,13.6,10.1848,1.7099
1890,1,12.2,9.3738,0.2413
1891,1,12.8,9.3312,0.3773
1892,1,11.5,9.0529,-0.3408
1893,3,12.5,8.9941,0.7358
1894,4,12.3,8.6673,-1.3304
1895,2,11,8.6022,-0.3562
1896,4,11.6,7.9507,-0.9447
1897,4,13.5,9.1925,0.8018
1898,1,11.2,9.4537,0.2048
1899,2,10.2,8.1243,-1.8993
1900,4,11.9,7.3928,-1.5232
1901,2,11.6,10.0428,0.788
1902,2,8.9,8.4858,-0.9664
1903,2,11.2,8.4528,-0.1375
1904,3,12.1,9.5653,0.1451
1905,3,13.4,9.072,-0.2014
1906,2,11,8.9178,0.9833
1907,2,12.6,8.8427,-0.8468
1908,2,11.7,8.2741,-1.789
1909,4,10.7,8.5532,-0.6733
1910,4,12.7,8.5044,-0.6835
1911,4,10.5,8.3121,-0.3314
1912,3,10.7,8.0915,-1.2652
1913,1,10.6,7.7254,-0.6418
1914,3,12.2,8.5286,-0.429
1915,1,10.6,8.2542,-1.4155
1916,1,11.9,8.4868,-0.8483
1917,3,14.9,9.788,1.1429
1918,4,14.3,8.4933,-1.0597
1919,4,12.8,9.0646,0.0491
1920,3,11.8,8.9955,-0.522
1921,3,12.6,8.9934,0.3444
1922,4,13.4,8.9446,0.6551
1923,4,13,9.124,0.1355
1924,3,10.9,8.2577,-1.5558
1925,3,11.3,8.2903,-0.0867
1926,2,10.3,8.4269,-0.602
1927,1,13.6,10.7919,2.5916
1928,4,15.3,10.0426,1.2946
1929,1,11,9.5358,0.275
1930,2,10.9,8.9603,0.7412
1931,2,12.8,8.5858,-0.2781
1932,3,12.2,9.623,0.0283
1933,2,9.8,8.2766,-0.3985
1934,1,9,8.4017,-2.2677
1935,3,12.9,9.3964,0.0032
1936,4,12.1,9.6563,-0.1155
1937,4,13.3,9.5995,1.0027
1938,2,12,9.2869,0.2537
1939,1,9.5,7.753,-1.4993
1940,2,12.6,8.4809,0.1953
1941,4,13.4,9.1887,0.2075
1942,2,12.7,8.5058,-0.8606
1943,1,12.6,9.6501,0.4085
1944,1,11.9,9.3994,-0.0777
1945,3,11.9,8.595,-0.5347
1946,2,11.9,9.4489,0.9633
1947,3,12.5,9.1465,0.2612
1948,3,13.1,8.3971,-1.0932
1949,1,11.4,9.1078,0.0744
1950,3,12.4,9.4001,0.837
1951,3,11.7,8.7953,-0.4826
1952,2,12.3,8.7259,-0.8311
1953,2,14.5,9.4924,1.1215
1954,3,13.2,8.961,0.1318
1955,2,11.1,9.0251,-0.2536
1956,4,11.1,7.6451,-0.7879
1957,2,12.2,9.0983,-0.9011
1958,2,10,8.5415,-0.0927
1959,2,10.9,7.6768,-1.7802
1960,2,12.6,9.8018,0.3677
1961,2,12.1,9.3021,1.0289
1962,4,10.4,7.784,-1.2587
1963,3,12.3,9.3161,-0.1766
1964,4,13.2,9.723,1.2537
1965,3,11.7,8.923,-1.3097
1966,4,11.4,9.236,-0.5762
1967,4,12.6,9.6255,-0.1933
1968,4,11.5,9.2975,0.7841
1969,2,13.5,8.689,-0.1216
1970,1,12.6,9.2812,1.1028
1971,3,13,8.9273,0.6499
1972,1,11,9.0288,0.46
1973,2,15.2,10.7273,1.174
1974,1,13.7,9.2802,0.4428
1975,4,10.5,8.3844,-0.4865
1976,1,12.7,9.5301,1.3144
1977,3,14.6,9.3305,0.9902
1978,2,11.9,9.882,0.3711
1979,4,10.9,8.5849,-0.5623
1980,3,13.3,9.553,0.3405
1981,2,11.9,8.5004,-1.044
1982,2,13.6,9.402,0.2611
1983,1,10.5,9.5375,-0.008
1984,4,12.5,8.9941,-1.0139
1985,1,12.7,9.3593,0.6834
1986,1,12.6,8.5251,-0.831
1987,4,14.5,9.5584,0.7376
1988,2,11.7,8.0744,-0.7612
1989,3,12,9.2896,0.7079
1990,4,8.8,8.2441,-1.7932
1991,2,11.8,8.4255,-1.1946
1992,3,12.2,8.8936,-1.0814
1993,2,12.5,9.2943,1.015
1994,2,12.6,9.4905,0.5316
1995,3,12.8,9.2293,-0.2775
1996,3,12.7,9.3497,-0.2378
1997,4,11.2,8.5509,-1.2524
1998,2,13.4,9.876,1.1236
1999,3,12.4,10.1693,0.9282
2000,2,11.2,8.5843,-0.7712
