ph,dureza_mg_l,solidos_disueltos_ppm,cloraminas_ppm,sulfatos_mg_l,conductividad_us_cm,carbono_organico_ppm,trihalometanos_ug_l,turbidez_ntu,potable
5.59,191.1,22720,9.98,313.7,435.6,12.81,33.4,3.83,no
6.34,175.2,27408,8.93,279,529.6,9.74,44.8,3.84,si
8.04,220.6,11398,6.98,288.5,234,17.25,101.2,4.11,no
6.16,185.9,25524,10.48,384.2,486.9,19.12,64.1,4.26,no
7.26,165.2,23984,4,283.5,442.5,16.62,84.5,4.56,no
6.45,197.2,22462,5.23,302.6,423.3,11.61,64.8,3.71,si
6.78,141.5,26823,6.1,342.6,525.5,14.17,69.2,2.63,no
7.53,163.4,16121,6.3,381.1,349.8,12.45,57.9,4.49,si
7.96,221.7,15676,7.43,366.7,318.7,9.61,64,3.08,no
7.63,169.5,26810,4.74,NA,481.2,15.76,47.5,3.22,no
4.59,235.3,37611,5.78,324.4,730.9,16.44,53.8,4.21,si
5.51,165.6,20537,7.16,291.9,390.6,14.77,74.2,4.14,si
6.24,175.8,23590,7.55,312.3,400,16.47,72.6,3.03,no
6.63,226.3,33015,6.3,404.1,615.5,6.94,50.7,3.27,no
8.94,197.9,15823,7.41,307.8,317.7,8.58,57.2,4.84,no
5.76,215.9,8732,4.77,366.8,217.9,19.56,80.1,4.09,no
8.78,208.7,32032,10.5,326.6,584.5,16.9,81.5,4.28,no
8.79,191.6,19044,7.07,309.7,369,8.6,89.3,3.07,no
4.72,179.2,23511,7.78,325.4,452.5,16.19,81.4,4.21,no
8.99,197.7,21500,7.32,352.3,415.2,16.28,76.8,4.28,no
6.42,209.4,30474,8.87,312,564.5,12.73,71.4,3.76,si
8.52,145.6,43616,4.25,396.5,811.8,9.48,91.1,3.72,no
5.74,214.3,21225,7.9,295.5,441.3,10.38,98,4.82,no
8.31,181.7,9574,7.53,361.1,133.9,16.92,76.7,2.93,si
8.41,183,24315,6.62,316.1,447.5,19.3,43.5,3.62,no
4.17,202.1,32607,3.58,377.8,621.7,12.35,63.9,4.21,no
8.74,265.2,27809,10.56,315.1,519,12.19,68.9,3.82,no
5.52,177.4,20086,9.19,324.7,383.3,16.69,78.9,4.01,no
6.81,199.9,17887,7.08,359.3,338.2,14.14,56.4,4.62,si
6.82,180.8,8398,6.91,376.1,166.6,10.41,46,3.28,si
6.1,167.1,19846,7.12,346.7,394.6,7.6,57.8,3.77,si
7.57,179.4,20649,10.11,342,379.5,12.77,68,4.35,no
9.38,108.3,26260,6.26,335.4,458.6,12.53,89.3,4.4,no
8.12,274.3,18567,6.9,365,348.9,11.08,38.1,3.92,si
7.67,173.6,30415,7.83,305,588.2,16.62,95.8,4.2,no
9.24,209.5,588,6.06,288.5,20.1,12.53,60.6,3.57,no
4.23,205.7,27288,7.85,296.1,503.5,13.5,43,3.71,no
6.34,211.1,17923,6.71,340,310.9,14.08,74.5,3.46,si
6.86,226.5,11760,5.64,NA,202,11.58,44.7,4.38,si
5.26,217,29722,7.47,366,582.2,12.2,65.6,2.74,no
5.77,200.6,22490,5.14,321.3,430.3,16.09,68.9,4.09,no
6.51,169.8,35912,9.23,285.2,607.4,16.24,63.6,3.64,si
4.05,131.9,16109,7.44,345.2,313.3,14.72,53,2.39,no
6.31,183.4,-7704,7.18,400.7,-127.6,13.17,90.9,4.24,no
8.66,136.9,31655,4.5,339.6,574.8,9.5,86.5,4.23,no
7.88,183.1,10462,9.68,418.9,218.3,10.85,39.8,4.48,no
7.32,213.5,33683,6.58,329,667.1,18.79,48,4.54,si
4.6,214.7,-4,5.84,NA,67.7,15.87,84,4.37,si
5.65,176.7,26459,9.01,NA,477.4,14.14,66,5.08,no
7.34,175.7,17561,8.92,349.3,338.3,16.47,89.5,6.11,no
6.42,177,22401,3.62,265.5,414.7,14.38,89.4,4.65,no
6.26,171.7,14821,7.33,329.2,271.4,11.37,36.4,4.66,no
8.96,173,16527,7.56,341,335.7,14.62,74.3,3.63,no
6.67,182.5,34735,9.59,358,640.8,17.37,53.8,4.18,no
10.56,237.7,23952,8.41,267.8,435.6,16.24,59.5,4.5,no
6.88,189.9,31690,7.83,373,631,11.11,56.7,3.36,no
7.52,145.7,30949,8.1,337.6,589.8,13.58,77.9,3.34,no
8.41,185.3,11990,8.64,301.1,270.1,14.29,72.1,3.75,no
6.66,181.3,15363,7.57,350.7,336.5,10.91,43.2,4.11,no
9.12,237.9,8446,4.54,330.4,176.3,12.6,51.3,4.06,si
7.4,215.5,14788,5.86,308.5,330.1,10.78,80.9,3.77,si
8.03,255.4,26258,6.88,316.5,508.6,16.32,88.7,4.31,no
7.37,256.2,19791,7.59,278.5,375.2,12.17,55.3,1.76,no
NA,175.8,19371,10.06,309.6,390.1,17.55,63.9,4.87,si
6.65,219.7,25460,6.33,351.1,443.2,15.01,79.7,4.18,si
9.09,160.3,20888,8.15,295.6,376.3,11.71,40.9,2.43,no
8.02,175.3,21984,7.94,324,388.2,13.55,62.9,2.54,no
6.31,242.9,19196,5.93,NA,364.2,18.35,75,5.4,no
7.58,201.4,35869,7.08,367.8,679.5,7.74,28.3,3.45,no
9.29,143.7,32475,6.62,297.2,614.8,14.73,74.1,5.81,no
6.23,244,26713,5.44,332.1,521.6,17.41,77.2,3.95,si
7.09,279.6,32966,7.14,269.2,633.8,13.14,72.5,4.16,si
4.64,226.3,30953,7.08,422.2,603.2,17.39,73.3,3.98,no
5.72,165.6,30016,6.19,377.6,592.4,13.49,50.8,3.27,si
8.04,218.5,21395,7.22,328.3,386.1,15.36,81.3,4.99,no
6.68,183.4,16781,8.82,329.4,295.9,14.12,109.5,4.44,no
8.82,170.5,30065,4.82,334.2,548.6,13.94,63.7,2.59,no
4.68,200.8,39550,8.75,305.6,757.8,11.82,35.3,3.34,no
5.41,179.6,42548,8.69,277.9,778.5,17.86,67.7,2.84,no
8.76,183,20194,6.73,305.6,391.4,7.76,62.7,4.78,no
6.57,177.4,20703,8.15,301.2,392.1,17.66,51.4,4.39,no
10.27,187.3,28532,5.59,269.7,483.4,16.19,70.4,4.56,no
9.01,205.4,33134,5.66,381.3,644.8,20.75,81.8,2.77,no
8.64,159,9295,5.03,332,195.4,15.83,67.9,5.43,no
8.15,156.7,29419,7.17,403,547.1,17.12,76.3,3.99,no
8.16,161.4,42637,5.99,325.1,853.2,13.85,32.3,4.44,no
6.12,160.7,24612,7.02,319,492.5,14.79,49.2,4.59,no
7.37,216.3,25565,5.81,338.7,483.1,15.77,54.4,4.93,no
6.34,234.5,16509,9.05,313.6,297.8,12.17,75.2,4.37,si
8.24,213.6,20692,7.36,457.8,384.2,10.78,57,4.48,no
6.88,149.3,13902,4.35,372.4,261.1,14.32,32.1,3.96,si
9.84,240.5,24814,6.96,293.5,480.7,19.95,36.8,3.32,no
7.55,163.3,8520,8.3,272.7,158.9,14.9,51.9,3.87,si
7.45,162.2,28420,8.64,212.5,537.1,14.45,84.6,4.72,si
5.06,195.6,-3525,9.79,382.5,-58.2,11.79,102.9,5.56,no
6.32,191.5,35216,6.31,333.1,678.1,19.16,76.4,4.47,no
8.27,179.4,32739,6.1,300.5,617.9,16.77,39.6,3.82,si
6.18,226.8,26592,7.77,330.7,516.1,16.13,33.3,4.48,si
6.03,156.1,33060,7.74,368.2,608.3,14.73,64.4,4.15,si
7.06,182.9,26036,5.73,295.6,490.1,7.66,83,4.76,no
7.34,163.2,26081,4.62,337.8,491.4,12.62,30.8,2.37,no
6.08,219.1,29253,7.51,299.8,565.9,13.88,68.3,3.29,si
6.65,235,28481,5.62,296.1,547.7,12.84,70.6,3.91,si
6.49,144.5,22622,6.81,NA,454.9,13.12,78.1,3.56,si
7.99,212.5,27980,5.75,NA,525.7,14.87,75.3,3.19,no
7.82,197.2,21583,6.8,NA,428.8,17.85,49.9,3.91,si
6.79,204.9,38520,9.29,351,712.1,11.84,72.3,5.07,si
4.61,192.8,20032,3.31,333.5,373.2,12.75,80.7,3.44,no
6.44,180.6,17615,8.93,NA,355.8,15.77,52.3,4.84,no
7.2,186.4,24759,7.38,283.3,465.5,11.97,61.7,2.73,no
7.5,182.8,30152,7.79,358,563.6,18.19,79.9,4.17,no
7.28,205.9,21160,8.29,360.9,448.6,13.45,52.4,2.91,no
5.35,258.1,28369,6.18,320.7,523,12.25,56.1,3.29,no
6.56,236.4,22003,6.34,300.8,446.7,13.44,51.2,2.7,no
4.21,214.8,24705,7.51,318.6,446,19.49,92.5,4.38,no
6.76,179.4,14715,8.22,365.9,264.7,11.85,61.1,3.36,si
4.91,196.8,21477,7.35,328.9,386.1,16.66,54.7,4.15,si
5.44,179.7,22609,5.55,312.7,397.5,17.98,78.2,3.26,no
6.78,206.2,28766,8.29,393.3,536.5,8.79,54.7,3.47,si
8.99,179.7,19943,6.71,236.4,399.7,6.81,65.1,5.27,no
7.12,228.6,18885,6.81,NA,374.5,12.66,102.2,3.44,no
7.8,239.5,31113,6.83,302.2,629.8,14.68,78.7,5.36,no
7.9,215.8,32254,7.52,380.9,588.5,10.41,66.7,3.44,no
7.43,244.3,9584,7.77,393,179.8,18.91,54.3,5.01,no
NA,183.8,15680,5.81,305.5,311.1,8.25,31.4,3.45,no
8.32,191.5,19942,6.99,298,335.6,16.81,69.5,3.14,no
7.14,216.5,35543,9.93,302.3,660,12.75,57.1,4.2,si
6.77,178.5,33823,6.3,296.6,634.6,12.49,61,4.59,si
6.39,240.6,36520,10.5,280.3,705.8,15.39,82,4.35,si
10.4,232.5,25767,6.17,332.8,478.4,20.42,56.2,2.58,no
11.21,176.2,22399,9.56,281.6,394.2,17.19,55.9,4.32,no
6.56,196.1,35990,6.69,399.7,622.7,8.25,68.2,3.69,si
7.83,139.5,24660,9.56,351.4,489.2,16.92,41.5,3.79,si
7.29,160.9,20832,7.41,409.5,364.3,13.82,47.7,4.33,no
6.13,146.3,15510,6.2,NA,308.2,11.6,70.5,3.6,si
6.47,207.2,21937,5.73,269.1,442,7.28,87.7,4.9,no
6.88,167.2,24908,9.49,307.4,478.2,13.68,70,3.59,si
5.77,180.1,28753,4.85,338.8,528.7,11.84,53.8,3.72,si
3.55,253.1,28653,6.26,379.3,532.6,15.82,90.3,3.63,no
7.11,232.5,17750,5.01,NA,327.8,17.45,56.7,4.55,si
4.82,181.9,25498,8.04,334.7,452.7,18.45,47.9,3.76,no
4.38,213.6,31678,9.48,329.2,630.8,17.7,87.5,2.9,no
8.11,211,23522,7.97,297.6,462.8,17.89,66.3,3.93,no
7.86,154.7,17007,9.65,336.3,350.4,14.03,74,3.68,si
9.76,168.4,10856,8.21,NA,182.5,11.92,66.4,2.86,no
5.72,204,23044,7.26,366.7,467.5,10.92,56.8,5.07,no
9.59,202.3,13006,11.32,289.7,211.1,21.17,65,2.49,no
8.36,184.9,18791,6.41,NA,358.6,16.55,70.5,2.87,no
6.38,211.8,34126,5.21,321.7,627.1,13.54,64.7,3.53,si
7.54,199.5,13713,8.52,320,255.9,15.87,86.7,2.34,no
7.23,140.3,27354,6.14,386.9,549.3,15.99,48.1,3.49,no
5.67,211.4,24909,7.15,333,480.4,15.01,65.7,3.59,si
7.14,193.2,20134,6.81,318.4,397.8,18.08,45.9,3.33,no
7.01,208.6,50745,4.23,302.8,961.1,10.44,45.4,5.23,no
5.78,167.7,11954,5.13,325.1,184.8,21.57,56.6,3.09,si
7.27,184.7,36804,9.03,329.7,690.6,6.95,48.8,3.53,no
7.22,186.6,12011,6.82,355.5,223.1,11.98,71,4.15,si
8.72,151.6,38009,6.54,307.4,723.6,8.95,83.4,5.22,no
7.12,95.2,9443,6.99,325.7,207.5,15.64,76.3,4.54,si
10.12,198,37921,7.89,NA,752.4,15.17,43.7,3.47,no
6.75,148.7,18075,7.35,304.9,394.2,19.53,99.7,3.97,no
6.88,184.8,26884,6.41,325.3,547,11.95,64.2,3.47,si
7,214.1,32154,6.46,329.1,590.3,15.37,79.8,3.68,si
7.86,214.5,13390,5.83,370.3,242.4,12.8,63.9,3.73,si
5.67,140.5,20211,5.61,381.1,334.1,15.9,71.7,4.32,no
7.75,158.9,42115,5.48,345.3,822.8,9.5,60.3,5.25,si
4.69,182,10675,5.66,433.1,165,7.91,62.2,2.61,no
4.36,178.2,10611,7.92,347.8,155.9,15.52,62.3,4.29,no
7.7,168.4,15146,7.14,432.8,240.1,14,70.4,5.19,no
10.2,162,21896,4.17,353.9,388.4,14.49,82.4,3.5,no
5.13,166.3,23371,8.01,339.8,450.8,13.65,81.3,5.04,no
5.64,242.5,29550,7.07,331.1,533.6,20.85,72.6,3.62,si
9.08,197.5,19596,6.3,237.3,372,15.53,78.8,3.23,no
9.7,190.7,27079,7.59,377.9,525.4,11.38,82.7,3.33,no
NA,133.2,22833,7.18,337.1,450.5,13.54,71.3,4.53,no
6.66,270.5,27210,5.69,376.2,541.2,14.63,60,4.34,si
7.47,193.1,23878,7.84,NA,460.7,21.57,71.3,4.19,si
7.66,186.2,45207,7.46,366.9,833.5,13.79,59.3,3.8,si
8.81,215.1,16872,5.31,389.8,321,22.13,66.2,3.47,no
5.16,163.5,11864,9.16,329.6,237.3,13.37,72.6,3.91,no
5.9,209.2,37684,5.99,250.6,734.1,14.02,71,4.48,si
6.28,223.7,3628,8.17,346.2,64.2,11.61,49,3.38,si
8.07,153.8,30147,5.39,379.7,573.2,20.42,91.6,2.53,no
4.89,131.9,17373,8.82,359.2,337,16.03,72.6,3.53,no
5.76,145.1,17834,7.15,373.5,353.4,11.17,67.1,4.3,no
9,192,20484,5.69,289.5,363.2,16.29,57.8,4.12,no
3.44,235.4,19108,7.56,387,359,10.57,87.6,4.42,no
9.19,139.9,6106,9.01,287.4,142.1,14.44,64.8,3.08,no
6.98,166.6,21043,8.91,276.2,410.4,13.4,94.1,2.74,no
6.06,218.2,31353,7.08,290.5,661.2,21.96,40.6,2.85,no
5.77,187.1,24080,7.29,318.6,499.5,10.25,78.3,4.01,si
7.16,186.7,31338,7.67,295.2,594.3,12.26,71.6,4.5,si
9.96,221.1,38423,5.41,291.2,728.5,12.99,52.5,3.77,no
5.87,214.7,25482,7.8,273.7,504.1,12.78,63,3.58,si
5.76,198.3,29665,7.85,404.7,539.2,14.77,98.9,5.27,no
8.47,196.7,34540,8.17,240.6,660.3,9.64,75,3.27,si
7.56,226.3,23759,8.58,379.9,428.4,13.97,71.5,4.92,si
6.95,177.6,20683,6.32,358.1,391.2,13.59,53.1,5.84,no
8,232.6,19752,7.05,383.2,368.6,9.2,89.6,3.46,no
6.54,221,21054,7.64,308.6,384.6,16.56,53.3,3.49,si
7.63,180.8,18805,5.62,276.4,382.1,5.33,53.4,3.1,si
8.7,173.4,15206,6.68,360.5,296.8,9.93,79.9,4.61,no
7.54,197.6,16822,5.12,393.9,282.3,7.29,49.7,3.35,no
7.07,193.3,21562,4.64,364.4,442,10.31,71,5.36,no
6.24,188,24005,7.44,302.6,425.1,8.6,27.9,3.4,no
9.31,156.2,21140,5.36,309,350,14.84,53.4,4.29,si
NA,225.2,21083,6.95,355.7,414.1,14.07,87.4,3.04,no
6.54,122.9,20750,8.28,253,391,14.15,75.6,2.13,no
8.12,208.9,12013,6.59,293.7,214.3,17.55,96.6,4.42,no
5.57,157.7,17687,7.53,282.6,321.1,18.05,53,2.64,no
6.85,153,22558,6.22,326.4,457.3,14.95,67.5,3.03,si
6.69,196,13815,5.3,290.2,267.2,11.02,70.2,3.58,si
5.62,218.3,35155,8.1,323.2,652.9,10.53,43.7,3.63,no
7.33,197.4,35631,9.2,338.5,709,17.67,57.4,4.05,si
5.57,271.4,7886,5,378.2,187.3,16.78,69.3,1.93,no
7.32,268,36439,5.73,371,689.7,19.06,60.2,4.47,si
5.93,133.9,40673,7.56,412,778.4,15.66,73.7,4.51,no
7.7,199.1,7433,10.75,361.2,130.7,12.48,83,4.89,no
5.85,147.3,18094,6.33,249.2,363.7,15.55,61.3,3.19,si
7.81,161.4,19905,5.36,260.5,388.7,14.44,72.3,4.54,no
6.02,177.8,39700,6.68,347.1,767,20.91,58.1,3.54,no
6.33,200.3,21171,6.74,341.5,395.4,11.42,70.6,4.45,si
7.62,173,19997,6.76,387.9,365.1,20,31.1,2.1,no
6.38,203.7,18610,4.91,311,368.8,19.4,57.5,4.89,si
7.46,179.7,23074,5.19,329.9,410.4,18.17,93.9,4.94,no
NA,175.4,25519,8.01,335.8,478.2,15.11,65.4,3.69,no
6.44,163,25047,5.38,428.8,412.2,1.96,85.8,4.53,no
6.83,224.9,27859,5.4,441.4,498,18.2,95.1,2.9,no
9.77,245.8,17915,6.01,228.9,334.7,12.98,72.4,3.42,no
6.49,233.1,33940,8.91,227.1,648.2,10.44,28.4,5.1,si
7.2,213.7,27504,8.57,413.3,497.2,16.66,75.4,3.63,si
7.12,182.6,11592,8.48,325.4,151.9,13.51,73.9,1.84,no
7.53,155.9,8407,8.84,315.3,195.6,10.39,78.1,4.94,no
7.02,201.4,19118,7.37,408.7,347.2,16.29,72.9,3.5,si
7.3,170.7,25883,7.64,267.3,506.2,12.69,57.6,4.64,si
7.85,187,28066,8.86,372.2,547.1,16.13,68.9,5.64,no
9.81,195.6,18645,8.99,327,376.2,15.25,70.9,4.35,no
NA,213.9,15558,4.83,384.2,321.2,14.65,79,2.69,no
5.94,233.8,24495,6.76,297.1,479.7,13.5,45.4,4.2,si
6.79,140.7,26058,8.27,262.6,560,13.88,48,4.88,si
7.76,233.8,26927,7.04,399.3,507,13.19,75.3,3.1,si
7.37,162.5,18312,9.57,284.6,373.7,12.26,98.5,2,no
7.42,192.1,30227,7.43,307.4,579.9,17.69,83.6,3.7,no
8.82,220.9,17120,8.68,420.6,347.6,13.84,58.4,3.93,si
7.42,163.1,35940,8.73,329.8,658.3,14.02,76.4,4.12,si
5.1,241.2,12588,7.11,340.5,229.7,12.79,48.9,4.56,si
6.8,196.8,9180,5.91,402.8,186.9,10.52,74.7,5.03,no
5.57,222,22024,8.92,271,437.6,14.94,68.3,3.04,no
11.6,185.9,35870,10.74,308.5,685,14.14,47.1,3.94,no
NA,113.7,21539,4.52,365.6,375.1,8.24,79.4,4.54,no
5.42,249,19105,9.41,293.7,299.6,16.37,70.2,4.25,si
6.11,162.3,23573,6.53,381.7,500.7,12.24,75.2,4.15,si
6.2,206.9,29411,8.78,301,554.5,18.96,64,2.61,si
6.56,195.4,14583,6.17,NA,294.1,20.07,73.5,4.07,si
7.53,204.1,11535,3.89,356.5,221.6,13.6,76,4.14,si
6.42,194.7,26168,5.23,338.9,505.6,12.79,53.3,4.22,si
5.59,326.2,9531,7.87,364.1,222.6,11.29,68.4,4.2,si
5.58,192,20909,5.92,276.6,401.5,12.6,64.9,5.47,no
8.19,196.7,38435,5.73,415.7,740.9,13.08,82.1,3.71,no
9.28,253.2,9698,6.99,366.8,142.1,19.09,64.1,3.3,no
5.49,225.8,8827,9.08,376.3,159.4,9.92,98.5,4.41,no
10.08,211.4,25326,7.48,425.2,470.6,18.49,74.5,3.81,no
6.07,174.2,23209,8.71,316.1,459.4,20.33,61.9,4.61,si
9.21,177.7,9794,6.68,240.4,199.4,13.84,41.3,3.56,si
7.48,205.7,11636,7.29,327.9,184.4,12.63,67.8,3.51,si
6.2,187.5,20046,7.42,365.1,389.9,11.36,71.1,2.74,no
4.8,156.4,27044,7.56,355.4,522.8,17.3,56.7,3.31,no
7.47,190.4,16722,5.61,310.2,304,8.16,66,4.84,si
5.92,181.2,20921,4.11,382,371.2,11.81,81.8,5.46,no
9.66,198.5,25150,8.72,312.1,500.1,9.73,41.5,7.4,no
8.62,134.3,28517,8.65,343.6,546.6,13.53,66.9,3.97,si
8.14,230.7,24242,4.76,313.3,454.7,10.31,44.9,4.84,si
9.14,197.5,26940,7.2,298.6,478,10.24,87.3,4.44,no
8.48,197.9,43863,8.76,308.3,820.5,12.34,75,3.68,no
4.53,217.7,19070,9.43,256.6,382.2,12.8,70.1,3.28,no
4.76,84.1,15048,6.96,351.9,289.4,11.33,41.7,4.11,no
6.77,184.7,11026,7.84,306,173.5,18.87,75.6,4.48,no
8.13,228,19770,6.21,272.7,399,11.04,49,3.33,si
8.93,210.1,34011,6.16,399.7,638.6,20.29,70.6,3.09,no
5.43,224,20172,5.88,317.5,371.4,13.71,93.7,5.53,no
7.25,206.3,11104,8.59,335.5,217.7,11.31,74.7,5.01,si
6.86,254.7,24613,6.3,328.4,448.6,18.56,45.2,4.42,no
4.8,183.9,8458,4.14,365.9,126.3,9,59,4.5,no
7.28,191.8,18597,6.5,389.5,362,12.88,36.9,4.91,no
8.66,139.4,14616,7.02,402.9,281.1,16.93,54.6,4.1,si
8.71,188.4,32300,6.51,309.7,609.9,18.85,35.1,3.32,no
6.77,148.5,6658,10.42,322.3,111.5,17.84,102.9,3.28,si
5.8,183.1,33824,9.29,327.7,694.9,10.9,69.2,3.98,si
7.34,236.4,7272,8.45,NA,169.9,18.54,80.1,4.27,no
5.17,287.6,25306,6.5,333.3,454.2,14.04,82.4,3.87,si
5.57,192.7,27180,9.36,375.6,508.5,8.89,82.3,4.82,no
5.92,186.1,19925,6.42,NA,389.3,12.35,93.9,3.77,no
6.68,231.5,6437,6.64,293.5,152.3,14.75,62.8,4,si
NA,195.9,24076,5.34,272.7,412.8,16.82,74.7,3.98,no
8.68,212.4,26553,5.98,379,536.9,12.26,60.6,4.23,si
6.71,153.9,23502,7.69,313,450,19.73,75.4,4.3,no
4.36,206.1,9064,3.88,345,139.1,16.15,67.4,4.32,no
6.9,176.7,18375,6.48,387.9,311.3,18.1,79,4.8,no
7.48,171.6,27784,6.69,289.3,512.9,3.61,66.6,4.28,si
6.48,202.3,28513,7.87,335.5,578.6,12.41,72.6,4.45,si
7.05,170.8,18546,6.2,397.6,361.4,17.37,65.3,4.08,si
7.75,209.4,20122,8.45,359.3,369.1,17.7,49.2,3.51,si
6.58,200.6,19797,8.63,NA,367.1,18.75,66,5.28,si
9.32,150.6,6768,7.55,381.9,115.3,17.58,64.9,4.32,no
7.75,160,12743,8.81,410.8,255.8,11.17,72.1,3.05,si
7.34,170.5,26444,8.34,324.8,509.3,14.49,65.3,3.96,si
5.88,199.7,22041,8.37,341.9,419.9,12.16,31.3,4.75,si
7.6,170.4,16336,5.97,304.2,376.4,16.21,67.3,4.97,no
8.2,177.3,35059,10.85,266.6,661.9,16.08,55.6,4.1,si
9.39,193.3,36508,7.85,424.6,718.3,13.9,104.8,3.24,no
6.15,174,28777,7.38,343,541.1,9.63,53.9,3.92,si
6.55,227.2,9266,8.65,203.9,155.4,10.27,72.5,3.4,si
8.46,154,26767,8.23,369.6,499.3,11.54,48.7,4.22,si
6.62,149.4,27783,6.28,300.7,555.6,14.72,83.6,3.75,si
6.83,92.1,20048,6.52,347.4,388.6,12.27,44.9,4.89,no
5.25,204.6,40929,7.71,350.3,811.1,14.44,78.7,4.08,si
NA,245.7,25919,5.22,376.2,458.4,16.48,76,4.94,no
6.58,180.7,29288,8.96,294,531,13.09,73.6,4.56,si
7.93,163.4,22353,8.2,280.2,434.2,11.35,59.4,4.53,si
5.19,208.5,12589,6.79,305.4,246.9,11.3,77.9,3.77,no
9.41,181.7,31479,8.62,346.7,576.3,9.82,53.5,4.41,no
6.55,216.1,32093,5.29,359.3,622.9,14.36,37,3.49,no
8.38,151.1,7092,6.68,354.5,128,14.83,39.1,4.71,no
NA,156,26643,8.71,328.1,470.8,16.63,73.5,5.1,no
5.64,226,16702,5.04,292.1,352.7,12.92,83.7,3.26,si
6.95,199.9,22384,8.43,NA,441.2,12.58,49,3.66,si
5.49,168.8,27657,6.1,323.6,571.7,13.67,69,5.64,no
8.25,226.1,11390,7.86,426.1,209.3,15.72,66.8,3.47,si
4.36,177.8,27562,10.12,309.5,593,11.33,49.8,3.84,no
9.42,207.2,15050,7.41,364.2,277.2,10.75,80.1,5.09,no
6,231.5,27627,8.09,306.4,539.7,12.95,71.1,3.62,si
6.15,177.7,21513,9.33,452.3,376.3,17.23,79.6,3.3,si
7.8,208.7,25581,7.27,340.8,486.9,11.65,60.9,3.37,si
6.68,191.3,8967,7.47,278.3,177.5,12.42,59.2,4.48,si
5.62,212.2,31451,3.59,337.9,599.7,14.38,80.4,3.8,si
5.04,224,17168,6.85,418.9,319.3,8.51,88.2,4.28,no
5.72,209.7,14243,6.63,378.9,281.6,19.12,80.7,5.27,no
7.54,201.6,26532,7.32,332.1,462.9,16.59,65.4,3.35,si
6.56,162.1,38966,7.65,390.4,778.3,10.02,62.5,4.09,si
8.04,167.2,24713,10.08,302.1,478.5,12.59,30.5,4.41,no
7.68,224.8,25637,9.43,399.8,509,13.11,94.1,5.14,no
8,185.8,18759,8.86,340.4,373,11.27,51.8,5,no
7.64,203.6,15349,7.5,333,312.5,11.41,70.3,4.09,si
6.77,214,35961,8.8,307.8,644,15.31,50.6,4.11,si
6.25,158.9,12319,9.5,366.6,202,18.02,48.1,4.49,si
6.66,125.7,3599,7.34,360.2,44.4,14.13,66.7,3.08,no
4.9,197.9,18623,6.66,372.1,333,11.76,78.4,4.47,no
8.07,226.1,29800,5.98,358.9,586.6,14.56,100.4,3.26,no
7.91,209,15277,8.36,270.9,266.5,15.8,69.2,1.73,no
4.51,173.8,25450,3.84,NA,499.7,10.94,82.4,4.44,no
5.1,198.5,38067,10.01,364.5,695.2,14.2,67.4,4.45,no
6.8,207.9,24430,6.92,372.5,417.9,17.16,57.1,3.23,no
5.28,207.1,12021,7.66,353.1,221,10.24,28.6,3.03,no
7.08,176.2,9877,9.14,304.8,158.4,13.35,50.2,4.35,si
6.35,147.3,17625,6.37,284,295,13.08,68.5,4.6,si
6.77,155.4,42248,6.66,326.3,784.6,14.26,54.6,3.42,si
7.11,111.3,19970,6.32,379.3,421.7,14.44,66.4,4.62,si
7.39,206.5,4106,8.23,337.4,77.2,20.35,63.9,4.88,si
7.2,127.9,18062,9.88,367.1,339.5,10.84,50.3,3.79,si
7.42,195.2,13004,6.72,374.3,278,12.29,70.9,4.69,si
8.95,223.6,22219,8.57,NA,391.8,13.18,59.2,3.6,no
9.55,169.5,33496,7.17,390.7,658.4,14.06,93.5,2.74,no
4.05,234.2,18210,8.57,NA,306.9,8.57,93.9,3.61,no
9.04,238.6,24970,7.82,401.3,458.1,11.34,88,3.38,no
5.61,187.6,19154,10.2,324.1,358,14.03,72.5,4.81,no
7,235.9,12696,5.85,340.1,228.6,11.61,64.4,3.28,si
6.86,246.2,13041,5.95,397.3,282.5,15.63,90,5.1,no
8.05,186.1,31421,8.83,346.2,551.7,15.8,50.2,4.29,si
5.17,210.4,28620,4.95,312.6,536.1,9.17,83.1,3.93,no
7.41,208.9,10603,6.01,332.4,209.3,14.37,43.4,3.86,si
6.64,208.6,25885,3.02,296,531.1,16.02,54.5,4.05,si
8.75,210.5,21691,6.24,255.6,391,10.78,54.6,4.46,si
8.64,225.7,11500,6.72,348.2,220.6,12.31,66.1,3.96,si
7.91,211.7,22299,7.57,313.9,420.6,16.19,72,3.47,si
5.86,141.6,35414,6.76,419.6,655.8,17.13,42.3,3.5,no
5.54,225,22599,5.39,280.3,398.1,8.28,97.4,3.03,no
6.84,185.1,29437,7.86,326.9,547.3,13.69,84.3,3.8,si
8.49,144,24820,5.79,NA,463.4,16.86,81.5,3.85,no
5.56,201.6,23306,9.72,303.7,501.9,17.45,60.6,4.15,no
9.3,183.9,38045,7.87,363.7,696.7,13.66,60.1,3.38,no
8.38,209.8,22368,6.13,329.7,446.7,15.36,53.2,2.99,no
9.27,159.9,16911,2.38,355.4,327.1,14.29,73.6,4.35,no
7.31,175.2,12553,4.92,355.1,227.7,12.41,84.2,4.83,no
NA,192.5,35540,9.37,288.3,641.6,13.18,74.5,3.62,no
6.44,226,19811,5.93,371,383.8,18,69,3.51,si
5.34,204.9,16373,7.6,284.4,265.1,13.79,46.1,5.1,no
6.25,238.8,21542,6.98,380.2,426.8,20.28,75.2,3.31,si
8.36,195.3,22044,5.37,275.8,452.2,11.75,57.6,4.42,no
8.93,152.7,14371,4.97,300.7,251.9,16.04,68.4,4.59,no
9.18,187.7,25978,6.61,367.5,505.1,9.79,76.6,3.27,no
5.19,165.9,14213,6.89,348.2,262.9,17.24,78.5,4.24,no
6.33,193.8,9941,8.82,365.3,174.5,17.97,59.7,4.85,si
6.88,216.2,10704,7.66,277.8,197.5,8.39,66.4,4.6,si
6.99,206.3,21097,7.39,352.6,398.7,18.51,53.2,2.5,si
6.79,219.1,6694,8.63,273.6,125.8,15.5,73.7,3.27,si
5.95,175.7,29490,6.91,362.9,557.7,13.72,42.1,4.07,si
8.16,169.9,18351,7.47,313.8,340.5,12.45,70,3.98,si
5.15,157.9,36915,6.1,292.4,766.8,12.02,75.4,4.85,no
NA,145.6,22657,8.54,389.4,421.5,17.69,59.9,3.66,no
7.08,196,13855,5.66,364,263.1,13.91,57.1,3.73,si
4.41,188.7,20822,7.5,334.2,427.8,15.66,53.3,4.04,no
8.59,216.7,28629,7.02,335.5,550.6,19.56,60.8,5.16,si
7.79,226.1,16685,6.75,304.5,307.9,16.27,74.2,3.11,no
7.36,199,21360,3.36,NA,410.5,9.58,80.6,3.46,si
NA,181.1,17541,8.36,352.6,356.1,13.33,64.6,4.09,si
6.92,181.3,21050,11.31,310.5,413.9,17.59,56.5,3.3,si
8.72,217.6,9716,7.28,291.6,179.8,14.93,42.1,3.42,si
8.47,202.7,26731,7.93,335.2,483.2,18.46,64.8,4.64,no
7.36,191.6,20432,6.38,324.7,337.5,15.78,54.2,4.77,si
8.25,195.3,10750,7.22,329.6,192,8.06,69,4.12,no
4.34,244.1,31266,8.27,319.1,573.3,14.05,59.3,3.96,no
7.84,196,23916,7.07,288.4,480,14.93,34,4.1,si
7.16,181.3,6353,7.65,383.9,107.3,11.62,62.1,4.24,si
6.37,188.5,15835,5.55,372.4,283.6,11.14,74.8,3.5,no
7.1,215.4,36282,5.22,370.6,691.6,14.6,69.6,5.14,no
6.93,214.8,34780,5.16,246.5,655.5,14.05,64.4,2.78,si
6.35,175,33213,5.97,255.9,673.1,8.18,72.2,3.7,si
7.77,280.2,31715,5.4,303.2,540.9,12.69,54,3.84,si
6.6,143.8,18599,9.61,415,342.4,11.17,66.9,4.89,no
10.57,254.1,25520,5.76,338.8,420.1,18.29,68.7,2.68,no
6.73,237.1,21598,7.73,293.6,408.4,12.58,83.4,3.65,si
5.7,264.3,19025,5.13,351.4,381.9,11.08,80.2,2.27,no
6.41,214.5,10016,9.3,351.1,194.5,11.02,85.2,3.97,no
7.77,180.4,14356,8.61,376,308.1,12.56,51.5,5.57,no
8.82,174.1,11140,7.41,325.9,250.6,13.76,60,4.07,no
6.82,165.4,28483,8.39,316.4,584,15.52,52.4,4.58,si
8.25,217,21590,7.81,394.5,424.3,11.43,61.3,4.19,si
7.62,197.7,30528,8.08,299.4,650.1,9.68,79.5,3.63,si
9.06,229.6,13719,8.46,NA,205.5,15.87,55.8,4.3,si
6.76,266.5,26408,7.94,NA,499.5,10.29,108.3,4.57,no
7.79,176,28634,7.13,387,513.4,19.89,48.9,4.97,no
8.92,234.8,13452,7.29,325.2,264.5,19.91,78.5,4.58,si
8.58,199.7,27937,6.04,NA,498.1,21.02,116.6,5.69,no
9.07,166.8,21206,7.79,360.5,378.3,14.72,47.9,3.05,no
8.92,152.8,17791,5.94,374.5,369.4,10.04,67.6,4.41,no
10.41,178.6,20423,7.53,302.9,386.3,12.42,40.6,3.73,no
4.67,194.1,17158,4.05,347.4,346.7,12.03,108.1,4.82,no
7.77,192.5,18343,8.86,346.8,389.5,12.38,48.5,4.51,si
5.23,175.3,20253,8.07,399.1,391.5,15.62,76.7,3.15,no
8.13,184.4,14049,5.87,361.8,243,16.41,72.8,4.21,no
9.3,219.5,23181,4.64,296.6,429.6,11.11,50,3.85,no
7.76,224.2,21251,8.22,221.1,383.8,14.76,46.1,5.05,no
7.01,225.3,30368,4.13,367.8,544.3,14.26,71.2,4.84,si
6.91,142.6,27408,7.88,342,466,14.12,55.9,4.25,si
5.56,179.4,15772,8.86,348.9,311,13.25,65.6,4.07,si
5.48,220.5,15304,7.92,297.2,304,19.38,72.7,3.08,si
6.9,201.6,17458,7.84,328.2,335.1,12.69,76.7,4.94,no
7.57,177.5,15133,8.05,254.6,284.4,15.85,61.2,4.88,si
7.07,195.4,20980,9.46,251.1,374.6,17.75,89.5,3.45,no
7.86,182.6,23986,8.18,347.7,405,14.47,55.7,2.92,si
NA,179.9,21158,9.13,452.5,379.5,14.46,86.5,3.64,no
6.56,180.8,36980,9.73,311.3,684.1,20.31,55.6,3.21,si
6.04,187.2,30808,7.88,288.2,573,12.34,55.9,3.07,si
6.84,175.5,11286,6.82,316.3,231.3,11.8,35.5,2.78,no
6.27,225.5,23311,5.94,374.4,434.1,19.31,72.3,4.85,si
5.56,163.5,28901,8.02,380.1,572.1,14.8,65,4.63,no
4.66,250.8,28276,6.02,261.5,539.7,15.7,75.2,4.34,no
NA,200.9,14901,7.3,313.4,302.9,17.9,60.4,4.07,si
4.51,230.2,30221,7.04,NA,527.9,8.34,43.1,4.28,no
6.04,217.3,30654,5.14,346.2,585.4,9,64.4,4.8,si
8.72,145.7,21893,8.08,329.2,448.1,20.91,88.2,4.04,no
9.11,232.1,16354,7.99,390,341.7,16.73,53.9,3.08,no
8.39,161.2,36317,7.67,362.6,725.8,11.18,79.1,4.35,no
4.83,208,22881,5.71,415.9,460.5,11.15,37,4.07,no
4.14,222.3,13874,6.2,NA,299.6,13.47,41,4.27,no
NA,198,23874,8.15,NA,476.8,6.31,57.4,2.22,no
5.46,162,17799,5.04,353.6,345.2,13.7,72.3,3.51,no
6.58,216.1,12107,5.86,379.1,254.9,12.63,61.4,3.82,si
4.59,223.7,15622,5.46,270.6,289.5,8.98,69.4,3.74,no
7.36,119.1,10357,8.15,304.9,186.4,13.68,77.7,3.84,si
4.98,209.3,26305,4.96,288.5,483.8,14.37,80.4,2.97,no
7.89,163,11704,8.13,366.8,222.4,12.64,50.2,4.09,si
6.58,150.2,27798,7.51,341.2,544.1,17.25,80.6,3.31,no
7.37,185.7,20045,6.06,287.6,382.4,18.39,66.8,3.83,si
7.36,110.2,8741,3.71,358,155,19.47,63.3,3.81,si
8.03,177.8,20242,5.79,343.8,399.4,17.23,53.5,3.11,no
5.32,121.4,33689,7,387.8,632.2,14.67,73,3.43,no
6.97,144.1,30893,6.79,351.1,576.9,17.2,74.2,3.15,no
7.87,256.6,21342,6.67,357.9,414.5,10.13,50.9,3.76,si
5.46,157.9,26421,5.5,401.4,473.4,14.45,47.2,4.26,no
7.66,201.8,37930,5.35,313.3,677.9,12.99,57.8,4.76,si
6.13,239.8,18258,4.67,323.4,361.8,15.55,54.3,2.75,si
4.72,179.2,34564,5.72,355.9,654.9,9.96,33.8,5.39,no
9.64,214.8,9917,7.39,362.8,212,13.52,51.1,3.86,no
7.72,193.1,17189,7.57,355.1,314.7,12.7,68.7,4.32,si
5.81,209.6,33874,6.47,304.2,638.6,13.4,83.1,4.75,no
6.73,212,17813,5.97,406.5,373.3,8.39,92.2,3.4,no
5.86,199,32825,9.04,363.3,620.9,16.83,98.1,4.33,no
8.64,182.9,31987,8.34,283.1,645,12.95,71.9,2.31,no
6.84,149.6,11536,3.76,293.6,199.4,16.36,65,3.43,si
6.81,162.8,23676,5.7,306,430.8,16.75,71.8,4.39,si
7.84,183,28299,7.27,346.8,497,8.56,60.7,4.49,si
6.78,200,27802,8.51,355.1,546.1,12.31,59.7,4.07,si
6.89,214.8,27622,7.83,351.2,505.7,23.33,46.6,5.65,no
4.34,194,12795,7.74,435.6,262.5,11.91,47.3,3.59,no
7.05,216,29720,4.81,369,558.8,15.95,78.8,3.92,si
9.59,221.3,5609,6.44,282.6,75.9,15.82,40.4,4.23,si
8.77,264.2,37628,9.62,292.7,713.3,19.18,85.5,3.86,no
6.95,272.3,23011,7.48,414.9,455.7,13.74,28.5,4.3,no
8.94,173.1,20571,4.84,304.3,376.5,15.7,67.4,2.39,no
8.94,163.8,18693,8.85,307.6,362.5,10.91,67.8,2.27,no
6.94,206.7,27336,3.45,330.1,543.8,11.94,36.6,4.64,si
8.54,197,30940,6.44,331,555.2,15.49,56.3,5,no
6.5,160.5,21679,5.61,298.3,399.2,15.18,96,4.4,no
7.35,187.2,25215,8.43,294.3,503.5,14.98,72.6,3.2,no
7.68,247.8,35815,5.51,374.1,670.9,16.13,67.6,4.95,si
8.84,160,19832,8.04,308.4,354.9,12.86,45.9,4.25,si
8.16,173.4,24285,6.73,399.2,434,13.26,76.1,3.92,si
6.76,234.7,35502,9.68,335.9,645.2,15.98,91.9,4.1,no
5.17,136.7,22831,5.02,310.5,455.7,13.42,105.5,4.35,no
8.22,199.9,23888,5.38,393.1,449.7,19.47,77.5,4.41,no
8.19,216.8,1739,8.64,393.3,53.3,17.32,56.2,3.36,si
5.42,189.8,15278,5.72,300.4,296.1,15.61,69.9,3.27,no
7.25,194.1,32381,7.08,311.5,581,16.64,66.9,4.62,si
8.41,218.8,33734,6.27,316.3,666.7,14.55,58.6,4.98,no
8.01,194.7,19074,7.96,311.4,335.6,10.31,71.1,4.06,no
7.95,243.7,20225,5.65,324.3,361.3,21.24,80.1,3.92,si
8.84,173.7,26757,5.87,356.9,530.3,11.57,64.4,4.25,no
7.9,233.5,18533,5.03,290.8,398.1,9.54,86.8,2.65,no
6.8,212.6,24652,5.99,334.6,539.3,14.06,66.1,4.14,si
6.86,172.5,12888,6.02,396.5,259.9,15.03,79.4,3.76,si
9.22,270.6,26189,10.38,310.7,515.6,13.56,60.1,4.31,no
6.49,224.8,19982,10.35,243.9,392.1,14.81,64.3,2.83,si
5.19,239.8,25105,7.29,392.4,452.7,14.8,45,2.79,no
6.1,198.7,17351,6.36,218.7,314.3,15.49,55,3.53,si
7.96,225.5,-4708,6.44,320.5,-57.5,13.89,69.7,3.41,si
6.59,182.7,12611,5.6,363.4,233.7,14.34,67.5,2.45,no
5.52,132.1,25901,9.05,276.4,479.5,5.61,33.2,4.43,no
7.72,159.8,17329,6.98,354,338.8,15.29,71.4,5.41,no
7.03,248.9,26098,7.49,365,466,17.4,74.2,3.29,si
7.78,162.9,27549,11.08,358.7,589.4,5.07,74,3.97,si
6.63,230,26464,7.78,360.8,505.8,18.39,45.3,3.8,no
6.34,205.2,23564,7.94,350.3,438.4,13.65,57.8,4.28,si
5.7,156.4,15616,6.44,385.6,260.8,13.47,79.9,3.51,no
5.71,193.3,16451,9.35,298.1,307.5,17.05,42.1,3.03,si
6.56,232.6,14617,5.69,363.2,309.5,10.74,69.7,5.02,si
4.89,210.8,8126,6.15,378.5,135.1,14.77,38.2,4.23,no
NA,227.3,23088,5.9,328.1,399.9,13.55,64.6,4.6,no
8.01,193.1,17697,6.64,411.4,323,17.2,73.3,3.6,si
4.98,190.1,2803,8.72,NA,39.2,15.12,80.4,5.89,no
9.63,253.9,26041,8.72,284.9,481.2,15.12,78.3,3.26,no
7.89,142.9,21458,4.58,370.8,415.9,19.23,60,3.37,no
9.02,185,20714,7.22,NA,380.6,8.86,81,4.99,no
8.14,146,39310,7.11,NA,725.1,12.71,62.2,3.18,si
5.32,220.8,15956,6.05,265.2,327.1,9.15,78.5,3.88,no
5.7,196.4,29352,6.1,334.5,528.9,18.54,56.1,2.95,si
7.41,200,24434,6.38,211.9,444.5,10.22,39.6,3.3,no
6.29,195.4,24854,8.29,327.8,495.5,16.5,81.1,3.14,no
5.88,208.5,18060,6.57,462.3,367.3,14.39,87.2,4.69,no
8.4,152,8789,8.73,387,125.5,13.44,48.3,4.08,no
5.4,256.7,3204,8.11,352.7,-1.9,11.29,85.3,2.82,no
5.62,131.5,17985,7.86,322,355.1,14.61,72,4.04,si
6.97,208.1,37699,7.2,243.5,720.3,16.7,60.1,3.08,si
6.87,183.3,22414,8.6,335.3,452.9,13.56,76.1,3.84,si
6.22,214.2,22548,6.63,320.9,440.2,8.25,54.1,4.71,no
6.22,185.6,6739,5.65,359.4,142.8,11.95,83.4,4.49,no
9.17,224.6,24489,7.21,364.1,466.1,10.78,79.4,2.76,si
7.96,150.3,26621,7.01,308.2,488.1,9.18,82.3,2.23,no
5.92,192.4,18074,9.4,387.1,366.1,13.55,54.1,3.45,si
5.34,212,16728,7.71,NA,307.4,9.32,72.9,2.67,si
6.75,235.3,32314,7.24,349.5,597.5,17.15,63.4,3.56,si
7.43,184.2,33287,6.03,289.4,631.8,17.03,38.4,4.58,no
NA,219.3,23354,7.2,355.4,451.1,4.21,32.8,3.65,si
6.31,144.9,24915,7.47,245.4,460.8,13.73,43.3,4.51,no
NA,197.5,36891,6.32,333.2,715,10.31,67,3.96,no
5.65,168.1,35027,8.31,297,650.8,15.01,51,3.13,no
5.57,182.2,25869,6.89,311.3,490.6,15.22,54.6,3.95,si
7.34,217.9,21674,5.3,343.1,416.5,16.69,52.1,4.44,si
5.76,219.1,23535,8.46,349.1,484.3,9.76,66.3,5.54,no
5.78,203.7,25504,1.28,305.4,476.1,20.51,81.5,4.95,no
6.35,220,25299,7.97,344.7,420.3,13.37,41.1,4.22,si
8.2,221.1,13721,8.19,376.1,251.3,10.98,69.6,3.93,si
7.21,201.2,17386,7.78,367.6,331.9,13.6,58.9,3.08,no
6.54,162.5,23422,6.21,355.3,465.2,17.28,84.1,3.45,no
8.79,200.5,28303,8.97,374.6,559.7,15.16,48.8,4.42,si
8.24,241.4,22566,5.09,344.1,459.2,20.09,73.3,4.44,no
6.22,190,42730,7.85,316.9,810.7,11.1,73.4,3.73,si
NA,225.8,34382,6.9,416.7,647.5,14.19,64.6,4.25,si
6.56,138,19912,8.89,334.1,404.8,18.39,73.3,3.43,si
6.77,157.8,16654,5.91,300.1,305.6,12.93,73.8,3.93,si
8.58,239.5,25227,8.6,361.3,469.2,15.05,74.6,4.19,si
6.92,230.4,19464,9.49,352.3,364.1,13.77,54.6,3.88,si
7.52,181.1,29980,5.85,394.1,570.4,16.7,76.2,4.64,si
7.58,200.7,36197,7.39,373.8,699.6,12.63,68.2,4.04,si
7.19,203.7,13968,9.16,350.3,274,12.67,70.1,4.07,si
7.96,175.6,13809,7.67,307.6,260.8,20.92,88.7,5.43,no
7.69,177.4,29849,6.55,333.9,591.7,16.73,53.3,5.1,no
9.18,163,31784,5.45,288.8,619.5,12.47,69.8,3.61,no
7.16,205.7,3878,7.95,336.2,107.4,8.92,86.3,5.19,no
8.72,219.3,16214,3.72,316.1,332.6,15.42,83.3,2.29,no
6.84,197.6,21820,5.96,331.8,395.9,11.55,72.3,2.65,no
7.27,144.7,24818,9.65,266.7,448.9,10.61,67.8,3.48,si
8.98,213.7,26972,5.72,414.4,527.2,15.92,83.5,3.21,no
8.91,238.3,24383,6.26,288.8,442.9,12.46,92.1,5.7,no
6.43,176.5,43029,7.44,348.3,815.5,11.45,75.7,3.86,si
8.88,149.3,28513,9.26,343.7,545.7,9,55.8,2.34,no
NA,200,3436,9.39,350.9,32.3,16.16,66.8,4.05,si
7.57,155.9,9740,6.3,287.5,168.7,17.27,72.7,5.05,si
8.08,254.6,35368,9.33,283.9,678.1,14.92,56.2,3.18,no
5.44,178.3,14796,6.82,336.1,282.2,14.59,56.1,3.5,si
9.39,174.3,25270,9.15,286.7,485.9,13.59,69.9,4.96,no
7.96,214.5,24404,8.26,325.7,473.4,17.74,69.8,5.14,si
7.9,175.8,29421,8.11,378.8,527.2,9.91,57.3,3.73,no
10.1,217.8,18518,9.29,328.7,340.6,16.38,23.7,3.81,no
11.44,189.6,3442,8.22,344,93.5,6.83,58.5,4.18,no
7.91,208,15873,6.84,275.4,293.9,10.44,79,3.41,no
7.2,213.6,8342,7.25,292.1,168.9,12.13,62.1,3.77,si
8.27,151,20262,7.04,364.6,409.8,15.32,83.1,4.5,no
NA,233.7,24048,5.57,250,450.9,19.72,74.8,4,si
5.95,189,23913,5.87,380.6,460.8,7.39,59.6,4.4,si
4.82,232.6,14331,6.76,420,252.4,11.53,71.5,4.14,no
4.95,219.8,10346,9.67,375.7,218.3,11.87,75.3,4.22,no
9.43,136.5,26647,4.87,324.5,540.6,17.2,59.9,4.54,no
7.39,163.2,4664,4.12,NA,49.6,12.32,58.7,5.4,no
6.26,166.2,19413,7.74,343.2,340.2,15.25,73.2,5.65,no
6.9,165.1,14002,5.58,NA,262.4,14.39,58.8,3.63,si
5.41,198.4,25760,6.92,315.9,484.2,14.46,77.5,4.11,si
7.42,239.8,20222,5.05,357.4,385.8,7.16,84.8,3.08,no
6.05,196.4,23347,10.1,343.3,467.1,15.75,98.2,4.58,no
8.48,227.6,22804,7.49,288.4,457.5,12.63,36.7,3.69,si
9.89,208,19894,7.41,348.4,303.5,13.15,56,3.46,no
5.75,118.8,28971,5.39,NA,548.6,15.47,53.8,4.01,si
5.4,188,16763,6.07,329.3,304.7,14.97,47.1,2.68,no
7.82,223.9,32655,6.71,401.9,642,10.92,79.9,4.11,no
6.68,232.9,29905,10.01,NA,557,6.37,62.1,4.19,si
8.36,252.6,21189,6.48,334.9,424.3,12.41,97.9,2.62,no
5.69,176.4,23221,6.27,395.4,436.4,14.69,54.9,3.99,no
6.93,171.3,20200,10.24,316.9,381.9,5.96,78.8,4.2,si
6.24,212.3,15802,6.42,320.4,295.4,18.12,74.3,3.94,si
6.5,197.5,-279,6.21,366.5,-13,14.12,77.4,5.93,no
5.66,207,17050,7.14,318.3,320.7,11.02,72.3,1.98,no
10.61,197.8,26551,5.96,294.3,537.6,7.86,82.8,4.82,no
9.68,206.1,24547,8.36,362.2,483.8,8.86,90.4,3.64,no
7.95,229.3,13057,6.81,361.9,259.7,10.9,90.2,4.9,no
5.73,204.6,20895,7.62,349.6,369.8,14.29,62.2,2.72,no
6.01,226.2,25173,8.55,357.9,459.5,12.37,71.6,4.7,si
7.31,226.8,11704,9.04,383.6,251.9,13.05,62.5,3.89,si
5.98,224,27187,6.96,287.1,500.1,11.01,61.3,3.4,si
7.95,179.3,25915,11.41,327.1,521.6,13.19,93.3,4.08,si
8.62,156.8,21460,3.62,440.8,407.4,20.91,60,3.79,no
8.67,208.5,15365,10.69,367.5,332.2,19.2,41,5.17,si
5.82,198.9,18404,5.84,379,369.3,18.71,70.7,4.17,no
7.51,209.3,18813,7.21,371.2,376.9,13.02,80.1,4.62,si
7.36,162.2,18138,8.4,327.7,287.5,12.12,40.3,3.51,si
8,212.9,26396,4.47,387.2,474.6,15.26,55.1,3.51,no
8.51,128.9,43802,4.77,347.3,848.1,16.58,67.8,3.63,no
8.32,250.7,20053,5.58,307.9,435.2,13.16,91.4,2.9,si
6.45,197,8422,6.63,297.8,180.2,13.54,79,4.74,si
7.95,161.1,12824,9.52,333,291.1,17.15,78.5,4.26,si
7.07,251.5,32488,6.44,263.9,611.3,15.41,110,4.33,no
7.92,268.8,14988,8.46,325.5,282.6,18.01,86.5,5.4,no
5.68,166.7,18066,5.43,305.6,315.5,21.68,66.7,4.71,no
7.04,180.3,30315,10.68,309.6,573,8.67,60,3.89,si
6.3,147.6,30416,6.83,319,613.6,19.63,78.2,4.35,no
4.46,168.7,15561,7.96,297.3,292.4,17.12,73.8,3.97,no
7,190.4,31865,9.4,346.2,606,13.41,46.1,3.36,si
6.78,189.8,31814,8.69,379.4,620.3,16.83,37.9,3.4,si
6.86,216.4,39638,4.38,NA,722.8,21.24,58.4,2.78,si
6.26,194.8,42594,5.13,357.3,812.3,16.13,61.5,4.71,no
6.33,228.5,24487,5.69,353.5,422.5,12.18,58.8,4.79,no
6.27,222.2,18150,7.91,334.8,320.9,16.23,96.5,5.17,no
7.86,210.8,15480,8.86,325.2,298.4,11.76,72.9,5.39,no
7.09,231.3,37602,3.83,300.1,684.2,13.48,80.2,5.06,no
6.5,139.3,16951,8.15,313.4,324.5,20.32,68.5,4.18,si
9.04,192.3,20126,8.9,298.6,409.5,13.94,83.9,3.47,no
4.64,159.8,21669,6.95,296.5,416.5,19.29,49.8,4.67,no
4.8,223.4,15794,4.93,304.2,295.1,13.12,40,3.97,no
7.85,198.9,13092,5.31,298,262.6,10.64,76.7,4.86,no
3.02,185.6,13267,9.45,376.2,223.4,14.07,65.5,2.37,no
7.09,113.6,17271,5.15,379.9,322.1,9.2,58.7,4.04,no
7.55,218.2,22709,5.7,281.2,452.4,13.72,85.2,4.05,no
8.31,172.6,6340,7.15,343.4,80.4,13.64,76.1,3.44,si
4.07,213.4,22338,10.14,293.7,468.1,17.85,84.7,4.75,no
6.57,155,25876,7.9,329.6,497.2,10.16,53.6,5.88,no
5.82,170.8,17000,8.13,319.1,278.2,11.19,39.4,3.02,si
6.5,221,17585,8.9,391.9,338.9,12.7,69.8,4.51,si
8.35,202.1,23237,8.55,325.5,446.4,10.64,50.6,4.29,si
4.88,144.4,9764,8.2,326.2,221.2,11.32,116.7,4.1,no
7.24,90,34336,6.16,357.8,678.5,14.85,73.1,3.37,no
5.97,196.6,19559,5.71,284.3,366.9,11.85,68.9,3.45,no
6.83,213.8,18560,6.45,336.6,350.4,15.86,51.2,3.88,si
5.71,183.2,10214,6.47,334.5,197,18,56.8,2.06,no
6.1,148.6,17474,10.55,347.5,340.2,15.82,71.4,4.13,si
4.73,175.8,30385,8.55,270.7,563,15.45,58.1,4.32,no
6.52,228.1,18158,7.72,336.9,339.3,16.77,54.2,5.24,no
6.28,162.2,26006,8.27,240.5,506.8,11.01,64,3.85,si
8.03,194.6,20265,7.14,360.9,357.5,16.5,48,4.17,si
7.75,203.6,1112,5.46,376.6,6,12.14,21.1,4.33,no
8.8,182,36060,8.2,NA,676,12.5,68.1,4.16,si
7.35,179.2,21076,8.25,341.7,454.9,10.79,59.1,3.09,si
4.21,220.2,25390,8.06,384.2,456.1,10.73,78.6,4.56,no
4.74,166.5,20652,6.54,285.2,415.5,13.05,74.3,6.04,no
7.4,165.3,22859,4.84,312.8,410,13.62,82.4,2.77,no
8.01,195.9,31043,4.25,427.5,565.9,18.48,53.8,5.36,no
7.03,164.3,20956,4.22,348.3,429.3,13.25,71.1,3.61,si
6.87,189,29784,4.61,299.9,539.2,11.76,37,2.69,no
8.27,238.6,23676,7.98,420.2,478.3,14.39,57.8,2.2,no
8.02,198.9,-4297,9.64,354.5,-60.7,15.17,59.8,3.65,si
5.72,191.2,38347,6.46,317.7,747.6,13.81,55.1,3.05,no
4.72,224.6,33664,8.27,315.8,612.7,16.06,55,3.31,no
9.08,191.7,32145,3.43,327.5,628.5,15.17,49.7,4.57,si
6.31,188.9,31940,6.13,357.3,544.8,8.71,44.5,4.43,no
6.48,233.2,28102,6.45,277.5,532.2,18.6,77,4.14,si
6.94,200.5,19880,5.89,420.2,406,13.64,84.5,4.29,no
5.91,156,35647,3.34,361.1,679.4,11.2,68.1,3.4,no
5.83,220.7,29816,9.51,303.8,555.7,18.42,68.7,4.14,si
7.02,193.7,13139,10.48,340.2,210.9,16.64,114.7,2.86,no
8.72,230.5,36472,10.31,307.9,681.8,11.12,73.6,4.62,si
7.52,278.9,24196,8.32,276.2,414.5,10.36,33.2,5.3,si
7.66,205,20628,8.11,403.7,420,14.13,59.6,2.67,no
6.24,213.1,30258,6.46,223.3,575.6,14.81,62.8,4.2,si
7.27,164,26429,7.39,371,508,9.91,74.7,5.29,no
4.25,290,33606,6.3,385.1,628.2,13.83,95.5,2.62,no
7.49,213.8,47159,7.52,352.3,918.1,12.57,71.5,3.47,si
7.84,255.4,30020,7.55,353.2,594.5,20.94,87,4.63,no
6.99,210,25672,6.69,NA,540.5,20.04,89,3.13,no
7.31,228.9,17968,9.73,378.1,392.3,15.1,56.3,2.66,si
8.57,169.5,26177,4.32,360.3,510.1,13.85,66.1,2.76,no
5.57,162.6,24795,6.69,318.2,475.5,16.16,71.4,3.42,si
7.39,192.3,44781,4.7,243.2,866.3,14.12,46.3,2.79,no
4.63,218,37590,5.76,309.2,694.3,11.95,85.9,3.12,no
7.4,164.9,3407,8,NA,90.2,15.09,70.6,3.59,si
5.78,180.9,22380,7.61,219.6,409.7,14.74,88.4,3.5,si
7.6,211.4,26989,8.22,406.7,479.3,14.86,78.7,5.19,no
7.45,191.6,16233,6.18,302.5,315.8,9.77,65.7,4.48,si
9.44,164.2,18227,6.97,366.3,353.3,16.26,67.3,4.55,no
8.66,211.6,17143,8.6,396.3,305.2,13.46,41.3,4.95,si
8,175.8,35679,7.93,362.1,625.2,11.61,56.4,3.98,si
6.04,194.6,21657,10.92,368.7,405.2,12.1,90.4,3.38,no
4.93,187.3,23755,9.83,305.4,472.7,12.03,75.6,2.5,no
6.58,224.1,25935,9.55,379,508.6,9.05,77.2,4.61,si
6.53,184.8,29417,4,323.3,552.7,15.68,58.3,4.54,si
NA,196.6,13826,7.61,270.2,306.6,12.69,85.8,3.1,no
6.02,188.3,40730,7.2,337.3,764.3,17.12,84.7,4.07,si
7.19,197.2,16812,5.79,395.2,369.5,15.66,80.3,4.85,no
7.2,243.9,34050,6.75,321.7,680,15.78,23.3,4.19,no
5.11,203.5,26009,4.63,329.3,509.1,13.43,57.4,4.7,no
8.01,194.7,30697,3.95,311.7,579.9,9.77,74.8,3.02,si
5.61,184.5,19362,7.55,282.3,384.3,15.61,85.1,3.54,no
7.2,192.5,26082,6.85,312.9,455.3,14.14,28.9,4.26,si
5.63,164.1,14621,5.87,234.9,305.4,9.22,71.1,3.42,si
5.79,210.2,29186,6.49,330,571.9,13.17,79.8,3.53,si
7.13,169.4,13826,9.34,290.2,247.9,13.59,62.8,4.13,si
6.9,224.1,25076,8.91,310.3,464.8,18.18,86.9,4.25,no
7.61,208.3,14626,6.57,307.8,264.5,13.01,48.1,4.44,si
10.08,201.7,28593,6.6,303.3,554.2,11.72,94.1,3.76,no
6.68,190.6,24882,8.89,409.9,458.9,12.77,67.5,3.71,si
6.78,233.5,18655,6.14,328.1,347.6,15.01,92,3.09,no
6.95,174.1,17165,7.87,362.4,334.5,9.54,84.6,4.11,no
10.07,199.3,20644,6.35,265.8,376.2,10.36,55,4.32,no
5.35,226.7,33957,5.19,325.2,635.7,10.53,75.3,3.91,no
9.54,179.7,15327,6.94,274.9,244,13.14,63.4,3.71,si
7.19,237.2,10505,7,343.8,221.2,13.55,85,4.35,si
6.01,193.7,13537,7.45,368.5,263.3,11.11,67.4,3.34,si
7.97,142.9,9370,8.77,357.1,187.7,12.94,50.6,4.23,si
4.92,195.8,15278,6.91,310.8,292.7,14.23,70.2,3.54,no
8.38,229.6,22292,6.92,383.5,384.6,13.84,64.4,3.46,no
6.95,186,19292,6.35,376.3,371.4,18.46,69.2,5.2,no
5.32,190,10390,6.28,377.2,203,13.53,62.9,3.87,si
7.74,198.9,20016,8.28,333.7,367.8,8.06,58.6,4.35,si
5.7,247,24131,11.2,NA,451.8,14.42,51.7,2.61,no
7.3,309.5,27468,7.84,256.6,548.8,11.15,81.2,5.08,si
9.07,211.7,32976,4.3,333.6,672,11.35,62.6,3.43,no
5.99,156.9,21289,8.2,267.8,432.7,17.7,65.1,3.13,no
8.41,194,28487,4.96,354.4,594.7,13.01,75.1,4,no
9.42,203.4,21072,7.91,315.8,426,12.27,59.3,4.01,no
4.67,155,9131,7.81,371.5,159.5,15.52,49.1,3.86,no
6.52,140.6,288,8.04,NA,-5.8,10.27,88.1,4.09,no
5.54,256.2,19701,4.13,347.4,443.8,13.67,79.7,5.26,no
5.83,195.4,12929,6.59,339.5,262.6,15.46,34.7,3.27,si
9.18,165.8,14936,6.74,317.8,308.1,9.48,88.1,3.65,no
3.85,242.1,14632,9.54,316.3,302.9,13.46,77.6,3.79,no
7.9,242.8,21936,5.73,368.5,393.4,15.02,85.1,2.52,no
5.88,154.6,19938,7.02,298.9,363.1,8.47,84.6,3.14,no
6.45,187.6,15448,6.89,318.5,287.3,14.48,71.9,5.12,no
7.81,179.8,34148,8.08,409,607.7,14.22,69.6,4.5,si
7.08,237.4,20711,5.5,402,370.8,17.8,46.9,3.87,no
7.86,221.3,31386,8.85,287.9,607.5,16.08,73.7,3.73,si
7.9,198,29248,7.06,343.1,534.5,6.83,53.2,3.03,si
6.34,223.2,17262,9.93,363.2,308,12.76,49.5,2.96,si
7.39,206.1,22027,11.08,371.3,417.5,16.29,105.4,5.15,no
7.39,175,28280,6.55,NA,547.3,14.87,65.8,4,si
7.78,175.9,17650,8.8,369,345.2,15.46,96.3,3.57,no
7.16,175.5,11754,4.05,332.3,221,12.23,122.6,4.13,no
6.47,181.8,23029,7.83,273.2,435.9,10.67,76.4,3.93,si
6.65,189.1,24007,6.1,334.2,467.7,12.91,76.7,3.78,si
7.8,149.1,25364,7.47,265,517,10.21,45.3,3.96,no
8.44,131.8,28926,9.48,374.7,536.6,12.15,60.6,4.17,si
9.82,169.5,27734,8.08,333.3,552.5,13.09,66.2,4.11,no
7.37,179.5,26143,8.39,288,519.3,15.39,64.6,5.11,si
7.98,174.1,31535,9.61,289,608.4,16.3,75.7,4.56,si
6.65,262.4,33103,5.45,389.4,655.9,13.59,80.8,5.19,no
4.16,215.5,7573,7.66,356,170.5,16.02,65.9,5.35,no
6.1,172,27796,8.1,355.2,487.2,15.97,58.3,2.45,no
5.97,199.3,12772,10.38,259.3,220.6,19.72,63.5,5.42,no
6.52,156.5,11830,9.73,296.7,200.6,15.56,49.6,4.82,si
7.95,196.5,20041,7.76,312.8,424.3,10.97,96,4.37,no
4.23,202.7,4542,6.38,281.3,96.8,14.69,54.2,3.8,no
8.26,186.8,28387,6.67,332.2,553.7,10.51,69.8,4.35,si
7.35,150.3,22048,5.96,284,404,10.96,71.2,4.77,no
5.39,202.1,36258,6.25,NA,677.1,13.78,49.8,4.44,no
4.81,195.1,20590,9.96,328.2,399.6,12.18,75.5,5,no
6.81,195.1,6566,12.1,399.8,85.1,13.45,65.5,4.6,si
NA,164.7,30356,8.41,339.2,586.3,14.21,69.5,5.39,no
9.15,209.1,28266,4.56,322.8,507.8,14.1,84.3,3.66,no
8.56,156.3,6267,6.68,338.4,178.9,16.71,49.7,4.9,no
6.42,223.9,21555,6.45,367.3,393.9,12.53,35.7,4.53,no
5.47,178.4,18470,9.03,346.5,331.5,11.49,71.9,3.19,no
4.9,204.8,11028,8.88,384.5,256.8,11.76,86.6,4.74,no
8.03,225.9,26367,6.29,NA,477.6,20.17,106.6,3.67,no
8.09,227,18290,5.32,319.8,369.8,11.09,54.3,2.8,no
7.13,169.4,30413,4.59,292.9,592,19.25,50.8,3.83,no
7.35,165.8,20956,6.67,353,405,15.72,74.4,3.91,si
6.48,236.6,24214,6.4,377.2,470.7,14.16,68.6,3.76,si
7.02,170.5,23731,9.38,314.4,440.1,15.44,78.1,2.71,no
7.17,215.7,29548,8.51,334.6,593.8,13.01,51.8,4.37,si
6.9,257.1,25096,6.16,328.1,476.1,13.45,62.9,4.84,no
4.6,226.9,28669,3.42,277.6,561.3,14.49,65.8,2.93,no
8.68,191.9,13636,5.58,319.4,262.5,12.87,73,3.64,no
7.78,240.4,21735,8.31,342,420.6,17.19,52.6,3.36,si
