id_sesion,edad,peso_kg,estatura_cm,genero,experiencia_meses,duracion_min,fc_promedio,fc_maxima,intensidad_rpe,temperatura_sala,tipo_ejercicio,turno,usa_smartwatch,kcal_quemadas
1,39,52.5,165,M,25,71,140,177,5,24.6,fuerza,vespertino,si,619.3
2,21,55.6,168,F,5,54,128,161,6,20.6,fuerza,matutino,si,501
3,35,95.7,NA,F,42,50,115,142,5,22.7,fuerza,vespertino,si,462.9
4,32,76.5,169,M,23,28,133,160,4,22.6,cardio_intenso,matutino,si,411.7
5,26,69.6,171,M,9,73,148,173,6,19.3,cardio_moderado,matutino,si,624.2
6,16,77.5,181,F,31,56,129,157,7,25.2,cardio_intenso,matutino,si,584.1
7,25,55.5,190,F,27,38,138,169,5,21.1,cardio_intenso,nocturno,si,498.6
8,22,70.3,169,F,11,33,141,167,4,24.4,cardio_intenso,vespertino,si,460.7
9,34,83.7,161,F,27,54,120,150,5,27.9,cardio_intenso,matutino,si,541
10,28,66.6,169,M,32,71,135,165,7,17,cardio_intenso,vespertino,si,608.6
11,29,64.6,157,F,19,49,133,165,8,NA,mixto,vespertino,si,446.9
12,25,63.1,169,M,23,67,98,130,1,17.7,mixto,matutino,si,508.5
13,31,93.8,167,M,14,58,141,165,4,28.7,cardio_moderado,vespertino,si,612.3
14,31,80.7,174,F,32,58,120,156,5,21.9,cardio_moderado,matutino,si,496.6
15,16,53,166,M,36,31,108,138,3,24.2,fuerza,vespertino,si,271.7
16,48,64.4,171,M,28,51,139,170,8,25.6,fuerza,vespertino,si,525.2
17,40,45.8,182,M,46,61,124,142,5,24.1,mixto,vespertino,si,566
18,35,74.3,166,M,13,72,131,158,5,25.9,mixto,vespertino,si,641
19,24,77.5,164,F,13,32,NA,173,1,20.6,cardio_intenso,vespertino,si,422.8
20,41,70.1,175,M,37,73,182,205,4,22.5,fuerza,vespertino,si,687.5
21,29,58.2,152,F,27,76,130,149,8,18.5,cardio_moderado,matutino,si,581.1
22,31,49.2,167,M,18,20,114,148,6,24,mixto,vespertino,si,342.3
23,18,66.3,151,F,23,15,144,162,7,23.7,fuerza,nocturno,si,323.6
24,49,45,162,M,35,29,160,187,10,23,cardio_intenso,nocturno,si,459.4
25,34,87.8,187,F,56,37,147,175,5,23.6,cardio_intenso,vespertino,si,502.9
26,54,64.2,182,M,41,30,117,141,4,23.9,mixto,matutino,si,330.2
27,52,45,181,F,54,61,114,148,4,20.2,cardio_intenso,nocturno,si,488.3
28,34,88.4,NA,M,33,75,NA,162,7,25.8,cardio_moderado,matutino,si,721.5
29,40,78.7,NA,F,21,71,99,124,8,20.9,fuerza,vespertino,si,525.5
30,52,45,155,F,24,47,171,205,6,23.2,mixto,vespertino,si,520
31,27,70.1,178,F,10,63,117,147,6,24.6,fuerza,vespertino,si,495.9
32,35,59.4,170,M,14,55,136,161,2,15.5,cardio_intenso,matutino,si,525.8
33,30,92.6,158,M,14,62,115,136,2,18.7,cardio_intenso,matutino,si,513.2
34,37,100.6,178,F,8,57,104,129,5,22.2,cardio_moderado,nocturno,si,495.1
35,35,76,170,M,32,32,137,157,3,22,fuerza,vespertino,si,366.2
36,46,87.9,168,M,32,34,NA,165,8,19.2,cardio_intenso,vespertino,si,495.5
37,40,94.5,178,F,18,101,105,140,5,NA,cardio_intenso,vespertino,si,800
38,23,67.7,172,M,33,21,147,172,9,24.3,mixto,matutino,si,383.6
39,39,80.8,153,F,30,62,133,166,5,15.8,mixto,vespertino,si,491.6
40,24,70.5,167,F,8,58,141,165,8,NA,cardio_moderado,matutino,si,596.5
41,20,65.6,159,M,5,67,NA,149,8,21.2,cardio_moderado,vespertino,si,569.3
42,42,79.2,181,F,46,51,149,165,5,18.7,cardio_moderado,vespertino,si,398.7
43,20,70.2,184,F,16,44,140,162,8,19.5,mixto,matutino,si,464.8
44,36,86.4,157,F,45,26,104,126,5,23.7,cardio_moderado,matutino,si,311.1
45,24,68.7,168,F,14,87,152,181,4,22.5,mixto,vespertino,si,685.4
46,49,59.8,166,F,55,33,102,133,5,21.9,cardio_moderado,matutino,si,227.1
47,41,81,177,M,8,54,100,126,6,23.4,cardio_intenso,nocturno,si,573.5
48,29,86.2,166,F,14,37,115,143,4,24.1,mixto,NA,si,384.2
49,42,52.7,170,F,23,62,140,165,7,18.5,mixto,matutino,si,538.4
50,38,54.7,169,M,9,45,137,164,8,19.9,fuerza,matutino,si,456.9
51,20,75.4,153,M,13,36,130,158,7,22,cardio_intenso,matutino,si,511.5
52,31,75.8,162,M,110,59,147,176,3,18.8,cardio_moderado,matutino,si,558.5
53,23,65.8,161,M,27,70,109,131,3,25.9,fuerza,vespertino,si,593.3
54,38,94.8,156,M,33,54,122,139,5,19.4,mixto,vespertino,si,461.2
55,26,50.9,165,F,25,45,104,137,7,19.6,fuerza,nocturno,si,371.6
56,30,53.3,157,M,3,43,147,178,6,20.3,fuerza,vespertino,si,486.5
57,19,68.6,178,M,24,29,129,157,8,22.7,cardio_intenso,vespertino,si,457.2
58,22,76.4,167,M,35,45,120,146,5,23.8,fuerza,vespertino,si,426.6
59,34,58,168,M,26,54,124,156,4,16.6,cardio_moderado,matutino,si,452.6
60,22,88.4,172,M,19,63,NA,183,4,29.7,cardio_moderado,vespertino,si,627
61,31,69.4,165,F,25,23,120,145,7,27.3,cardio_moderado,matutino,si,404.8
62,35,58.1,174,M,17,49,141,168,8,18.2,cardio_intenso,matutino,si,580.2
63,31,59.9,180,F,5,39,120,140,7,26.3,mixto,vespertino,si,433.8
64,30,61.3,163,M,10,53,153,178,1,20.2,cardio_intenso,matutino,si,584.4
65,16,79.4,160,M,6,67,114,156,1,20.9,mixto,matutino,si,543.8
66,30,59.3,186,F,21,49,141,178,7,22.4,cardio_moderado,vespertino,si,524.6
67,16,74.2,167,M,31,83,154,181,3,20.5,cardio_intenso,vespertino,si,760.4
68,46,56,172,F,17,15,109,134,6,22.5,cardio_moderado,matutino,si,230.9
69,22,74,178,F,7,78,143,168,6,20.4,mixto,vespertino,si,600.2
70,35,76.2,170,M,30,37,104,129,5,23.9,cardio_intenso,vespertino,si,494.6
71,39,91.8,156,F,13,54,NA,158,6,24,mixto,matutino,si,512.5
72,33,72.5,160,M,22,39,119,153,8,21.4,cardio_moderado,matutino,si,425.4
73,48,85.1,158,M,39,25,126,156,6,24.9,fuerza,matutino,no,370.4
74,24,49.5,159,M,21,95,142,167,6,26.9,cardio_intenso,vespertino,si,827.7
75,38,78.6,185,F,63,51,141,164,7,22,mixto,matutino,si,500.2
76,22,73.6,165,M,11,37,131,155,7,16.2,fuerza,vespertino,si,460.4
77,56,92.7,165,M,11,58,102,128,6,17.1,fuerza,vespertino,si,451.7
78,41,53.5,170,M,30,71,137,169,6,NA,cardio_moderado,matutino,si,660
79,29,84.7,157,M,29,56,136,161,4,19.8,mixto,vespertino,si,568.2
80,42,68.2,162,F,11,54,152,183,7,20.8,mixto,matutino,si,537.8
81,20,74.4,167,M,23,60,118,150,5,22.1,cardio_moderado,vespertino,no,585.5
82,50,73.6,159,F,18,57,121,149,6,18.8,mixto,vespertino,si,511.2
83,20,77.3,160,M,36,31,134,150,6,24,fuerza,vespertino,si,376.7
84,16,65.4,150,M,24,40,105,129,7,20.7,cardio_moderado,NA,si,404.6
85,32,78.1,153,F,4,53,142,163,6,23.7,cardio_intenso,nocturno,si,555.2
86,42,79.5,174,M,24,27,132,170,7,20.7,cardio_intenso,matutino,si,419.1
87,33,70.7,165,F,3,63,115,139,8,21.2,mixto,nocturno,si,560.8
88,25,68.4,171,M,7,65,114,136,7,14.5,fuerza,vespertino,si,542
89,46,102.4,150,F,26,79,135,158,6,23.2,mixto,nocturno,si,706.6
90,60,57.9,163,F,37,63,160,190,2,18.9,mixto,vespertino,si,492.8
91,16,70.3,177,F,31,60,109,140,3,24,cardio_intenso,vespertino,si,578.1
92,49,82.2,160,F,11,50,133,153,9,24.3,fuerza,matutino,si,507.2
93,28,76.3,180,M,35,73,120,148,4,22.3,cardio_intenso,matutino,si,641.9
94,44,92.2,167,F,25,50,145,168,6,20,cardio_intenso,matutino,si,567.9
95,16,80.2,169,F,20,58,172,202,3,19.4,cardio_moderado,NA,no,548.6
96,30,84.2,168,M,55,31,143,173,7,24,mixto,nocturno,si,445.5
97,22,87.3,170,F,44,31,144,174,3,20.2,cardio_intenso,matutino,si,345.4
98,28,52.9,171,M,27,57,143,168,8,21.3,fuerza,vespertino,si,512.1
99,21,73,160,F,7,73,123,159,5,24.6,cardio_moderado,nocturno,si,630
100,37,82.9,171,F,16,39,118,140,8,23.3,cardio_intenso,matutino,si,495.5
101,46,96.3,157,M,3,62,161,189,7,21.9,cardio_intenso,vespertino,si,674.3
102,28,46.6,177,F,22,55,108,136,5,20.2,mixto,matutino,si,466.4
103,30,60.2,180,M,8,54,118,134,4,17.4,cardio_moderado,vespertino,si,454
104,21,87.9,173,F,42,57,131,161,5,NA,fuerza,vespertino,si,552
105,44,87.8,158,M,9,57,167,194,8,20.3,fuerza,vespertino,si,644.3
106,39,66.7,162,M,3,57,163,188,5,22.1,cardio_moderado,NA,si,631.3
107,16,51.2,152,M,20,103,162,192,8,19.5,mixto,vespertino,si,799.8
108,49,60.3,178,M,11,120,141,170,3,20.3,cardio_intenso,vespertino,si,998.6
109,20,94.5,165,M,18,73,116,131,3,22.9,fuerza,vespertino,si,631.1
110,21,45,172,M,17,69,128,166,9,21.7,mixto,vespertino,si,611
111,17,69.5,165,M,22,55,117,142,7,21.5,cardio_moderado,nocturno,si,503.6
112,20,81.9,160,F,35,51,138,174,5,25.8,fuerza,matutino,si,401.3
113,29,72.2,162,M,8,37,146,178,4,25.4,cardio_moderado,matutino,si,465.9
114,39,73.4,169,M,18,47,108,148,3,20.1,cardio_moderado,vespertino,no,413
115,25,96.7,164,M,75,15,138,164,3,24.4,fuerza,nocturno,si,313.9
116,31,68.7,168,F,18,57,123,149,9,22.7,fuerza,vespertino,si,504.7
117,30,77.4,NA,M,15,52,129,164,8,22.5,cardio_intenso,vespertino,si,560.1
118,46,67.6,166,F,7,39,110,148,9,25.7,mixto,vespertino,si,398.8
119,58,81.1,183,M,12,44,151,178,7,18.1,cardio_moderado,vespertino,si,587.9
120,21,68.5,169,F,16,95,126,153,6,28.3,cardio_intenso,vespertino,si,760.5
121,54,78.8,170,F,44,45,128,161,5,25.3,cardio_moderado,nocturno,si,395.7
122,56,72.4,170,F,62,15,104,141,4,19.9,mixto,vespertino,si,188.2
123,36,107.3,170,M,13,59,119,142,4,NA,mixto,vespertino,si,457.1
124,43,97.9,177,F,51,54,125,164,2,NA,cardio_intenso,vespertino,si,452.5
125,16,65.2,173,F,16,29,110,136,10,19.8,cardio_moderado,vespertino,si,396.8
126,38,66.3,153,F,12,48,NA,155,3,NA,fuerza,matutino,no,357.7
127,27,54.1,176,F,9,47,124,144,5,16.8,cardio_moderado,matutino,si,434.8
128,31,58.9,164,F,15,42,102,134,6,20.7,cardio_moderado,nocturno,si,393.3
129,39,46.4,172,M,16,58,100,131,6,26.4,fuerza,matutino,si,418.4
130,44,83,165,F,5,60,130,155,8,22.2,fuerza,nocturno,si,499.7
131,32,60.5,160,F,33,64,137,159,4,16.3,fuerza,vespertino,si,506
132,62,72.2,163,M,67,72,111,142,4,25.9,cardio_intenso,nocturno,no,659
133,39,98.8,161,M,27,50,125,158,6,19.8,cardio_moderado,nocturno,si,505.5
134,31,83.2,167,F,14,48,101,125,9,20.4,fuerza,nocturno,si,437.1
135,38,55.8,166,M,44,47,120,152,7,29.9,cardio_moderado,nocturno,si,465.7
136,32,62.2,158,F,29,51,135,165,8,22.5,cardio_moderado,vespertino,si,483.4
137,21,48.1,175,F,40,71,133,160,8,19.1,fuerza,nocturno,si,561.7
138,39,57,174,M,21,74,134,160,9,20.3,cardio_moderado,matutino,si,753.9
139,43,94.8,166,M,51,53,134,161,8,NA,mixto,vespertino,si,548.8
140,37,80.4,153,F,21,84,143,179,7,24.4,cardio_moderado,nocturno,si,633.5
141,37,54.7,160,M,8,58,138,175,5,20.5,fuerza,nocturno,si,509.6
142,35,82.5,174,F,17,54,110,133,4,25.1,mixto,matutino,si,388.7
143,42,84.3,166,F,34,61,95,115,3,24.3,fuerza,vespertino,si,457.6
144,19,58.7,176,F,17,71,146,168,6,19,cardio_moderado,nocturno,si,616
145,46,71.9,163,F,12,48,141,173,2,16.7,fuerza,nocturno,si,442.1
146,23,75.5,166,M,14,71,156,195,6,22.4,cardio_moderado,vespertino,si,718.8
147,37,78.8,155,M,66,50,120,146,8,19.1,fuerza,matutino,si,455.4
148,42,85.2,178,M,13,86,139,175,8,24.5,cardio_moderado,matutino,si,736.4
149,36,81.5,168,F,15,83,130,143,5,23.6,cardio_moderado,NA,si,625.4
150,16,74.6,168,F,19,38,NA,140,7,22.5,cardio_intenso,NA,si,434.5
151,33,111,153,M,24,57,135,168,9,25.2,cardio_moderado,nocturno,si,642.3
152,37,73,173,M,19,18,179,205,4,18.6,fuerza,vespertino,si,409.2
153,44,49.8,153,M,7,61,151,183,6,25.9,cardio_intenso,matutino,si,620.8
154,39,60.9,194,F,23,84,142,166,6,28.5,mixto,vespertino,si,627.9
155,39,68.7,173,F,45,66,114,143,7,19,cardio_moderado,vespertino,si,578.5
156,46,86.1,157,F,12,41,154,183,4,16.6,fuerza,vespertino,si,414.1
157,25,54,164,F,15,30,140,177,2,22,mixto,vespertino,si,274.2
158,26,54.9,167,M,7,32,125,157,4,19.8,fuerza,matutino,si,389
159,33,70,169,F,82,40,134,161,5,28.9,mixto,vespertino,si,389.7
160,37,82.6,170,F,27,62,116,139,8,19.8,cardio_moderado,nocturno,si,525
161,48,84.5,168,M,13,62,152,189,3,26.5,fuerza,vespertino,si,597.9
162,23,69.3,164,M,29,64,153,179,5,18.6,mixto,NA,si,577.7
163,23,61.5,171,F,11,99,139,161,1,22.8,fuerza,vespertino,si,682.5
164,42,104.8,169,M,33,60,140,169,4,22.8,cardio_moderado,vespertino,si,645.9
165,29,80.4,162,F,15,72,172,205,6,23.6,fuerza,matutino,si,712.5
166,31,75.3,166,F,6,48,122,145,7,21.5,cardio_moderado,vespertino,si,461.8
167,40,82.1,169,M,30,48,137,168,5,18.9,cardio_intenso,matutino,si,480
168,26,63.5,165,F,36,81,116,134,5,24.8,fuerza,matutino,si,485.4
169,25,77.1,162,M,9,56,135,146,5,20.3,cardio_moderado,NA,si,530
170,30,80.6,176,F,5,77,108,139,7,24.3,fuerza,matutino,si,644.6
171,29,63.9,170,M,50,56,113,131,5,16.7,cardio_moderado,matutino,si,475.8
172,25,70.4,173,F,26,53,133,174,5,25.7,fuerza,vespertino,si,431.8
173,43,81.9,173,F,24,59,112,143,3,23.8,fuerza,matutino,si,380.7
174,28,52.1,179,F,20,88,134,164,4,27.6,fuerza,vespertino,si,665.3
175,34,90.1,NA,M,42,42,148,180,5,19.9,cardio_intenso,nocturno,si,504
176,35,71.3,156,F,2,56,118,150,6,20,fuerza,nocturno,si,483.9
177,16,65.8,155,M,27,49,141,168,7,22.8,fuerza,vespertino,si,554.5
178,37,63.3,166,F,24,83,116,146,5,NA,cardio_moderado,nocturno,si,603.2
179,50,96.1,175,F,38,57,120,151,5,26.2,fuerza,vespertino,si,521.6
180,33,68.9,173,F,12,44,133,158,4,24,cardio_intenso,vespertino,si,500.5
181,24,74.6,179,F,11,45,147,179,5,22.6,fuerza,vespertino,si,485.4
182,47,65.6,165,F,23,41,130,149,6,22.9,cardio_intenso,NA,si,413.5
183,36,61.1,159,F,36,36,131,157,7,21.4,mixto,vespertino,no,419.9
184,44,82.1,156,M,22,66,164,205,5,19.4,fuerza,nocturno,si,646.6
185,35,73,181,M,12,60,131,158,5,22.5,cardio_moderado,nocturno,si,617.5
186,40,76.6,183,M,24,45,132,161,3,23.3,fuerza,vespertino,si,426
187,49,64.5,160,F,79,47,119,142,5,20.5,cardio_moderado,vespertino,si,428.2
188,40,87.8,162,M,45,55,117,143,6,19.5,cardio_moderado,vespertino,si,533.4
189,37,81.4,NA,M,20,38,125,142,3,23,cardio_moderado,nocturno,si,407.4
190,26,79.8,160,F,6,63,143,174,5,23.2,fuerza,vespertino,si,502.1
191,39,80.2,160,F,32,27,130,145,6,16.7,fuerza,matutino,si,278.8
192,28,91.1,158,F,10,45,149,180,8,19.3,cardio_moderado,vespertino,si,483.9
193,57,85.1,NA,M,66,62,116,145,6,22,fuerza,vespertino,si,556.7
194,37,66.9,162,M,8,32,128,160,6,22.2,fuerza,vespertino,si,365.7
195,24,79.4,183,F,17,41,129,161,2,22,mixto,vespertino,si,429.9
196,51,74.5,164,F,22,61,133,163,8,23.1,cardio_intenso,nocturno,si,584.1
197,28,98.7,153,F,10,80,145,178,7,23,fuerza,matutino,si,655.5
198,16,55.7,173,M,43,58,142,175,8,24.4,mixto,nocturno,si,674.2
199,22,77.7,150,M,14,76,129,154,3,23.1,mixto,matutino,si,626.6
200,33,62.8,161,F,35,33,117,148,5,22.9,cardio_moderado,nocturno,si,308.6
201,28,49.5,179,F,71,68,NA,116,6,NA,cardio_intenso,nocturno,si,543
202,38,67.3,166,M,16,59,130,161,5,24.1,fuerza,vespertino,si,482.2
203,30,59.9,150,M,23,56,148,173,8,24.1,cardio_moderado,vespertino,si,643.9
204,16,74.7,180,M,3,57,142,170,4,25.1,mixto,nocturno,si,564.4
205,30,79.5,155,F,41,73,149,178,3,23.8,cardio_moderado,vespertino,si,619.6
206,52,75.4,166,M,3,65,111,145,6,21.1,cardio_intenso,vespertino,si,593.3
207,28,73.9,171,M,60,69,124,140,5,24,mixto,vespertino,si,618.7
208,27,83.6,155,F,7,40,135,151,5,NA,cardio_moderado,nocturno,si,507.7
209,32,67.3,161,M,43,56,123,147,6,27,fuerza,matutino,si,489.6
210,51,45,166,M,6,54,138,167,6,22.7,cardio_intenso,vespertino,si,548.6
211,23,89.8,164,F,24,88,146,171,7,20.6,cardio_intenso,vespertino,si,752.3
212,42,72.4,171,F,3,15,133,166,9,24.3,cardio_moderado,nocturno,si,339
213,26,84.3,168,F,20,30,93,120,8,20.5,mixto,matutino,si,385.1
214,29,81.6,154,F,23,57,128,164,4,26.8,mixto,matutino,si,558.4
215,29,72,156,F,14,84,152,180,6,22.8,cardio_moderado,matutino,si,703
216,42,83.3,163,M,14,77,131,164,8,20.2,cardio_moderado,matutino,si,715.9
217,40,56,170,F,16,85,126,145,8,22.9,fuerza,vespertino,si,622.2
218,45,80.8,182,M,71,58,125,161,7,23.8,cardio_intenso,vespertino,si,535.2
219,45,91.8,182,F,16,80,143,168,7,21.9,fuerza,matutino,si,698.6
220,57,95.4,168,M,39,78,134,177,5,19.5,fuerza,matutino,si,620.8
221,34,67.4,151,M,51,70,NA,179,7,20.8,cardio_moderado,vespertino,si,641.1
222,16,69.9,176,F,25,49,151,173,6,17.2,mixto,nocturno,si,442.3
223,27,89,178,F,20,46,133,166,5,22,fuerza,matutino,si,472.1
224,24,66.4,164,M,21,93,84,115,9,15.9,fuerza,vespertino,si,628.3
225,30,81.6,171,M,20,37,183,196,6,25.7,cardio_moderado,matutino,si,589.6
226,46,70.7,161,M,16,76,173,198,5,17.2,mixto,nocturno,si,755.1
227,27,64.4,167,F,19,73,121,160,4,19.5,fuerza,matutino,si,524.3
228,24,74.8,171,M,5,49,136,173,5,19.7,cardio_moderado,vespertino,si,528.9
229,38,71.9,176,M,30,80,129,147,6,19.5,cardio_moderado,matutino,si,645.8
230,41,68.2,173,F,18,60,176,205,4,30.7,fuerza,matutino,si,595.2
231,30,65.8,171,F,26,53,98,131,8,21.4,mixto,nocturno,si,441.8
232,38,83.8,157,F,14,60,NA,149,5,24.9,cardio_moderado,matutino,si,485.1
233,38,98.9,180,M,10,67,145,176,5,22.2,cardio_moderado,matutino,si,692.6
234,37,68.5,150,M,9,73,128,170,1,18.1,fuerza,vespertino,si,544.3
235,27,57.4,160,M,30,61,138,168,5,NA,fuerza,matutino,si,576.5
236,41,61.4,178,M,20,46,147,173,7,20.1,cardio_moderado,nocturno,si,459.3
237,16,76.8,162,F,15,47,133,156,5,19.1,cardio_intenso,matutino,si,444.6
238,40,74.2,164,F,3,48,154,175,6,17.5,fuerza,matutino,si,466.8
239,37,58.9,189,F,26,57,131,159,9,22.9,fuerza,vespertino,si,544
240,56,77.2,177,M,12,44,120,151,4,21.4,cardio_moderado,vespertino,si,384.9
241,36,72.6,155,M,37,60,153,178,8,19.2,cardio_intenso,vespertino,si,691.3
242,34,78.4,164,F,25,55,101,126,8,21.4,cardio_intenso,nocturno,si,516.5
243,46,72.4,160,F,13,59,132,169,7,26.5,cardio_moderado,vespertino,si,550.9
244,41,53.5,169,M,43,30,83,113,6,24.2,cardio_moderado,matutino,si,190.6
245,33,93.3,156,M,32,71,123,153,7,25.6,fuerza,matutino,si,576.4
246,33,93.2,165,F,10,56,116,147,9,NA,mixto,vespertino,no,499
247,35,74.6,181,F,3,32,147,176,5,17,fuerza,vespertino,si,335.2
248,21,95.7,174,M,25,57,NA,170,5,21.3,mixto,vespertino,si,570.4
249,47,86.9,173,M,38,52,116,151,5,19.3,cardio_moderado,vespertino,si,492.1
250,27,60,163,M,15,60,140,170,5,25.1,mixto,matutino,si,584.1
251,30,85.8,165,F,9,39,91,110,6,19,cardio_intenso,vespertino,si,395.9
252,41,58.4,172,M,78,54,132,166,4,23.3,fuerza,vespertino,si,512.7
253,29,69.3,156,F,9,51,111,142,5,20.7,cardio_moderado,nocturno,si,484.1
254,32,80.8,150,F,13,16,126,141,6,24.7,mixto,nocturno,si,360.8
255,50,92.7,165,F,18,67,124,151,9,20.4,cardio_moderado,vespertino,si,582.3
256,26,63.3,165,M,18,45,159,191,5,20.1,cardio_intenso,nocturno,si,614.6
257,31,77.3,175,M,12,52,117,138,3,25.3,cardio_intenso,nocturno,si,505.7
258,50,90.7,163,M,27,24,NA,131,6,22.1,fuerza,vespertino,si,306
259,29,74.5,NA,M,26,63,133,166,5,19.9,cardio_intenso,vespertino,si,606.1
260,27,48.8,173,M,47,40,137,170,3,24.5,mixto,matutino,si,447.7
261,36,87,NA,M,24,78,106,138,7,20.6,cardio_moderado,vespertino,si,639.4
262,40,82.7,182,F,9,67,158,193,8,23.7,cardio_moderado,vespertino,si,686.9
263,26,87.1,159,M,11,78,106,139,5,21.1,fuerza,vespertino,si,622.7
264,31,73.3,176,F,6,34,134,156,3,23.7,cardio_moderado,nocturno,si,376.4
265,32,91.1,150,M,57,67,155,182,6,22,cardio_intenso,nocturno,si,662.7
266,22,76.4,182,F,29,69,121,151,4,25.2,cardio_intenso,vespertino,si,625.6
267,33,74.7,167,M,22,110,156,176,7,21.2,cardio_intenso,vespertino,si,908.9
268,52,72.8,150,M,24,23,141,177,8,23,cardio_moderado,vespertino,si,406.4
269,43,106.3,155,F,26,15,104,134,7,19.4,cardio_intenso,vespertino,si,322.7
270,25,85.6,167,F,7,75,123,144,6,26,cardio_intenso,vespertino,si,609.5
271,37,45,184,M,52,41,137,163,5,19.1,cardio_moderado,matutino,si,484.3
272,30,67.6,163,F,11,16,134,159,8,26.5,fuerza,vespertino,si,248.6
273,31,84.7,166,M,7,32,132,157,1,19,cardio_moderado,matutino,si,418.3
274,43,65.2,176,F,18,58,147,168,3,21.3,cardio_moderado,nocturno,si,552.7
275,40,62.4,168,M,16,70,124,159,5,19.1,cardio_moderado,nocturno,si,582.2
276,43,63.1,165,M,24,76,128,142,7,25.7,cardio_intenso,vespertino,si,710.1
277,38,79,167,F,17,36,138,163,3,22.9,fuerza,nocturno,si,434.6
278,24,66.6,165,M,15,104,103,134,6,16.3,fuerza,vespertino,si,650.2
279,28,73.9,NA,M,102,57,145,172,3,25.2,cardio_moderado,vespertino,si,566.4
280,20,72.1,172,M,16,39,99,119,5,17.5,mixto,matutino,si,452.5
281,40,71.9,153,F,11,41,160,182,6,18.3,cardio_moderado,vespertino,si,519.8
282,48,66.6,165,F,54,68,133,168,5,28.1,cardio_intenso,nocturno,si,618.8
283,16,63,160,M,18,78,117,145,6,21.7,fuerza,vespertino,si,588.5
284,34,95.4,173,M,4,17,152,175,6,20.5,fuerza,matutino,si,432.4
285,39,86.4,167,F,15,53,111,136,7,23.9,fuerza,vespertino,si,460.2
286,31,75.9,156,M,3,68,149,175,6,13.4,cardio_moderado,vespertino,si,687
287,24,75.9,171,M,18,46,133,154,10,23.9,mixto,nocturno,si,552.1
288,22,77.2,150,F,36,56,162,183,5,20.4,fuerza,vespertino,si,512.7
289,47,99.9,176,M,33,48,124,148,7,22.3,cardio_moderado,vespertino,si,499
290,31,68.9,154,M,28,69,144,169,6,23.8,cardio_intenso,vespertino,si,661.4
291,46,57.9,184,F,24,22,116,134,7,23.7,fuerza,vespertino,si,262.7
292,26,75,162,F,4,56,115,147,3,17.8,cardio_moderado,vespertino,si,412.3
293,47,81.9,164,F,32,71,158,168,4,26.1,cardio_intenso,matutino,si,689.8
294,39,75.8,157,F,39,51,133,166,7,21.6,cardio_moderado,matutino,si,491
295,33,68.2,152,M,9,43,120,147,7,25.2,cardio_moderado,nocturno,si,564.3
296,46,86.1,170,M,7,64,147,166,8,26.6,fuerza,nocturno,si,668.6
297,29,95.3,154,M,16,79,134,168,3,21.9,mixto,vespertino,si,624.6
298,29,74.8,174,M,3,28,129,160,7,22.2,mixto,vespertino,si,473.7
299,33,100.1,150,F,17,38,115,128,10,23.2,fuerza,nocturno,si,429.1
300,32,54.3,162,M,53,64,153,190,5,24.2,fuerza,matutino,si,594.4
301,31,62.8,173,F,35,76,136,178,3,23.6,fuerza,vespertino,si,507.4
302,31,89.8,166,M,9,55,130,162,8,24.2,fuerza,nocturno,si,551.6
303,24,66,174,M,33,89,104,133,8,20.8,fuerza,matutino,si,678.9
304,44,90.2,169,F,36,79,144,179,7,21.9,cardio_moderado,nocturno,si,697
305,24,64.7,168,M,18,45,165,193,10,24.9,cardio_intenso,vespertino,si,627.8
306,25,91.2,184,M,13,59,133,154,8,24.1,mixto,vespertino,si,642.8
307,23,68.7,158,M,33,42,145,181,6,17.9,mixto,matutino,si,491.5
308,51,73.5,167,F,40,71,125,149,7,25.6,cardio_intenso,nocturno,si,624.2
309,39,79,160,M,36,74,127,154,6,23.6,fuerza,matutino,si,626.2
310,40,56.6,160,M,46,84,131,162,6,21.1,mixto,nocturno,si,662.7
311,16,73.4,165,M,15,65,142,169,5,22.9,cardio_intenso,matutino,si,636.9
312,29,74.3,159,F,63,61,161,198,9,22,mixto,matutino,si,600.8
313,46,91.4,174,F,93,80,NA,168,7,21.4,fuerza,vespertino,si,606
314,48,59.3,175,F,30,66,134,170,5,20.3,mixto,vespertino,si,561.9
315,16,91.9,171,F,35,58,129,151,5,21.4,cardio_intenso,vespertino,si,567.5
316,16,72.7,150,M,7,20,NA,166,6,21.1,mixto,matutino,si,353.6
317,18,68.8,163,F,17,90,140,172,3,20.5,fuerza,matutino,si,642
318,18,87,171,M,15,37,117,147,6,24,cardio_intenso,vespertino,si,449.4
319,41,78.2,166,F,13,52,146,173,5,20.4,mixto,matutino,si,522.9
320,38,86.4,180,F,62,49,113,146,2,28.8,cardio_moderado,matutino,si,470
321,53,96.7,164,F,18,19,105,139,5,20,mixto,vespertino,si,183.3
322,35,73.2,166,F,15,64,136,164,5,22.6,fuerza,matutino,si,568.5
323,29,49.5,170,F,13,109,190,205,7,21.8,cardio_moderado,matutino,si,916.6
324,51,66.8,172,F,53,72,148,172,4,24.8,fuerza,vespertino,si,573
325,42,71,171,F,21,52,111,144,4,16.5,cardio_intenso,matutino,si,414.3
326,41,75.2,163,M,20,69,113,135,6,24.2,fuerza,vespertino,si,550.2
327,45,52.3,180,F,38,34,144,176,7,20.9,cardio_moderado,matutino,si,406.3
328,31,64.1,171,M,44,68,116,147,9,19.6,cardio_moderado,nocturno,si,553.1
329,37,67.4,171,F,37,57,142,170,6,24,fuerza,matutino,si,464.8
330,45,70.9,159,M,34,48,138,167,6,23.7,mixto,matutino,si,489.6
331,16,65.1,159,M,30,72,125,153,5,24.7,fuerza,nocturno,si,593.7
332,33,66.8,162,F,14,41,108,129,6,21.1,cardio_intenso,vespertino,si,420.6
333,23,98.7,162,F,19,98,159,188,3,19.8,cardio_intenso,matutino,si,782.1
334,23,71.5,175,F,6,28,103,139,5,23.7,mixto,matutino,si,390.4
335,24,55.9,176,M,33,41,124,145,2,19.5,cardio_moderado,nocturno,si,403.4
336,37,59,175,M,12,77,NA,142,8,24.9,fuerza,matutino,si,589.1
337,33,74.4,167,M,12,47,132,167,6,22.3,cardio_intenso,nocturno,si,545.8
338,21,100.1,161,M,14,52,120,135,5,18.9,fuerza,nocturno,si,464.6
339,39,82.5,154,M,48,86,138,156,7,21.6,cardio_moderado,nocturno,si,685.8
340,38,56.1,156,M,2,74,132,162,5,24.5,cardio_moderado,vespertino,si,607.3
341,38,73.3,181,F,25,77,140,177,6,23.4,mixto,nocturno,si,612.7
342,37,63.2,160,M,4,25,156,187,7,20.9,fuerza,nocturno,si,413.2
343,46,57.9,159,F,16,50,166,199,5,22.4,mixto,nocturno,si,510.5
344,26,75.2,163,F,42,46,108,135,7,22.9,cardio_moderado,matutino,si,422.1
345,26,108.2,NA,F,4,22,140,159,1,21,fuerza,vespertino,si,356.9
346,41,93.8,NA,M,10,42,125,163,5,22.7,mixto,matutino,si,415.4
347,40,54.5,184,M,52,74,NA,194,8,25.5,cardio_intenso,vespertino,si,756.9
348,45,79.6,161,F,1,52,128,160,5,22.4,cardio_intenso,vespertino,si,511.1
349,33,82.5,163,F,10,30,110,137,10,23.2,fuerza,matutino,si,289.1
350,40,86.7,167,M,12,38,157,193,6,24,cardio_moderado,vespertino,si,531
351,45,80.1,186,F,24,58,154,182,7,17.5,fuerza,nocturno,si,538.5
352,25,95.2,164,F,54,69,147,176,6,23.1,cardio_intenso,vespertino,si,660.5
353,52,56.2,170,F,17,69,152,178,8,26,cardio_moderado,matutino,si,675.6
354,25,85.2,171,M,16,68,127,151,5,24.7,cardio_intenso,matutino,si,661.8
355,16,69.2,165,M,22,25,102,126,8,22,cardio_moderado,vespertino,si,416.3
356,32,66.9,150,F,13,64,150,177,8,19.5,mixto,matutino,si,555.5
357,35,89.1,180,M,64,80,115,148,6,22,cardio_moderado,vespertino,si,694.7
358,25,103.6,166,M,32,97,164,185,7,19.5,cardio_intenso,matutino,si,889.3
359,22,79.6,172,F,22,80,106,141,5,22.2,cardio_intenso,vespertino,si,567.7
360,26,84.9,161,F,32,47,123,162,6,21.4,mixto,vespertino,si,451.9
361,45,68,173,F,48,67,123,148,5,20.9,cardio_intenso,matutino,si,585.1
362,16,77.5,176,M,12,46,160,172,10,23.9,cardio_moderado,matutino,si,632
363,16,54.7,181,M,9,52,124,143,4,21.1,fuerza,NA,si,512.2
364,19,76.6,160,F,15,64,147,170,5,25.1,fuerza,vespertino,si,614.3
365,45,94.8,170,F,38,59,134,163,7,20.5,mixto,matutino,si,544
366,43,93.7,166,M,26,63,103,134,6,21.4,cardio_moderado,vespertino,si,538
367,24,72.3,164,M,10,51,144,185,5,23.4,cardio_intenso,matutino,si,617
368,34,76,159,M,23,67,118,137,8,21.5,cardio_moderado,vespertino,si,611.3
369,40,54.5,173,F,10,57,183,205,3,21.7,cardio_moderado,nocturno,si,593.2
370,38,45,172,F,19,60,120,156,7,20.3,cardio_intenso,matutino,si,497.2
371,39,82.4,185,M,43,77,122,158,6,26.5,cardio_moderado,vespertino,si,676
372,35,63,150,M,37,39,148,167,6,21,fuerza,nocturno,si,472.4
373,37,75.2,186,M,20,47,128,158,4,18.1,fuerza,vespertino,si,439.9
374,17,82.9,163,M,31,65,NA,157,8,23.2,fuerza,vespertino,si,603.7
375,56,94.3,178,M,17,57,112,135,9,21.6,fuerza,nocturno,si,560.7
376,31,92.1,169,F,10,67,139,166,7,21.2,cardio_intenso,vespertino,si,639.5
377,38,87.5,173,M,73,64,120,151,5,24.7,cardio_moderado,matutino,si,590
378,18,69.3,170,F,22,38,119,144,3,23.6,cardio_intenso,matutino,si,405.1
379,29,89.4,179,F,16,27,129,158,3,17.2,mixto,nocturno,si,301.4
380,41,61.9,162,M,8,88,139,187,4,NA,cardio_moderado,matutino,si,754.3
381,35,61.4,175,F,36,45,126,146,9,25.7,cardio_moderado,nocturno,si,436.4
382,36,56.7,155,M,12,71,122,153,4,27,cardio_intenso,vespertino,si,678.7
383,19,74.5,160,M,12,39,126,159,5,17,fuerza,vespertino,si,390
384,38,82.5,173,F,32,54,127,150,2,17.1,mixto,vespertino,si,386.9
385,27,89.5,171,F,31,88,96,129,8,21.6,fuerza,vespertino,si,612.9
386,16,88.5,166,M,11,48,NA,175,8,20.7,fuerza,vespertino,si,567.9
387,40,76.3,167,F,1,59,129,145,8,27.5,cardio_intenso,matutino,si,583
388,33,69.5,170,F,20,50,110,147,5,19.9,cardio_intenso,vespertino,si,521.2
389,25,74.2,176,M,20,60,89,106,6,18.1,fuerza,matutino,si,440.3
390,36,81.7,152,M,8,16,130,159,6,20.7,cardio_moderado,vespertino,si,269.8
391,16,89.6,170,M,13,35,166,194,7,20.2,cardio_intenso,vespertino,si,594.8
392,56,64.8,154,F,52,30,126,158,10,24.7,mixto,vespertino,si,402.7
393,16,58.1,180,F,26,38,136,166,7,27.5,cardio_moderado,vespertino,no,459.4
394,37,46.7,176,F,24,54,122,148,1,21.7,fuerza,vespertino,si,380.6
395,30,55.7,165,M,18,47,137,161,5,23.4,cardio_intenso,vespertino,si,594.7
396,20,63.9,179,M,20,72,123,156,6,22.9,cardio_moderado,vespertino,si,597.6
397,37,66.1,164,F,14,67,131,158,6,20.6,mixto,nocturno,si,545.2
398,29,77.5,150,F,7,44,131,154,9,27.9,cardio_intenso,matutino,si,543.8
399,50,62.4,155,M,12,70,120,159,6,21.2,fuerza,nocturno,si,570.7
400,21,70,167,M,7,39,103,128,3,16.5,cardio_moderado,matutino,si,281.1
401,48,59.6,160,M,13,76,153,177,1,24.8,fuerza,matutino,si,635.4
402,39,58.4,170,F,10,23,176,204,8,23.6,cardio_moderado,vespertino,si,446.2
403,21,69.3,184,F,40,67,142,162,4,15.8,cardio_intenso,nocturno,si,585.9
404,31,54.6,165,M,39,45,120,147,3,23.8,fuerza,vespertino,si,414.4
405,23,63.9,168,F,16,50,122,152,7,18.6,cardio_intenso,vespertino,si,553.3
406,16,108,176,M,19,55,156,181,6,22.3,mixto,vespertino,si,599.6
407,54,76.6,185,M,24,41,125,153,3,25.8,fuerza,vespertino,si,441.7
408,50,65.3,150,M,21,53,109,135,8,25.1,cardio_moderado,matutino,si,508.5
409,35,73.3,175,M,45,82,120,146,3,21.5,mixto,vespertino,si,599.2
410,17,83.7,161,M,27,23,96,129,7,19.7,cardio_intenso,matutino,si,403.3
411,39,78.3,168,F,1,74,127,165,5,23.4,cardio_moderado,vespertino,si,544.9
412,22,71.1,150,M,15,79,134,161,8,28.5,fuerza,matutino,si,738
413,40,54,162,F,48,36,150,189,5,20.4,cardio_intenso,matutino,si,405.9
414,43,70,179,F,9,60,130,156,6,23.5,cardio_moderado,matutino,si,538.3
415,35,90.1,175,F,29,56,165,194,6,23.4,cardio_moderado,vespertino,si,594.3
416,32,75.4,159,M,16,59,149,172,6,25.7,cardio_intenso,nocturno,si,693.9
417,45,79.4,170,F,9,53,121,153,2,24.5,mixto,matutino,no,479.3
418,45,75,165,F,6,40,119,151,9,14.5,cardio_intenso,vespertino,si,390.7
419,38,82.3,153,M,21,38,138,172,3,20.9,cardio_intenso,matutino,si,501
420,32,100,162,M,57,70,146,171,5,17.8,fuerza,vespertino,si,609.9
421,43,81.5,180,M,11,52,144,173,3,19.5,cardio_moderado,vespertino,si,488.5
422,35,53.2,164,F,6,55,122,150,9,18.1,cardio_intenso,matutino,si,574.2
423,49,78.7,157,M,30,30,123,160,5,25.3,mixto,nocturno,si,387
424,19,68.3,174,M,2,24,106,135,6,23.4,fuerza,matutino,no,288
425,32,75.5,167,F,33,83,104,135,3,24.2,cardio_moderado,vespertino,si,569.8
426,45,65,161,M,37,62,154,178,6,24.5,mixto,vespertino,si,578.8
427,25,91.5,169,F,18,58,83,109,6,22.1,fuerza,vespertino,si,377.9
428,16,73.9,150,F,26,34,110,138,5,19.3,cardio_moderado,vespertino,si,339.3
429,39,81.3,174,F,59,62,109,141,6,21.6,fuerza,nocturno,si,454.6
430,26,67.8,160,M,4,27,101,129,8,23.5,fuerza,matutino,si,332.3
431,28,108.4,175,M,34,73,NA,158,5,NA,fuerza,nocturno,si,640.1
432,41,72.1,183,F,24,35,141,158,5,22.4,cardio_moderado,vespertino,si,421.2
433,56,80.3,174,F,15,51,146,166,5,NA,cardio_intenso,nocturno,si,498.8
434,33,69.4,168,F,7,84,168,188,5,17.9,mixto,matutino,si,700.5
435,43,66.9,155,M,19,38,132,151,3,19.9,cardio_moderado,NA,si,335.4
436,16,74.8,154,M,56,62,108,130,8,21.3,cardio_intenso,nocturno,si,630.2
437,34,91.5,NA,M,10,33,114,132,3,NA,cardio_moderado,NA,si,340.9
438,16,95.9,158,M,28,89,178,205,9,22.7,cardio_moderado,NA,si,858.8
439,16,71.6,164,F,6,51,129,157,7,16.4,cardio_intenso,vespertino,si,497.2
440,48,74.3,157,F,8,41,131,157,8,19.5,fuerza,matutino,si,387
441,41,90.2,182,M,19,44,122,149,5,18.2,mixto,nocturno,si,432.1
442,39,95.5,163,F,23,69,114,132,8,NA,mixto,vespertino,si,556.5
443,27,68.7,170,F,19,42,130,166,7,17.9,cardio_moderado,vespertino,si,479.6
444,19,71.8,170,F,47,57,151,183,7,19.9,cardio_intenso,NA,si,603.5
445,38,90.5,169,F,32,59,130,155,1,25.7,cardio_moderado,nocturno,si,533.8
446,21,79.3,158,F,28,91,115,150,4,22.7,cardio_moderado,vespertino,si,613
447,60,61.5,170,F,41,45,160,173,6,22.6,mixto,matutino,si,537
448,34,85,174,F,13,52,121,155,7,26,cardio_moderado,vespertino,si,502.6
449,36,45,160,M,26,48,130,157,2,21,fuerza,vespertino,si,428.9
450,16,86.9,193,F,22,46,125,151,7,25.2,fuerza,vespertino,si,499
451,39,80.8,166,F,7,51,148,168,8,26.6,cardio_moderado,nocturno,si,517.2
452,45,81.3,165,F,7,20,138,175,5,NA,cardio_moderado,vespertino,si,353.7
453,36,82.7,161,F,43,36,130,159,3,21.9,fuerza,vespertino,si,372.8
454,34,69.1,180,M,76,61,107,143,2,19.7,mixto,matutino,si,422.9
455,50,72.9,192,M,20,23,154,177,4,21.2,cardio_moderado,vespertino,si,366.5
456,41,61.5,162,M,60,28,142,177,6,23.1,cardio_moderado,vespertino,si,419.7
457,40,54.8,161,M,12,76,135,172,6,22.6,cardio_moderado,matutino,si,649.9
458,45,82.7,163,M,24,53,NA,143,4,21.6,fuerza,nocturno,si,423.5
459,37,59.2,156,M,27,79,NA,161,2,22.6,cardio_moderado,matutino,si,579.3
460,68,92.8,183,F,43,39,100,129,8,23.4,fuerza,matutino,si,318
461,37,90.9,161,F,16,42,130,157,4,19,mixto,vespertino,si,426.8
462,45,70.3,155,M,9,60,127,147,5,22.1,cardio_moderado,nocturno,si,598.3
463,43,76.4,157,F,33,57,128,158,2,25.8,cardio_intenso,matutino,si,479.1
464,41,95,165,F,4,86,150,170,2,17.7,fuerza,matutino,si,688.3
465,45,75.4,155,M,2,61,152,182,8,21.4,cardio_moderado,matutino,no,581.6
466,37,82.7,171,M,39,39,130,166,3,NA,cardio_intenso,vespertino,si,496.4
467,16,84,161,M,27,38,133,154,6,27.3,mixto,vespertino,si,535.9
468,24,93.3,177,M,13,67,125,148,6,20.1,fuerza,vespertino,si,577.8
469,59,69.5,176,M,46,48,153,189,7,23.6,cardio_moderado,nocturno,si,619.4
470,54,75.5,170,M,19,104,164,194,9,20.5,cardio_moderado,vespertino,si,862.5
471,32,67.2,171,M,24,46,115,159,8,20.8,cardio_intenso,nocturno,si,436.2
472,16,54.6,170,M,14,66,125,159,8,22.8,cardio_moderado,nocturno,si,579.9
473,25,45,165,M,8,61,128,159,6,NA,fuerza,nocturno,si,566.7
474,16,63.3,164,M,14,51,140,172,6,19.9,fuerza,matutino,si,537.1
475,16,74.8,171,F,30,57,132,160,5,19,cardio_moderado,vespertino,si,556.8
476,43,64.4,162,M,14,41,139,164,5,NA,cardio_moderado,NA,si,523.2
477,34,73.5,165,F,21,58,136,159,7,23.9,cardio_moderado,matutino,si,576.1
478,49,76.4,164,F,20,70,98,128,7,20.5,fuerza,matutino,si,480.7
479,18,88.7,166,M,26,69,133,157,8,24.4,cardio_moderado,nocturno,si,646.6
480,22,48.5,157,M,5,49,123,145,9,17.6,fuerza,vespertino,si,479.4
481,40,104.4,170,M,14,87,120,149,5,26.2,fuerza,nocturno,si,666.5
482,46,75.6,174,M,19,48,122,152,6,16.4,mixto,vespertino,si,483.4
483,31,87.6,176,M,34,87,175,205,7,20.9,cardio_intenso,matutino,si,803.9
484,22,48.9,152,F,69,70,149,185,1,23.2,cardio_intenso,vespertino,si,587.3
485,53,95.8,160,F,55,84,140,179,3,29.1,cardio_intenso,nocturno,si,657.2
486,52,75.4,180,M,28,68,120,144,5,23.5,cardio_moderado,vespertino,si,596.2
487,45,67,186,F,33,37,172,204,6,21,cardio_moderado,nocturno,si,539
488,42,65.4,162,M,13,47,123,148,6,22.7,cardio_moderado,NA,si,469.5
489,20,72.6,168,M,18,60,94,128,8,17.1,cardio_moderado,matutino,si,489.8
490,16,62.5,161,F,7,65,132,159,5,26.3,mixto,matutino,si,559.2
491,56,64.8,150,M,12,44,167,191,5,21.6,cardio_moderado,matutino,si,475.6
492,36,48.7,173,M,57,54,100,128,7,21.2,mixto,nocturno,si,375.4
493,24,70.5,160,M,56,33,133,159,4,19.3,cardio_intenso,matutino,si,394.9
494,50,60.4,172,F,12,54,93,120,3,17.9,fuerza,matutino,si,310.9
495,26,57.1,180,M,47,84,148,179,7,16.4,cardio_moderado,matutino,si,735.1
496,28,63.8,163,M,26,52,135,170,8,16.4,fuerza,vespertino,si,532
497,38,85.1,180,M,2,63,123,143,2,18.7,cardio_moderado,vespertino,si,578
498,18,64.8,163,M,26,60,NA,156,6,24.2,mixto,matutino,si,517.6
499,27,96.8,183,M,40,34,NA,167,4,23.4,cardio_moderado,vespertino,si,486.5
500,21,104.4,176,F,60,57,125,152,7,20.3,fuerza,nocturno,si,507.4
501,46,52.1,NA,M,25,45,143,171,8,28.7,cardio_moderado,vespertino,si,519.7
502,37,66,172,M,52,53,121,153,7,26.3,fuerza,vespertino,si,479.4
503,30,72.7,168,M,49,46,139,167,10,21.2,mixto,vespertino,si,509.6
504,48,63.7,169,M,24,88,134,166,7,18.5,mixto,matutino,si,681.3
505,32,93,167,F,24,82,131,169,6,22.1,cardio_intenso,vespertino,si,663
506,31,76.2,162,F,40,60,120,150,6,18.7,cardio_intenso,matutino,si,445.2
507,34,62.4,182,F,18,67,109,135,6,19.6,cardio_intenso,vespertino,si,524.6
508,26,66.8,158,F,50,40,108,130,6,26.7,mixto,vespertino,si,386.9
509,34,58.8,175,M,12,53,119,148,6,NA,mixto,vespertino,si,479.7
510,43,67.2,186,M,23,56,128,152,5,25.2,cardio_moderado,matutino,si,544.1
511,35,89.3,154,F,15,63,119,149,6,19.2,fuerza,vespertino,si,526.2
512,51,60.6,158,M,91,25,155,177,5,21,cardio_moderado,matutino,si,416.5
513,26,82.6,157,M,13,69,132,161,3,24.9,fuerza,vespertino,si,675
514,30,70.4,168,F,15,23,149,186,3,23.3,fuerza,vespertino,si,324
515,48,51,163,F,19,62,121,141,8,25.2,cardio_moderado,matutino,si,483.3
516,20,63,176,F,55,52,133,167,7,16,fuerza,matutino,si,436.2
517,18,50.8,179,M,13,37,153,176,3,18.9,fuerza,matutino,si,382.4
518,40,100.4,NA,M,42,47,122,148,6,19,cardio_moderado,vespertino,si,571.8
519,29,77.5,164,F,9,46,139,160,8,22.6,cardio_moderado,nocturno,si,570.8
520,22,76,167,F,36,77,136,176,7,25.6,mixto,vespertino,si,668.1
521,23,74.2,168,M,16,74,126,159,7,22.8,fuerza,vespertino,si,591.3
522,42,77.4,158,M,9,84,NA,148,4,21,cardio_moderado,matutino,si,700.1
523,25,69.9,156,F,11,48,137,173,6,21.8,mixto,matutino,si,444.6
524,33,68.5,157,M,47,61,106,134,2,28.6,fuerza,matutino,si,533.7
525,24,61.6,166,M,20,37,120,143,6,23.8,fuerza,matutino,si,402.8
526,38,71.5,165,F,17,87,130,149,9,21.9,cardio_moderado,vespertino,si,673.3
527,26,72.6,169,M,17,47,140,165,5,22.5,cardio_moderado,NA,si,466
528,38,60.6,166,F,11,81,163,188,3,23.6,cardio_intenso,nocturno,si,703.7
529,27,76,157,F,5,46,117,154,7,21.9,cardio_moderado,nocturno,si,463.5
530,53,55.4,151,M,29,55,137,160,4,25.9,fuerza,vespertino,si,458.9
531,37,77.4,158,F,17,62,130,146,5,21.4,cardio_moderado,matutino,si,560.2
532,16,73.1,174,F,12,55,129,154,7,23.6,cardio_intenso,vespertino,si,578
533,48,86.7,155,M,17,55,NA,160,7,26.2,mixto,vespertino,si,554.5
534,32,74.1,171,F,8,53,102,133,9,22.1,cardio_intenso,nocturno,si,478.6
535,36,81.4,163,F,7,50,129,152,8,21.1,cardio_moderado,matutino,si,461
536,48,94.2,164,M,12,27,125,148,9,23.7,cardio_intenso,matutino,si,465.4
537,37,78.6,173,F,1,42,128,167,7,22.9,mixto,vespertino,si,427.8
538,61,86.1,164,M,40,68,134,149,6,21.7,cardio_moderado,vespertino,si,608.8
539,27,69.2,174,M,6,35,160,179,3,26.5,mixto,nocturno,si,512.5
540,37,66.4,180,F,16,80,139,163,4,23.7,cardio_moderado,matutino,si,711
541,38,70,179,M,15,52,118,146,2,22.7,mixto,matutino,si,510.7
542,42,61,159,F,29,32,143,167,5,24.8,fuerza,matutino,si,398.1
543,42,76.5,170,F,12,53,167,189,8,22.4,cardio_moderado,matutino,si,621.1
544,39,77.5,170,M,12,33,157,183,6,23.8,mixto,nocturno,si,428.3
545,19,60,157,M,16,81,125,157,3,20.3,cardio_moderado,vespertino,si,611.1
546,28,73.3,164,F,23,67,89,117,6,28.1,cardio_intenso,vespertino,si,537.7
547,34,79.6,177,M,34,57,138,157,6,17.6,fuerza,vespertino,si,564.6
548,28,65.7,175,M,22,85,171,192,6,20.9,cardio_intenso,matutino,si,817.3
549,37,59.3,170,M,11,42,149,172,5,20.7,cardio_moderado,matutino,si,501.5
550,24,75.6,171,F,41,62,164,192,9,21.8,cardio_intenso,nocturno,si,684.7
551,43,55,163,M,19,51,134,158,5,17.4,cardio_moderado,nocturno,si,498.9
552,35,91.4,173,M,42,54,146,186,6,25.4,mixto,vespertino,si,579.8
553,39,72.2,171,F,3,56,97,122,4,22.1,fuerza,matutino,si,415.8
554,31,59.8,169,F,1,63,135,163,7,NA,cardio_moderado,matutino,si,547.1
555,26,67.7,179,M,37,56,153,183,9,19.1,fuerza,matutino,si,577.7
556,49,84.4,163,M,27,76,155,181,2,23.6,fuerza,matutino,si,688.2
557,24,69.9,160,F,15,56,145,171,3,23.8,mixto,vespertino,si,535.6
558,24,72.7,169,M,48,42,130,160,7,17.9,cardio_moderado,matutino,si,421
559,25,82.4,163,M,10,72,118,140,10,20.7,cardio_intenso,matutino,si,662.5
560,53,87.1,157,M,9,39,155,178,5,24.4,cardio_moderado,matutino,si,511.7
561,32,68.3,153,F,40,80,90,107,4,18.9,fuerza,vespertino,si,420.2
562,45,81.2,167,M,46,55,125,148,3,23.4,mixto,nocturno,si,547.2
563,22,73.4,180,M,14,40,183,205,8,21,fuerza,vespertino,si,501.4
564,28,77.1,173,M,34,78,122,147,4,21.8,cardio_intenso,vespertino,si,635.8
565,31,78.3,174,F,3,48,99,120,5,24.2,cardio_moderado,matutino,si,413.1
566,40,80.8,173,F,8,63,165,193,6,24.3,fuerza,nocturno,si,634.8
567,30,76.9,157,F,5,85,147,178,5,16.8,cardio_intenso,NA,si,699.8
568,41,68.6,156,M,36,19,121,141,4,NA,cardio_intenso,matutino,si,326
569,34,78.7,173,F,9,68,135,171,3,23.1,cardio_intenso,vespertino,si,629.5
570,35,76.6,165,F,23,54,115,147,6,23.1,mixto,vespertino,si,505.3
571,56,79.7,158,M,38,28,150,182,4,19.9,cardio_moderado,nocturno,si,396.3
572,26,69.8,160,F,28,52,132,151,7,21.7,cardio_moderado,nocturno,si,464.3
573,44,78.1,163,M,32,15,120,143,1,19.2,fuerza,matutino,si,262.3
574,45,69.6,183,F,42,50,142,170,3,24.6,cardio_moderado,matutino,si,455.6
575,51,77,157,M,25,67,137,149,1,13.6,cardio_intenso,matutino,si,556.1
576,37,62,171,F,34,23,102,138,5,28.1,fuerza,matutino,si,253.1
577,36,100.5,166,M,31,48,146,174,7,15.7,cardio_moderado,matutino,si,483.9
578,35,76.1,184,M,1,17,164,186,6,21.4,fuerza,nocturno,si,416.6
579,41,72.5,156,M,35,49,124,154,7,19,cardio_intenso,vespertino,si,501.1
580,40,56.5,158,F,10,49,144,179,8,22,mixto,vespertino,si,473.9
581,30,72.8,161,M,27,39,136,154,6,18.9,fuerza,vespertino,si,468.3
582,43,77,151,F,14,43,139,168,9,21,fuerza,nocturno,si,466.5
583,40,77.9,164,F,23,60,129,155,6,28,mixto,vespertino,si,594.1
584,41,72.8,157,M,67,58,NA,173,4,22.1,cardio_moderado,vespertino,si,529.5
585,64,72.2,161,F,11,45,NA,141,8,22.7,cardio_intenso,vespertino,si,425.6
586,36,79.8,180,M,47,70,130,160,2,21.7,fuerza,matutino,si,592.1
587,27,86.2,169,M,35,62,138,163,8,23.4,cardio_intenso,nocturno,no,670.1
588,38,65,178,M,31,35,148,185,5,18.7,cardio_intenso,vespertino,si,526.4
589,30,71.1,NA,F,22,48,NA,193,8,20,mixto,matutino,si,472.5
590,25,60.1,161,F,32,45,117,160,7,18,cardio_moderado,vespertino,si,322.7
591,29,67.3,169,F,20,67,140,176,7,22.7,mixto,vespertino,si,551.4
592,34,57.7,165,F,23,62,127,147,6,20.1,cardio_moderado,vespertino,si,489.3
593,44,64.7,174,M,30,44,131,160,4,25.9,fuerza,vespertino,si,450.7
594,37,88.8,161,F,2,31,156,184,7,21.2,cardio_moderado,nocturno,si,454.1
595,24,86.5,171,F,15,60,NA,136,5,21,mixto,nocturno,si,506
596,31,67,160,M,55,42,125,157,3,20.4,cardio_intenso,nocturno,si,407.6
597,16,77.1,173,M,26,53,NA,165,9,24.3,mixto,vespertino,si,583.5
598,31,77.1,165,M,35,55,121,151,7,23.2,cardio_moderado,vespertino,si,535.5
599,19,103.5,178,M,31,70,136,169,8,21.7,fuerza,vespertino,no,652.6
600,18,56.5,167,F,29,65,163,185,3,19.4,fuerza,vespertino,si,584.7
601,44,69.8,172,M,27,71,126,151,5,19.4,fuerza,vespertino,si,574
602,31,77.4,179,M,38,51,154,187,7,23.8,fuerza,vespertino,si,561.2
603,33,63.1,174,M,16,68,123,159,4,24.2,cardio_moderado,vespertino,si,583.4
604,39,73.5,169,F,27,41,164,200,6,32.6,cardio_intenso,vespertino,si,635.8
605,28,60.4,157,M,8,29,141,172,5,21.2,mixto,vespertino,si,404.5
606,31,71.4,172,F,16,66,137,168,4,18.4,fuerza,matutino,si,512.4
607,27,87.8,155,M,29,62,156,186,9,NA,cardio_intenso,matutino,si,696.9
608,29,73.9,177,F,34,42,168,198,2,20,fuerza,matutino,si,490.1
609,21,75,162,M,2,48,133,166,3,18.3,cardio_intenso,matutino,si,497.5
610,42,72.8,170,F,12,89,107,137,5,20.8,fuerza,matutino,si,556.2
611,40,60.7,160,M,12,64,133,166,6,19.4,cardio_intenso,vespertino,si,665.6
612,24,45,169,M,15,88,137,177,4,17.3,fuerza,matutino,si,668.8
613,53,78.7,168,M,37,21,154,180,8,NA,fuerza,vespertino,si,365.5
614,30,60.6,167,F,10,60,169,205,2,21.5,fuerza,vespertino,si,576.1
615,30,45,164,F,24,61,144,178,1,20.5,mixto,vespertino,si,483
616,17,71.3,155,F,36,39,NA,205,4,22,cardio_moderado,nocturno,si,520.6
617,33,58.9,192,M,26,49,128,144,9,22.8,fuerza,vespertino,si,460.8
618,23,74.2,158,M,22,26,137,177,8,23.3,mixto,vespertino,si,382.6
619,37,69.2,174,F,32,72,132,161,6,22,fuerza,nocturno,si,557.5
620,35,75.4,160,M,20,80,105,137,7,25.1,cardio_intenso,vespertino,si,615
621,42,87.9,156,M,11,64,142,166,5,20.9,cardio_moderado,matutino,si,546.5
622,26,59.9,181,M,13,74,116,137,2,23.8,fuerza,vespertino,si,493.6
623,16,83.6,164,M,52,52,138,161,7,19,fuerza,vespertino,si,570.6
624,37,72.1,167,F,39,34,148,181,6,18.3,mixto,matutino,si,394.2
625,38,65.2,185,F,3,49,156,182,4,22.1,fuerza,nocturno,si,528.3
626,47,64.8,175,M,65,23,127,168,7,25.9,mixto,vespertino,si,409.9
627,31,66.7,171,M,10,80,169,198,4,23.9,mixto,nocturno,si,844.7
628,38,65.2,164,M,29,92,124,155,6,25.7,fuerza,nocturno,si,692.1
629,38,55.6,166,F,28,56,106,134,7,17.3,cardio_moderado,matutino,si,428.6
630,28,65.8,166,M,21,67,110,142,7,19.5,cardio_moderado,vespertino,si,555.9
631,16,80.6,164,M,36,59,112,149,2,NA,cardio_intenso,matutino,si,550.1
632,25,69.2,181,F,3,69,127,158,8,23,fuerza,nocturno,si,555.4
633,35,63.3,168,F,23,47,129,156,5,22.9,cardio_intenso,NA,si,440
634,34,80.3,161,F,54,43,135,161,5,21.5,mixto,nocturno,si,438.2
635,18,61.3,176,F,21,60,133,157,7,21.7,fuerza,NA,si,477.7
636,32,64,169,F,4,41,143,169,2,21.6,cardio_intenso,nocturno,si,391.9
637,21,77.5,151,M,40,31,120,161,10,23.5,fuerza,vespertino,si,412.6
638,41,66.7,160,M,11,63,125,149,3,21.4,cardio_intenso,nocturno,si,581.3
639,34,75.2,163,M,22,42,153,187,6,22.9,cardio_intenso,matutino,si,591.9
640,28,58.1,172,M,12,81,147,180,3,22,cardio_moderado,matutino,si,657.4
641,40,65.1,161,M,7,38,127,152,3,27.8,cardio_moderado,matutino,si,449.3
642,23,87.7,168,F,8,54,124,138,9,16.9,cardio_moderado,vespertino,si,499
643,46,72.1,159,M,55,65,145,183,6,27,mixto,matutino,si,602.1
644,25,85.6,178,F,30,51,122,150,8,25.5,cardio_moderado,vespertino,si,543.8
645,16,59.5,167,F,23,38,107,133,4,24.1,cardio_moderado,matutino,si,324.1
646,23,60.5,167,M,15,42,133,159,6,19.4,cardio_moderado,vespertino,no,516.8
647,29,72.9,159,M,17,24,130,161,4,23.6,cardio_moderado,vespertino,si,387.9
648,31,86.2,165,M,17,78,139,167,9,25.4,cardio_moderado,vespertino,si,739.7
649,24,61.8,175,F,6,71,132,160,6,24,cardio_intenso,nocturno,si,606.6
650,29,66.2,NA,M,16,54,129,160,4,20.2,cardio_intenso,vespertino,si,556.8
651,36,85.5,164,M,35,66,113,142,6,16.8,mixto,vespertino,si,497.3
652,36,80.9,165,F,29,56,143,164,9,25.7,cardio_intenso,nocturno,si,660.3
653,34,71.1,150,F,48,35,132,158,5,21,cardio_moderado,matutino,si,466.4
654,23,72.4,168,M,36,49,133,165,9,17.7,fuerza,matutino,si,478
655,35,84.2,150,M,13,68,101,119,6,22,cardio_intenso,vespertino,si,607.4
656,48,99.6,183,M,11,48,151,188,5,20.4,cardio_moderado,vespertino,si,565.6
657,24,75.3,167,M,41,40,136,179,6,24.6,cardio_moderado,vespertino,si,524.5
658,54,81.3,164,M,4,59,122,153,3,21.8,fuerza,vespertino,si,547.9
659,43,76,166,M,24,52,146,174,9,25.1,fuerza,nocturno,si,618
660,19,81,174,F,8,56,110,148,4,24.8,cardio_intenso,matutino,si,478.6
661,22,82.1,166,F,69,65,139,169,4,25.7,mixto,matutino,si,595.9
662,30,75.6,170,M,11,78,115,132,5,17.2,mixto,nocturno,si,600.9
663,33,79.3,172,M,6,29,124,152,7,19.8,fuerza,vespertino,si,420.9
664,23,81.3,162,M,36,66,144,165,4,22.2,cardio_intenso,vespertino,si,668.2
665,26,92.9,163,M,16,45,123,140,5,35.3,fuerza,nocturno,si,504.6
666,37,90,173,M,2,60,NA,150,6,20.8,cardio_intenso,vespertino,si,607.9
667,36,50.6,170,F,11,59,183,204,7,25.5,mixto,vespertino,si,636.6
668,25,65.7,171,M,14,51,132,169,4,24.4,cardio_intenso,matutino,si,543.2
669,28,109.4,184,F,40,72,151,157,4,23.3,fuerza,matutino,si,583.1
670,23,85.7,172,M,16,41,137,172,5,24.6,cardio_moderado,nocturno,si,448.5
671,16,48.1,152,M,25,30,81,107,6,19,mixto,vespertino,si,370.4
672,26,78.4,181,M,6,67,97,138,4,23.5,cardio_intenso,nocturno,si,521
673,26,70.9,150,M,20,29,126,164,5,15.4,cardio_moderado,nocturno,si,380.8
674,32,93.8,169,F,46,23,144,173,8,21,fuerza,vespertino,si,334.8
675,22,65.8,171,M,16,24,159,182,3,20.5,fuerza,vespertino,si,406.4
676,38,68.3,NA,F,22,39,140,163,7,13.8,fuerza,vespertino,si,344.6
677,17,95.9,159,M,27,23,102,121,9,18.5,cardio_moderado,vespertino,si,392.2
678,51,64.8,167,F,47,60,141,161,3,24.4,mixto,vespertino,si,474.9
679,21,66.4,168,M,9,67,143,169,6,21.1,fuerza,matutino,si,593.8
680,38,58.6,NA,F,27,48,119,151,3,23.5,cardio_moderado,matutino,no,461.2
681,54,61.1,164,M,42,59,107,138,5,26.8,cardio_intenso,matutino,si,542.5
682,25,55.6,167,F,10,65,134,146,4,25.3,mixto,vespertino,si,663.6
683,29,80.2,154,F,13,42,111,132,6,23.1,cardio_moderado,nocturno,si,419.8
684,26,67.3,180,M,9,54,163,201,4,22.6,mixto,nocturno,si,585.7
685,34,88.5,175,M,21,25,131,161,5,25,cardio_intenso,matutino,si,437.9
686,39,68.3,164,M,32,70,117,139,3,26.3,cardio_moderado,matutino,no,640.5
687,16,74.6,163,F,20,75,110,137,5,22.9,cardio_moderado,matutino,si,526.3
688,22,63.8,167,F,7,68,145,162,8,20.4,cardio_intenso,vespertino,si,651.1
689,18,80.4,170,F,30,52,138,170,7,24.7,fuerza,matutino,si,622.9
690,38,96.1,169,M,19,81,107,139,8,21.6,cardio_moderado,matutino,si,660.5
691,37,77.8,158,F,32,59,107,144,5,25.3,fuerza,matutino,si,446.1
692,25,85.1,175,F,18,86,133,160,8,19.7,cardio_moderado,nocturno,si,689
693,22,73.4,174,F,33,89,128,155,6,19.3,cardio_intenso,matutino,si,753.9
694,16,74,167,M,44,40,150,175,9,17.7,cardio_moderado,vespertino,si,518.6
695,41,62.7,169,F,29,47,134,161,6,22.4,fuerza,nocturno,si,433.3
696,25,60.6,167,M,32,56,126,162,4,22,fuerza,nocturno,si,457.3
697,41,51.7,170,M,13,63,143,169,4,17.7,fuerza,vespertino,si,486.6
698,55,61.1,167,F,81,97,99,124,8,25.9,cardio_intenso,nocturno,si,696.5
699,48,82.7,180,F,44,33,120,147,5,18.4,fuerza,nocturno,si,322
700,24,81.3,154,M,6,66,112,132,4,19.5,cardio_moderado,matutino,si,583.3
701,46,76.8,174,F,34,15,147,172,8,19.4,mixto,nocturno,si,300.2
702,26,76.3,173,F,57,75,124,151,7,24.1,cardio_intenso,matutino,si,605.5
703,36,75.1,163,M,10,30,152,192,4,29.7,cardio_intenso,nocturno,si,504
704,35,62.4,160,M,11,35,NA,161,6,23.4,fuerza,vespertino,si,395.9
705,39,65.3,168,M,4,28,142,162,7,21.8,cardio_intenso,vespertino,si,489.3
706,33,82.5,171,F,21,42,127,158,4,24.7,mixto,nocturno,si,389.1
707,36,69.6,177,M,52,38,112,133,5,19.5,cardio_moderado,vespertino,si,373.8
708,40,77.1,166,F,5,66,138,161,5,26.2,mixto,vespertino,si,627.7
709,16,66.9,174,M,32,59,83,111,8,24.4,mixto,matutino,si,508.3
710,30,53.5,156,M,65,63,161,179,3,24.9,cardio_moderado,matutino,si,585.5
711,37,88.8,159,F,25,61,151,166,7,24.9,fuerza,nocturno,si,615.2
712,35,72.6,163,M,10,32,153,189,4,25.7,mixto,vespertino,si,482.5
713,34,70.3,166,M,81,68,175,202,7,18.4,fuerza,NA,si,643.4
714,52,79.9,167,F,13,62,123,146,4,23.3,cardio_moderado,vespertino,si,506.7
715,32,103.5,162,M,10,69,120,156,2,21.9,cardio_moderado,matutino,si,638.2
716,34,74.5,171,M,3,51,133,150,5,21.2,mixto,NA,si,544.3
717,32,93.9,179,F,49,74,154,186,5,22,cardio_moderado,matutino,si,680.8
718,59,86,162,F,18,52,101,135,4,23.4,cardio_moderado,vespertino,si,396.5
719,26,66.9,164,F,17,64,169,205,8,22.3,fuerza,vespertino,si,637.5
720,45,82.9,151,M,32,49,147,165,10,22,cardio_intenso,nocturno,si,565.5
721,46,76.3,165,M,43,100,156,179,8,19.6,mixto,vespertino,si,818.7
722,25,85.8,173,F,11,41,NA,172,5,22.1,fuerza,matutino,si,461.8
723,47,83.3,162,F,18,65,151,178,7,21.3,cardio_moderado,matutino,si,668.8
724,39,68.6,155,M,9,39,126,159,5,25.2,cardio_moderado,nocturno,si,480
725,44,53.1,156,M,38,19,111,137,5,23,mixto,nocturno,si,212.4
726,16,80.1,174,M,49,49,125,157,8,30.8,cardio_intenso,nocturno,si,578.5
727,24,77.5,178,F,14,76,108,137,8,25.2,cardio_moderado,nocturno,si,527.6
728,29,66.2,161,M,14,52,151,184,6,20.9,cardio_intenso,nocturno,si,618.4
729,35,82.2,176,F,5,55,146,176,9,23,fuerza,matutino,si,619
730,32,70.7,162,F,5,49,131,161,8,25.7,cardio_moderado,matutino,si,535
731,31,96.1,160,M,8,50,129,153,8,25.6,cardio_intenso,matutino,si,562.1
732,40,76.1,178,F,23,54,110,138,4,17.5,fuerza,nocturno,si,402.9
733,43,68.4,180,M,38,30,148,186,9,23.6,cardio_intenso,matutino,si,469.6
734,51,92.1,166,M,31,71,88,113,4,24.7,cardio_moderado,vespertino,si,576.9
735,40,45,156,M,16,50,144,171,8,21.8,cardio_intenso,matutino,si,542.3
736,20,71.6,169,M,10,15,120,143,6,26.5,fuerza,vespertino,si,354.4
737,18,85.9,156,F,17,66,128,157,7,25.7,fuerza,matutino,si,575.4
738,48,74.5,170,F,77,75,150,178,3,26.6,fuerza,matutino,si,566.4
739,29,74.2,179,M,33,54,137,171,4,18.9,cardio_moderado,nocturno,si,499.4
740,37,82.9,166,M,31,74,143,173,6,24.4,fuerza,matutino,si,672.2
741,37,55.9,167,M,19,52,144,172,5,21.6,fuerza,nocturno,si,512.6
742,40,67.3,151,M,67,61,124,160,4,24.8,mixto,vespertino,si,548.9
743,28,68.1,163,M,22,46,124,152,4,18,cardio_moderado,nocturno,si,452.2
744,29,68.9,181,F,25,49,136,163,4,22.2,cardio_moderado,nocturno,si,428.5
745,38,87,155,M,10,53,133,160,4,NA,cardio_moderado,vespertino,si,555.5
746,24,66.7,171,M,37,38,131,150,5,23.5,fuerza,matutino,si,435.8
747,31,71.5,160,M,39,32,129,163,8,28.7,fuerza,vespertino,si,418.8
748,27,62.9,159,F,17,26,125,151,4,20.3,cardio_intenso,matutino,si,338.3
749,21,51,181,M,40,40,130,163,7,23.2,cardio_moderado,matutino,si,474.2
750,35,99.6,150,F,21,37,144,169,8,15.8,mixto,NA,no,508.3
751,38,82.7,183,M,20,49,125,158,8,20.1,fuerza,vespertino,si,469.9
752,34,70,156,F,8,57,108,140,8,18.2,cardio_intenso,nocturno,si,502.7
753,37,80.5,155,M,39,59,109,139,6,26.5,fuerza,vespertino,si,462.3
754,32,74.6,171,M,94,58,127,150,5,20.1,fuerza,vespertino,si,479.7
755,31,68.3,169,M,27,55,126,152,7,20.7,fuerza,vespertino,si,472.6
756,16,61.1,160,M,43,75,106,133,6,25,mixto,nocturno,si,617.6
757,46,67.7,156,F,19,52,130,165,5,22,cardio_intenso,vespertino,si,508.8
758,49,53.5,159,M,23,57,128,148,9,19.2,cardio_moderado,nocturno,si,531.3
759,43,50.5,178,M,42,32,130,165,6,NA,cardio_moderado,vespertino,si,405.6
760,39,50.7,167,M,28,81,131,157,5,25,cardio_intenso,vespertino,si,652.7
761,34,62.3,181,F,23,50,NA,160,5,20.1,mixto,matutino,si,472.6
762,29,72.3,174,M,27,54,107,134,6,14.8,cardio_moderado,matutino,si,487.2
763,35,59.4,172,M,14,74,116,131,6,15.3,mixto,matutino,no,616.8
764,27,87.5,178,M,27,53,120,142,5,26.2,fuerza,nocturno,si,527.7
765,41,65.8,162,F,66,20,104,135,7,24.2,cardio_moderado,matutino,si,300.7
766,37,63.3,174,M,45,15,138,170,9,22.8,cardio_moderado,matutino,si,318.5
767,33,75.8,175,F,74,56,128,164,5,26.4,fuerza,matutino,si,516.4
768,30,72.9,162,F,15,27,137,163,7,23.4,cardio_intenso,nocturno,si,376
769,36,58.8,188,F,70,70,136,167,5,22.2,fuerza,nocturno,si,529.1
770,41,89.9,175,M,53,49,128,146,6,27.1,fuerza,vespertino,si,528.1
771,49,74.6,170,M,27,50,124,154,5,20.8,cardio_intenso,matutino,si,560.1
772,18,89,172,M,2,36,110,148,7,18.8,mixto,vespertino,si,412.6
773,26,81.9,170,F,22,80,142,171,3,22,fuerza,nocturno,si,569.8
774,52,85.7,181,F,9,58,104,135,9,21.6,cardio_moderado,nocturno,si,500.7
775,31,58.6,164,M,37,54,150,173,7,26.5,cardio_intenso,nocturno,si,549.3
776,51,63.9,174,F,29,79,109,143,5,20.5,cardio_intenso,vespertino,si,574.5
777,24,69.9,160,F,16,44,122,155,5,24.4,cardio_intenso,nocturno,si,517.2
778,46,53.1,150,M,38,50,164,185,4,16,cardio_moderado,vespertino,si,491.8
779,24,80.7,157,M,16,35,140,168,3,25.6,cardio_moderado,vespertino,si,414.3
780,23,78.6,180,M,10,62,139,166,4,23.7,cardio_moderado,vespertino,si,609.4
781,36,74.2,178,F,18,51,134,154,6,22.8,mixto,matutino,si,523.8
782,30,52,166,M,35,43,139,168,3,16.8,mixto,nocturno,si,440.3
783,21,67.2,171,M,56,39,131,168,5,29.1,cardio_intenso,vespertino,si,506.9
784,21,82.1,154,M,6,89,103,135,7,28,cardio_intenso,vespertino,no,783
785,36,65.5,168,F,24,67,151,176,6,26.6,cardio_moderado,nocturno,si,621.9
786,21,72.8,169,F,6,53,144,175,3,21.5,cardio_moderado,matutino,si,514.4
787,44,75.8,160,F,31,63,134,164,5,21.3,cardio_intenso,NA,si,543.6
788,47,90.2,170,M,31,71,118,150,6,18.9,fuerza,matutino,si,547.7
789,20,74.3,163,M,45,41,136,168,5,24.4,cardio_moderado,nocturno,si,479.4
790,16,68.7,167,M,35,57,115,145,9,26.4,cardio_moderado,vespertino,si,560.9
791,16,79.4,162,F,16,54,125,153,4,21.8,cardio_moderado,matutino,si,403
792,42,60.9,169,M,52,84,147,167,9,29.1,mixto,vespertino,si,743.9
793,21,45,177,F,18,68,160,193,8,17.8,fuerza,matutino,si,610
794,44,73,173,M,4,44,146,167,5,NA,cardio_intenso,vespertino,si,561.7
795,31,62.5,165,M,9,79,NA,169,7,25.8,fuerza,vespertino,si,676.7
796,18,62.9,171,M,32,43,128,152,4,16.3,mixto,matutino,si,544.2
797,23,93.5,164,M,56,57,NA,161,4,16,cardio_moderado,vespertino,si,519.5
798,34,81.9,152,F,7,64,145,170,7,18.1,mixto,vespertino,no,615.3
799,55,86.3,151,M,19,15,121,146,3,29.5,cardio_intenso,matutino,si,398.4
800,37,96.2,155,M,15,57,135,157,6,18.8,cardio_intenso,nocturno,si,575.1
801,16,59.8,172,M,11,20,119,157,10,24.9,cardio_moderado,vespertino,si,354.9
802,27,73.5,180,M,16,42,124,149,8,20,cardio_intenso,vespertino,si,530.4
803,20,88.6,167,M,16,35,92,113,6,19,fuerza,matutino,si,301.2
804,21,78.6,161,F,30,48,112,142,9,17.4,fuerza,vespertino,si,477
805,41,67,176,M,26,48,166,189,5,19.8,cardio_intenso,matutino,si,594.2
806,28,73.1,171,F,26,62,146,168,6,23.8,cardio_intenso,matutino,si,602.1
807,45,56.9,NA,F,56,71,NA,162,8,19.1,fuerza,matutino,si,600
808,36,87,173,M,35,83,NA,145,6,20.4,fuerza,vespertino,si,614.1
809,34,85.5,174,M,34,61,175,205,8,23.3,cardio_intenso,matutino,si,724.8
810,51,64.1,178,M,42,71,141,159,2,23.1,cardio_intenso,matutino,si,604.9
811,27,94.4,176,F,18,57,145,173,4,19.5,mixto,vespertino,si,526.9
812,37,92.2,159,M,3,45,NA,165,8,22.7,fuerza,matutino,si,467.7
813,70,53.2,179,M,36,58,119,144,1,21,cardio_moderado,nocturno,si,463.1
814,29,98.2,167,F,14,32,117,143,5,23.2,cardio_moderado,vespertino,si,369.1
815,53,70.3,178,M,6,54,146,173,5,22.5,cardio_moderado,matutino,si,537.2
816,16,93.3,174,F,0,57,152,181,6,20.8,cardio_intenso,vespertino,si,625
817,36,49.8,166,M,15,55,138,166,6,19.6,fuerza,vespertino,si,533
818,27,74.1,171,M,24,61,114,146,3,20.7,cardio_intenso,matutino,si,564.3
819,16,75.8,166,F,54,99,127,158,5,18.6,cardio_moderado,vespertino,si,709.6
820,26,68.9,179,M,35,42,133,155,5,25.5,fuerza,vespertino,si,478.2
821,59,80.6,163,F,72,48,146,169,8,20.8,fuerza,matutino,si,434.8
822,31,61.2,175,F,19,83,109,137,6,16,fuerza,vespertino,si,565.6
823,27,69.6,150,F,16,73,139,163,5,20.1,cardio_intenso,nocturno,si,596.1
824,45,59.4,161,F,76,63,133,157,2,20.5,cardio_moderado,vespertino,si,445.3
825,25,76.1,166,F,9,66,135,172,4,25.3,fuerza,vespertino,si,502.9
826,36,71.3,156,F,24,58,135,168,6,22.9,cardio_moderado,nocturno,si,504.2
827,36,73.1,180,F,17,55,140,172,8,21.2,cardio_moderado,matutino,si,507.1
828,28,83.9,162,M,3,68,146,171,5,15.2,fuerza,matutino,si,610.6
829,29,67.1,152,M,49,22,135,165,6,25.8,mixto,vespertino,si,424.8
830,51,69.6,162,M,25,57,149,178,2,24.6,fuerza,vespertino,si,548
831,31,73.5,177,M,9,52,141,172,6,NA,cardio_moderado,matutino,si,532.8
832,57,70.7,152,F,5,27,142,169,6,17.5,cardio_intenso,matutino,si,438.3
833,31,86.2,163,F,15,60,133,167,4,23.9,cardio_moderado,vespertino,si,535.4
834,30,87.6,173,M,17,75,131,163,3,26.3,cardio_intenso,vespertino,si,695.4
835,26,101.3,156,M,26,71,129,158,5,20.2,cardio_moderado,vespertino,si,611.9
836,16,69.5,170,F,25,71,145,170,6,24.4,cardio_intenso,matutino,si,659
837,16,97.9,171,F,5,41,150,164,1,22.4,mixto,matutino,si,434.4
838,32,76.4,171,F,18,78,102,133,3,25.9,cardio_moderado,vespertino,si,579.1
839,25,46.2,180,M,35,42,118,161,7,23,cardio_moderado,vespertino,si,458.2
840,50,53.7,164,F,54,50,163,194,5,20.4,cardio_intenso,nocturno,si,540.7
841,37,57.3,164,F,12,29,122,154,8,21.6,mixto,vespertino,si,361.9
842,27,57.8,161,F,28,47,117,152,7,21,fuerza,vespertino,si,416.2
843,44,77.1,180,F,16,65,106,125,9,27.7,cardio_intenso,vespertino,si,593.6
844,25,96.9,162,F,40,87,NA,126,2,19.8,cardio_intenso,vespertino,si,575.4
845,35,77.7,175,F,23,55,170,185,6,24.6,mixto,nocturno,si,641.3
846,40,68.9,170,F,26,39,140,168,7,NA,cardio_intenso,nocturno,si,441
847,33,63.5,169,F,10,55,136,172,7,22.9,cardio_intenso,vespertino,si,529.9
848,30,94.1,188,M,33,59,160,196,4,20.3,cardio_moderado,nocturno,si,605.4
849,30,66.1,172,F,3,52,NA,124,6,20,fuerza,vespertino,si,478.5
850,29,85.2,164,M,10,73,144,172,4,24.6,cardio_moderado,nocturno,si,693.5
851,49,56.8,152,M,15,55,129,155,4,19,fuerza,vespertino,si,461.8
852,33,66.2,167,M,10,53,118,143,7,23.8,cardio_moderado,vespertino,si,515.1
853,23,53.7,188,M,11,45,150,179,8,23.5,cardio_intenso,vespertino,si,637.8
854,27,65.8,151,F,14,53,136,169,6,21.7,cardio_intenso,nocturno,no,578.9
855,22,90,181,F,2,71,132,163,2,21.1,cardio_moderado,vespertino,si,531.2
856,38,69,175,F,18,47,119,158,5,18.6,cardio_moderado,vespertino,si,368.3
857,30,83,158,F,22,58,104,128,5,23.6,fuerza,matutino,si,467.5
858,36,49.4,172,F,8,20,123,148,9,20.3,mixto,vespertino,si,339.9
859,36,69.4,194,M,24,42,106,132,5,25,mixto,nocturno,si,452.3
860,16,73.2,172,M,48,51,172,205,7,22.3,fuerza,vespertino,si,537.5
861,23,64.5,187,F,15,63,141,171,3,16.9,mixto,vespertino,si,501
862,57,81.8,155,M,40,49,146,179,4,26.2,fuerza,vespertino,si,513.3
863,35,58.8,166,M,18,47,145,177,3,22.9,cardio_moderado,matutino,si,406
864,31,78.6,165,M,40,54,156,192,3,19.4,cardio_moderado,matutino,si,496.6
865,39,77.5,177,M,22,44,107,123,2,20.6,cardio_moderado,vespertino,si,378.7
866,39,83.5,164,M,50,67,131,165,9,18.4,fuerza,matutino,si,587.8
867,18,89,180,M,25,18,124,151,1,16.8,fuerza,vespertino,si,243.4
868,33,87.4,163,F,34,49,113,150,4,21.9,cardio_intenso,vespertino,si,461.2
869,41,91,167,F,33,81,110,139,5,25.3,cardio_moderado,nocturno,si,598.7
870,36,78,177,F,19,50,140,173,5,21.9,cardio_moderado,matutino,si,508.9
871,30,58.4,182,F,25,87,137,175,5,18.5,fuerza,NA,si,634
872,31,87.9,NA,M,18,76,104,124,7,26.4,fuerza,nocturno,si,609.5
873,22,97.9,154,M,32,42,150,177,8,24.1,mixto,matutino,si,603.2
874,29,79.7,160,M,4,65,123,139,7,26.4,mixto,vespertino,si,570.2
875,37,64.6,172,F,9,57,158,192,5,23,cardio_moderado,matutino,si,573.8
876,26,77.6,163,F,31,64,141,174,7,18.2,cardio_moderado,nocturno,si,600.8
877,33,67,185,M,53,61,148,176,7,22.2,cardio_moderado,matutino,si,652.8
878,36,76.5,184,M,40,32,162,190,9,20.7,cardio_moderado,nocturno,si,547.5
879,43,77.3,158,M,13,49,159,184,3,25.6,fuerza,matutino,si,594.1
880,16,45.9,152,F,52,66,NA,164,4,26.1,cardio_moderado,vespertino,si,557.3
881,34,97.7,161,F,53,54,NA,145,8,16.9,fuerza,vespertino,si,475.9
882,44,82.8,165,F,52,55,154,188,7,20.4,mixto,vespertino,si,626.5
883,37,82.5,153,F,28,78,122,158,6,20.1,cardio_intenso,nocturno,si,663
884,16,67,153,F,23,59,124,152,9,21.1,fuerza,matutino,si,562.7
885,32,62,169,M,25,28,168,204,10,23.6,mixto,vespertino,si,484.7
886,47,89.4,158,M,13,64,149,184,5,18.4,mixto,NA,si,575.5
887,22,53.3,169,F,26,72,137,165,8,NA,mixto,matutino,si,653.4
888,35,90.4,163,M,4,70,121,146,6,18.4,fuerza,vespertino,si,571.5
889,25,47,172,M,37,45,127,149,5,17.6,fuerza,nocturno,si,383.4
890,45,80.5,173,M,54,64,107,138,2,25.3,cardio_moderado,matutino,si,456.2
891,46,59.2,175,F,8,61,151,180,6,20.7,cardio_moderado,matutino,si,546.1
892,36,61.3,160,F,4,53,128,154,7,NA,mixto,matutino,si,449
893,38,61.8,184,F,12,86,102,134,5,22.2,fuerza,matutino,si,522.8
894,32,77,153,M,4,54,94,127,7,21.5,fuerza,nocturno,si,528.9
895,57,92.9,169,F,45,69,131,150,4,20.3,cardio_intenso,vespertino,si,635.8
896,44,77.3,160,M,6,41,119,149,3,22.9,cardio_moderado,nocturno,si,400.1
897,18,90.3,163,M,15,62,174,198,5,22.4,cardio_moderado,vespertino,si,690.1
898,18,80.8,163,M,20,35,165,197,7,16.7,cardio_intenso,vespertino,si,551.8
899,33,45,179,M,11,50,122,154,7,21.4,cardio_moderado,matutino,si,494.4
900,29,76.9,160,M,16,18,103,124,6,21.1,cardio_intenso,matutino,si,353.4
901,36,64.3,174,F,15,45,172,193,7,25.8,fuerza,vespertino,si,538.7
902,28,89.4,172,M,56,47,124,149,5,23.9,fuerza,vespertino,si,399.3
903,27,56.2,185,F,17,32,130,168,8,15.8,fuerza,nocturno,si,359.1
904,44,63.3,176,M,7,78,119,148,7,20.7,mixto,matutino,si,620.7
905,43,71.6,150,M,63,48,145,161,9,22,fuerza,nocturno,si,512.6
906,41,87.5,175,F,44,38,125,149,6,19.9,cardio_intenso,vespertino,si,475.3
907,33,70.4,179,F,25,74,173,205,4,23,cardio_moderado,nocturno,si,663.7
908,42,88.8,160,M,3,57,123,145,4,27.7,cardio_moderado,matutino,si,570.6
909,16,84.8,175,F,20,45,113,137,7,16.5,mixto,matutino,no,421.2
910,18,83.1,152,M,7,22,138,162,6,18.7,fuerza,matutino,si,312.9
911,46,45,164,F,52,70,152,173,6,25.2,fuerza,vespertino,si,559.9
912,28,70.9,169,F,33,55,125,155,7,19.3,mixto,vespertino,si,520.6
913,36,75,172,F,14,56,123,146,5,21,cardio_intenso,vespertino,si,535.8
914,53,90.3,172,F,11,79,118,148,8,22.7,cardio_intenso,vespertino,si,569.7
915,28,76.5,176,M,59,66,138,168,2,21.6,cardio_moderado,vespertino,si,525.8
916,22,79.3,162,M,34,69,124,159,6,16.4,cardio_moderado,vespertino,no,631.5
917,16,85.2,157,M,10,59,134,153,5,NA,cardio_moderado,vespertino,si,542.8
918,31,80,175,F,10,43,128,155,8,19.6,cardio_moderado,nocturno,no,427
919,31,61.1,168,F,50,44,146,171,9,19.3,fuerza,nocturno,si,416.8
920,44,51,160,F,28,54,123,153,7,20.8,fuerza,nocturno,si,432.7
921,27,63.3,178,M,16,70,149,191,9,16,fuerza,nocturno,si,645.6
922,30,49.4,166,M,34,76,136,165,5,22.5,mixto,matutino,si,631.2
923,32,53.6,173,F,20,64,137,165,4,18.8,cardio_moderado,matutino,si,501.8
924,37,75.7,166,F,15,49,159,179,10,25.5,cardio_intenso,vespertino,si,571.9
925,40,75.1,176,M,12,54,122,149,5,20.5,cardio_moderado,vespertino,si,521.5
926,25,59.7,178,F,23,39,102,126,4,21.7,cardio_intenso,matutino,si,315.7
927,36,78.5,162,F,26,58,118,151,3,24.7,fuerza,nocturno,si,439.2
928,37,64.2,167,F,13,69,130,151,4,24.2,cardio_moderado,vespertino,si,540.4
929,34,86,176,F,16,73,112,142,4,22.4,mixto,vespertino,si,476.8
930,49,59.6,174,F,12,68,131,162,3,18.6,cardio_moderado,vespertino,si,486.1
931,16,81.1,169,F,27,39,NA,115,2,24.2,cardio_moderado,matutino,si,324.8
932,40,61.2,165,M,29,85,154,178,3,20.7,cardio_moderado,vespertino,si,664.7
933,47,70.7,175,F,18,42,135,159,5,22.9,fuerza,vespertino,si,412.4
934,19,52.5,158,M,69,55,107,132,4,22.5,mixto,vespertino,si,501.4
935,35,62.1,158,F,20,46,178,195,3,25,mixto,vespertino,si,553.4
936,22,97.3,154,M,32,91,139,165,5,21.7,cardio_intenso,vespertino,si,777.8
937,29,67,175,F,66,59,131,165,9,24.2,cardio_intenso,nocturno,si,523.8
938,33,60.2,185,F,32,75,121,142,5,24.9,cardio_moderado,vespertino,si,536.8
939,31,69.8,172,M,16,63,129,160,6,21.8,cardio_moderado,matutino,si,675.5
940,55,91.3,180,F,52,63,107,137,8,16.1,cardio_moderado,NA,si,428.9
941,32,81.9,177,F,59,15,NA,173,3,26.1,cardio_intenso,vespertino,si,282.1
942,18,72.1,161,M,4,53,129,156,9,20,cardio_intenso,vespertino,si,679.7
943,25,104.7,169,F,8,55,103,133,6,18,mixto,vespertino,si,444.8
944,29,75,157,M,16,62,NA,179,6,19.1,cardio_intenso,matutino,si,584
945,28,84.2,177,M,72,36,139,169,8,24,cardio_intenso,vespertino,si,508.3
946,40,58.3,176,M,20,76,165,184,8,22.7,mixto,vespertino,si,733.5
947,25,87.4,171,F,17,48,152,182,7,NA,cardio_moderado,vespertino,si,525.3
948,39,74.5,167,F,20,45,128,158,8,19.1,cardio_moderado,vespertino,si,423.6
949,29,73.7,172,M,5,81,112,142,7,19.6,fuerza,vespertino,si,610
950,20,94.9,155,M,16,66,132,174,3,19.7,fuerza,vespertino,si,514.7
951,32,79.6,171,M,28,20,146,178,6,22,cardio_moderado,vespertino,si,383.4
952,26,89.3,188,F,10,87,NA,165,2,24.9,fuerza,vespertino,si,545.7
953,33,79.8,161,M,17,51,110,150,3,24.3,cardio_intenso,vespertino,si,539.6
954,51,64.6,154,F,43,37,116,140,8,21.3,fuerza,vespertino,si,361.5
955,32,54.2,161,F,42,48,136,170,5,21,fuerza,matutino,si,404.3
956,31,77.7,178,M,14,45,146,174,6,24.5,fuerza,matutino,si,515.3
957,17,64.5,170,F,21,43,155,179,6,NA,fuerza,matutino,si,534
958,35,78.2,160,M,52,71,124,157,7,25.7,cardio_moderado,vespertino,si,639.5
959,31,78.4,158,F,26,86,146,172,7,17.8,mixto,nocturno,si,696.9
960,49,58.8,163,M,42,59,134,156,2,21.4,cardio_moderado,matutino,si,586.2
961,16,69,180,F,5,40,152,177,7,24.7,cardio_moderado,nocturno,si,471.6
962,24,61,173,M,27,72,179,202,2,20.2,fuerza,matutino,si,626.3
963,27,101,161,F,17,56,113,131,9,23.7,mixto,vespertino,si,530.9
964,34,87.5,176,F,16,55,153,177,6,20.3,mixto,matutino,si,507.9
965,26,70.8,161,F,10,45,142,169,9,23.6,fuerza,matutino,si,530.1
966,35,93,165,M,18,44,149,180,4,22.4,cardio_moderado,vespertino,si,541.5
967,60,84.7,175,F,14,35,133,158,5,23.4,mixto,vespertino,si,372.6
968,29,71.9,176,F,34,66,152,177,5,18.7,cardio_moderado,vespertino,si,613
969,34,69.6,150,F,29,86,115,139,5,25.9,fuerza,nocturno,si,603.2
970,25,62.1,182,M,46,23,128,173,4,22,mixto,nocturno,si,331.7
971,45,80.1,173,M,13,81,137,159,8,27.6,mixto,vespertino,si,713.3
972,19,69.9,166,F,6,19,165,199,7,19.9,fuerza,vespertino,si,444.2
973,28,77.7,158,M,31,43,NA,155,7,21.5,fuerza,matutino,si,483.8
974,36,89.6,165,M,48,35,154,178,4,25.7,cardio_moderado,vespertino,si,476.6
975,42,89.8,166,F,15,85,154,188,5,22.5,cardio_moderado,vespertino,si,765
976,36,76.7,159,F,30,52,NA,141,5,23.5,fuerza,nocturno,si,391.5
977,40,74.1,170,F,8,63,132,154,8,22.8,fuerza,NA,si,507.9
978,18,94.9,177,M,13,59,157,181,6,18.4,fuerza,matutino,si,605.5
979,27,64.9,177,F,15,70,136,170,3,20.9,mixto,vespertino,si,506.7
980,32,46.5,156,F,7,61,126,159,4,23,fuerza,vespertino,si,483
981,45,66,165,F,20,46,150,173,6,20,mixto,vespertino,si,457.4
982,33,52.8,157,F,16,62,152,190,6,21.4,cardio_moderado,vespertino,si,580.6
983,30,67.6,171,F,61,75,116,154,6,23.6,mixto,matutino,si,535.4
984,34,75.9,169,F,50,49,122,148,9,21.1,fuerza,matutino,si,464.1
985,21,91,NA,F,12,15,126,162,6,22.8,cardio_moderado,nocturno,si,276.3
986,17,76.8,159,M,9,87,138,157,7,19.6,cardio_moderado,vespertino,si,808.8
987,38,79.4,154,F,39,62,117,152,6,15.2,cardio_moderado,matutino,si,494
988,23,89.7,161,M,19,49,90,118,6,24.2,mixto,vespertino,si,459.6
989,36,64.1,176,F,20,80,144,181,5,20.7,fuerza,vespertino,si,578.6
990,19,89.2,172,M,73,31,150,183,5,20.3,fuerza,matutino,si,398.8
991,25,75,179,F,76,69,111,139,4,21.4,cardio_moderado,vespertino,si,558.9
992,34,81.4,164,M,22,75,149,177,4,24.7,fuerza,matutino,si,679.5
993,20,73.8,160,M,18,62,167,193,7,24.1,cardio_moderado,vespertino,si,664.2
994,31,63.9,192,F,11,53,136,162,5,19.2,cardio_moderado,vespertino,si,474.5
995,36,86.2,163,F,28,42,134,160,4,24.5,cardio_intenso,nocturno,si,474
996,51,69,164,M,4,64,110,137,4,16.8,cardio_moderado,nocturno,si,508.8
997,26,79.1,183,M,11,65,148,175,3,21.8,cardio_intenso,vespertino,si,624.5
998,38,73.5,150,F,40,66,141,158,5,18.4,fuerza,vespertino,si,494.6
999,41,61.8,166,M,4,80,118,142,6,22.8,mixto,matutino,si,678.7
1000,59,45,173,F,8,72,116,154,5,24.1,cardio_intenso,nocturno,si,514.2
1001,52,67.4,182,M,20,71,108,139,7,21.5,mixto,matutino,si,559.2
1002,43,76.7,169,F,10,40,145,174,6,22.4,cardio_moderado,nocturno,si,468.1
1003,48,69.8,170,F,16,49,93,110,4,21.3,fuerza,matutino,si,400.6
1004,29,62.1,155,F,27,73,124,158,1,23,cardio_intenso,vespertino,si,533.4
1005,45,52.2,179,M,74,52,124,144,6,17.3,fuerza,vespertino,si,436.1
1006,26,74.4,163,M,22,28,152,177,9,19.7,fuerza,vespertino,si,535.3
1007,40,75,165,M,8,71,80,103,5,13.4,mixto,matutino,si,459.7
1008,34,92.4,170,M,24,30,118,150,5,22.1,cardio_moderado,matutino,si,355.5
1009,27,75.8,166,M,12,56,109,133,3,27.6,fuerza,matutino,si,475.6
1010,37,94.6,177,F,8,62,121,148,5,21.1,mixto,nocturno,si,560.1
1011,42,74.3,160,M,55,47,118,151,1,16.7,mixto,nocturno,si,393.8
1012,40,67.5,165,M,31,67,153,177,6,23.6,cardio_moderado,matutino,si,646.4
1013,21,78.4,186,F,11,47,145,176,9,24.9,cardio_moderado,vespertino,si,550
1014,16,73.2,175,F,27,43,132,165,6,19.3,fuerza,vespertino,si,460.6
1015,31,72.7,166,M,8,84,124,141,5,13.2,fuerza,vespertino,si,646.7
1016,20,55.2,169,F,37,45,132,155,2,17.7,fuerza,matutino,si,369.1
1017,33,69.1,161,F,7,46,128,156,7,18.9,fuerza,vespertino,si,415.8
1018,33,52.2,183,M,7,69,104,138,10,25.3,cardio_intenso,vespertino,si,702
1019,27,67.7,166,M,26,63,119,142,7,21.4,fuerza,matutino,si,479.3
1020,16,86.8,161,F,26,80,116,152,6,23.9,cardio_moderado,nocturno,si,618.6
1021,28,45,164,M,76,38,NA,162,1,19.5,fuerza,vespertino,si,321
1022,28,63.9,161,F,3,68,110,142,6,20,cardio_moderado,vespertino,si,551.2
1023,16,69.3,168,F,46,53,NA,170,5,21.2,mixto,matutino,si,516.2
1024,40,56.9,164,F,4,41,144,165,1,21.9,fuerza,matutino,si,342.7
1025,31,54.7,175,F,24,57,154,182,7,NA,cardio_moderado,vespertino,si,561
1026,34,99.2,169,M,39,25,112,146,5,16.9,fuerza,vespertino,si,308.1
1027,40,84,157,M,22,88,142,159,8,18.7,mixto,vespertino,si,759.6
1028,46,58.3,NA,M,13,32,120,151,4,24.8,fuerza,nocturno,si,321.5
1029,19,76.8,176,F,5,48,81,108,9,20.8,cardio_intenso,vespertino,no,460.1
1030,59,66.6,NA,M,65,42,NA,151,8,21.3,cardio_intenso,vespertino,si,477.3
1031,26,59.6,173,F,23,76,153,172,7,21.2,cardio_intenso,matutino,si,703.9
1032,34,81.2,178,M,9,49,142,170,5,NA,mixto,vespertino,si,540.4
1033,39,83.9,172,M,24,71,124,155,7,27.6,fuerza,vespertino,si,641.4
1034,28,59.3,178,M,17,47,132,165,1,19,cardio_moderado,vespertino,si,437.3
1035,45,104.8,175,M,62,89,121,141,8,19.2,fuerza,matutino,si,679
1036,29,58.7,167,F,2,75,131,162,4,25.1,fuerza,vespertino,si,531.9
1037,31,85.9,179,F,27,63,138,161,5,19.7,cardio_moderado,vespertino,si,543.8
1038,60,73.9,152,M,20,56,113,138,6,20.6,fuerza,vespertino,si,463.5
1039,33,68.1,169,M,8,49,137,180,4,21.8,fuerza,matutino,si,458.3
1040,38,72.3,164,F,34,49,115,145,8,21.3,mixto,vespertino,si,439.2
1041,16,93.6,175,M,23,81,151,176,5,22.1,mixto,vespertino,si,823.9
1042,35,91.6,170,M,34,54,116,145,2,21,cardio_moderado,matutino,si,483.3
1043,33,74.2,179,M,15,64,104,127,6,17.1,fuerza,matutino,si,532.8
1044,16,87.2,169,M,13,46,133,157,9,16.4,cardio_moderado,vespertino,si,594.3
1045,30,73,171,F,11,64,135,168,6,27.3,cardio_moderado,vespertino,si,591.9
1046,23,87.3,173,F,32,15,128,154,4,23.2,mixto,nocturno,si,318.8
1047,23,72.2,NA,F,1,49,131,158,8,20.7,mixto,matutino,si,512.7
1048,32,96.4,163,M,14,40,118,149,5,24.8,cardio_moderado,vespertino,si,428.2
1049,34,48.7,184,M,64,56,130,156,8,17.9,fuerza,vespertino,si,484.9
1050,36,92.8,162,F,23,82,157,185,5,25.2,fuerza,matutino,no,742.4
1051,48,76.9,158,F,7,62,147,170,7,22.6,cardio_moderado,matutino,si,654.6
1052,27,89.1,179,M,25,39,155,185,5,18,fuerza,matutino,si,481.1
1053,33,99.6,172,M,4,82,113,138,2,18.1,fuerza,matutino,si,509.8
1054,35,89.3,164,M,4,74,128,164,2,22.8,cardio_intenso,nocturno,si,690.6
1055,42,103.7,180,M,38,86,102,132,7,21.4,cardio_intenso,matutino,si,765
1056,20,83.4,173,M,5,41,152,178,4,26.5,cardio_moderado,vespertino,si,579.4
1057,34,47.1,161,M,26,33,120,148,6,26.9,fuerza,nocturno,si,364.8
1058,35,66.4,171,M,65,97,124,154,8,19,mixto,matutino,si,665.2
1059,19,89,168,F,15,57,126,151,10,23.5,fuerza,nocturno,si,545.5
1060,18,66.5,158,M,20,72,149,183,4,19.6,cardio_moderado,matutino,si,668.1
1061,47,79.8,174,M,28,34,NA,130,8,19.6,cardio_moderado,vespertino,si,409.1
1062,41,66.8,170,M,32,86,142,172,5,20.4,cardio_moderado,NA,si,666.4
1063,26,80.6,170,F,76,49,121,156,8,24.8,mixto,NA,si,439
1064,36,74,NA,M,8,33,138,165,8,NA,fuerza,nocturno,si,501.2
1065,31,73.3,168,M,15,40,128,159,7,20.3,cardio_moderado,vespertino,si,501.3
1066,25,82.7,165,M,41,25,136,173,4,20.3,cardio_moderado,NA,si,350.5
1067,42,94.7,160,M,20,70,145,168,6,NA,cardio_moderado,nocturno,si,685.4
1068,26,67.9,167,M,9,61,111,143,5,20.9,fuerza,nocturno,si,488.2
1069,35,57.3,156,M,9,61,94,131,9,19.1,cardio_moderado,matutino,si,438
1070,39,90.2,169,M,24,53,126,157,7,19,cardio_intenso,matutino,no,627.7
1071,46,54.3,153,M,16,90,117,155,8,19.9,cardio_moderado,matutino,si,715.1
1072,26,78.7,168,F,2,45,154,182,6,20.5,cardio_intenso,vespertino,si,603.2
1073,48,84.9,168,M,4,94,120,146,8,19.9,fuerza,vespertino,si,736
1074,56,77.4,150,M,21,73,139,155,4,23.7,cardio_moderado,vespertino,si,600.1
1075,34,100.1,186,F,30,74,102,128,6,20.1,fuerza,vespertino,si,545.4
1076,24,72.6,172,M,5,59,136,163,7,20.4,cardio_moderado,nocturno,si,547.6
1077,24,90.2,161,M,69,58,161,177,3,20.3,cardio_moderado,NA,si,537
1078,27,94.2,184,M,26,56,134,163,5,19.1,cardio_moderado,vespertino,si,621.4
1079,39,73.5,182,F,20,55,132,168,7,19.9,fuerza,matutino,si,394.7
1080,48,82.1,153,M,22,56,135,162,6,15.5,cardio_moderado,NA,si,495.2
1081,33,63.1,168,M,6,34,111,144,6,24.6,cardio_moderado,matutino,si,397.8
1082,24,91.5,160,F,12,70,104,137,7,24.1,cardio_moderado,vespertino,si,565.5
1083,27,84.1,173,F,21,49,136,167,4,20.8,mixto,nocturno,si,465.3
1084,46,50.6,150,F,13,33,131,156,9,19.1,cardio_moderado,vespertino,si,370.8
1085,17,75.8,182,F,2,60,110,144,5,21.2,fuerza,matutino,si,400.3
1086,33,81.1,157,F,15,45,105,131,6,20.9,mixto,nocturno,si,445.5
1087,26,86.7,164,F,51,109,116,142,8,24.2,cardio_moderado,vespertino,si,788.1
1088,43,74.6,172,M,24,87,106,136,6,16.5,fuerza,matutino,si,637.5
1089,37,58.5,180,F,15,56,149,187,5,23.4,mixto,nocturno,si,582.7
1090,30,72.6,165,F,19,60,106,136,6,21.3,fuerza,vespertino,si,462.5
1091,16,99.5,166,M,13,46,140,159,4,28.1,fuerza,matutino,si,554.7
1092,36,59.7,179,F,29,73,161,189,6,20.2,cardio_intenso,vespertino,si,672.3
1093,20,59.9,184,M,21,43,170,204,2,20.6,fuerza,nocturno,si,511.9
1094,27,68.3,176,F,7,39,174,205,5,24.3,fuerza,vespertino,si,528.4
1095,50,45,169,M,16,73,NA,176,8,24,fuerza,matutino,si,698.5
1096,52,56,169,M,13,50,148,174,6,21.8,cardio_moderado,NA,si,580.9
1097,45,49.8,162,F,20,52,128,160,9,17.9,fuerza,nocturno,si,405.7
1098,35,89.8,155,F,52,67,113,132,5,22.3,fuerza,vespertino,si,488
1099,26,87.7,181,M,24,15,134,143,6,22.6,fuerza,vespertino,no,342.7
1100,38,58.2,168,M,21,48,131,165,9,23.8,fuerza,matutino,si,479.5
1101,42,80.8,179,M,29,48,152,180,4,27.4,cardio_intenso,matutino,si,615.7
1102,43,69,NA,M,33,55,132,168,5,17.4,fuerza,nocturno,si,465.9
1103,19,75,168,M,18,78,122,148,5,16.3,cardio_intenso,nocturno,si,656.6
1104,20,95.3,173,F,21,36,132,152,3,20.9,cardio_intenso,nocturno,si,405
1105,23,46.3,159,M,11,68,147,179,7,23.5,fuerza,matutino,si,617.5
1106,37,69.9,172,M,21,56,126,159,6,25.1,cardio_moderado,matutino,si,541.2
1107,18,78.8,164,F,43,47,110,141,6,16,cardio_moderado,vespertino,si,396.8
1108,42,46.2,159,F,63,41,117,149,7,18.6,cardio_intenso,vespertino,si,406.9
1109,17,75.1,167,M,41,65,110,137,2,18.8,fuerza,vespertino,si,464.7
1110,38,86.7,158,F,17,47,168,195,2,18.9,mixto,vespertino,si,446.8
1111,32,71.4,171,F,22,35,164,186,6,23.5,fuerza,vespertino,si,487
1112,34,75,169,F,94,15,147,179,6,NA,cardio_intenso,vespertino,si,293.8
1113,54,74.4,175,M,23,49,119,152,9,23.3,cardio_moderado,vespertino,si,529.3
1114,32,77.3,172,F,38,75,NA,169,7,15,cardio_moderado,matutino,si,668.9
1115,33,82.7,156,F,1,44,154,174,8,19.8,cardio_moderado,vespertino,si,536.8
1116,29,71.9,150,M,17,55,144,174,6,21.2,fuerza,vespertino,si,452.4
1117,41,46.5,178,M,10,50,148,181,6,20.1,mixto,vespertino,si,559.4
1118,48,95,175,M,47,61,91,121,5,NA,cardio_intenso,matutino,si,565.6
1119,22,63.2,172,M,22,91,118,140,9,23,fuerza,matutino,si,691.5
1120,36,67,158,M,24,34,113,137,6,28.9,cardio_moderado,matutino,si,378.6
1121,16,67.6,160,F,14,79,130,165,7,20.4,mixto,nocturno,si,602.7
1122,50,77.1,161,M,7,46,99,119,8,24.4,cardio_moderado,matutino,si,479.1
1123,38,72.4,169,F,24,41,146,185,5,NA,mixto,vespertino,si,467.2
1124,50,79.5,181,M,43,65,134,165,8,23.6,fuerza,matutino,si,603.4
1125,28,67.4,182,F,10,37,153,176,6,18.2,cardio_intenso,vespertino,si,470.4
1126,36,74.8,171,F,31,63,103,141,9,21.4,fuerza,nocturno,si,388.7
1127,46,77.8,159,M,59,39,NA,192,4,24.4,cardio_moderado,vespertino,si,526.3
1128,39,84.5,176,F,5,75,163,188,4,29,mixto,nocturno,si,686.1
1129,43,66.2,166,M,20,55,117,150,9,20.7,cardio_moderado,nocturno,si,516.7
1130,47,78,156,M,32,74,166,197,4,27.6,fuerza,vespertino,si,730.5
1131,30,80.2,NA,F,26,49,159,188,7,23.9,cardio_moderado,vespertino,si,544.5
1132,34,73.5,162,M,13,51,141,171,9,27.1,fuerza,matutino,si,562.3
1133,34,70.4,165,M,21,59,142,170,7,17.2,fuerza,vespertino,si,603.3
1134,28,89,180,M,10,50,139,166,5,20.4,fuerza,matutino,no,524
1135,16,78,175,M,28,49,132,161,5,17.4,cardio_moderado,vespertino,si,529.7
1136,27,45,166,M,36,59,147,165,4,18.1,mixto,matutino,si,551.6
1137,50,71.6,184,M,41,89,149,179,7,21.7,cardio_moderado,nocturno,si,713.5
1138,58,67.9,182,F,3,45,118,141,6,25.3,cardio_moderado,vespertino,si,388.3
1139,22,76.9,168,M,51,87,127,153,5,NA,cardio_moderado,vespertino,si,737.4
1140,26,79.3,166,M,10,42,NA,169,4,18.8,mixto,matutino,si,520.6
1141,16,79.6,178,M,48,70,141,163,7,26,fuerza,nocturno,si,673.9
1142,36,84.1,196,M,37,79,141,161,7,25.2,fuerza,matutino,si,728.1
1143,27,58.7,150,M,22,44,113,146,6,20.8,mixto,vespertino,si,414
1144,20,52,163,M,20,39,116,161,6,20.9,fuerza,vespertino,si,378.6
1145,30,72,164,M,46,80,145,176,6,24.3,mixto,vespertino,si,731.3
1146,22,70,182,M,60,62,108,134,7,24.7,cardio_moderado,matutino,si,502
1147,44,84.2,181,M,5,96,142,166,6,24.4,fuerza,matutino,si,811.8
1148,38,91.6,168,M,39,73,145,162,4,17.2,cardio_intenso,vespertino,si,679.1
1149,34,72.3,NA,F,13,58,164,188,6,21.8,fuerza,vespertino,si,518.7
1150,43,49.6,164,F,1,57,131,164,6,24.6,mixto,vespertino,si,533.7
1151,39,92.8,172,M,16,118,116,150,8,NA,fuerza,vespertino,si,848.6
1152,16,79.8,173,M,11,65,119,145,7,25.2,cardio_intenso,nocturno,si,639.1
1153,36,71.4,156,M,10,65,147,184,5,NA,cardio_intenso,vespertino,si,672.2
1154,39,83.7,169,M,18,83,130,146,7,27.5,fuerza,vespertino,si,709
1155,37,74.4,172,M,29,54,158,186,5,20.1,fuerza,matutino,no,581.4
1156,26,107.4,167,F,34,69,141,163,6,24.6,cardio_moderado,vespertino,si,634
1157,34,65.9,172,M,4,35,132,162,1,21.5,cardio_moderado,vespertino,si,418.1
1158,31,75.5,159,M,2,45,169,197,7,27.1,fuerza,vespertino,si,593.3
1159,20,58.4,164,F,14,70,153,185,6,21.4,fuerza,matutino,si,565.4
1160,55,53.9,190,M,27,44,143,178,6,23.5,cardio_intenso,vespertino,si,513.3
1161,16,84.4,175,F,9,45,148,189,8,25,mixto,matutino,si,615.5
1162,26,92.2,168,M,28,63,136,161,4,26.2,cardio_moderado,vespertino,si,597
1163,46,84.2,179,M,12,68,126,159,7,24.7,cardio_moderado,vespertino,si,693.9
1164,16,54.3,171,M,17,36,182,205,3,22.6,fuerza,vespertino,si,492
1165,41,79.8,172,M,16,44,123,147,4,17,mixto,vespertino,si,364.6
1166,29,60.1,186,F,11,38,103,134,5,25.2,cardio_intenso,matutino,no,391.7
1167,29,79.6,153,M,34,35,NA,155,8,26.3,mixto,vespertino,si,436.1
1168,16,45,175,M,48,84,147,174,7,20.4,mixto,matutino,si,691.2
1169,25,91,156,M,47,51,97,123,9,25.9,fuerza,vespertino,si,431.6
1170,38,100.3,154,F,57,66,143,163,5,27.4,mixto,matutino,si,565.2
1171,29,76.2,152,M,16,80,129,161,6,25.3,fuerza,nocturno,no,697.8
1172,46,92.6,NA,F,10,56,152,179,5,20.6,mixto,nocturno,si,528.1
1173,34,63.5,163,F,3,54,120,147,9,20.9,cardio_moderado,vespertino,si,467.3
1174,33,71.2,177,M,2,20,147,174,7,19.7,fuerza,vespertino,si,397.4
1175,32,85.2,179,M,19,43,108,136,5,16.5,mixto,matutino,si,421.2
1176,38,74.5,160,F,27,58,120,149,7,17.9,fuerza,vespertino,si,469.1
1177,47,56.1,167,M,16,63,106,130,3,22.6,mixto,matutino,si,456.9
1178,42,71.5,150,M,36,46,129,159,6,17.2,cardio_moderado,nocturno,si,451.6
1179,42,68.6,158,F,9,48,134,160,6,21.1,mixto,vespertino,si,479
1180,50,67.6,183,F,21,27,150,184,6,22.6,mixto,matutino,si,380.9
1181,28,84.6,171,M,27,46,137,161,6,18.1,cardio_intenso,NA,si,571.2
1182,32,95.1,167,F,22,90,157,186,5,26.1,cardio_intenso,matutino,si,794.6
1183,54,77,163,F,6,69,123,148,5,23.6,cardio_intenso,vespertino,si,582.5
1184,28,78.9,159,M,13,57,122,154,4,21.1,mixto,matutino,si,535.3
1185,41,83.7,162,M,19,55,138,171,3,26.1,cardio_moderado,matutino,si,519.2
1186,36,74,174,M,51,66,137,164,5,18.7,cardio_moderado,vespertino,si,608.3
1187,55,104.9,171,F,38,71,142,164,6,23.7,cardio_intenso,nocturno,si,650.2
1188,51,78,188,M,46,64,122,145,2,18.1,cardio_intenso,vespertino,si,539.7
1189,36,78.3,168,F,7,71,158,190,7,18.7,cardio_intenso,nocturno,si,673.7
1190,40,97.5,172,F,38,55,154,187,3,21.9,fuerza,vespertino,si,514.9
1191,16,45,162,F,14,85,164,191,8,22.2,cardio_intenso,vespertino,si,770.7
1192,32,80.4,NA,F,2,56,NA,187,8,23.2,cardio_moderado,matutino,si,591.2
1193,41,68.5,173,F,4,52,117,148,7,18.7,cardio_intenso,vespertino,si,469.4
1194,60,66.3,179,M,16,69,125,155,7,16.4,cardio_intenso,vespertino,si,564.6
1195,34,71.9,186,F,44,43,112,135,8,20.4,mixto,nocturno,si,372.4
1196,40,109,165,M,24,99,104,124,3,22.8,cardio_intenso,vespertino,si,746.3
1197,34,80.1,159,M,49,47,151,181,4,18.6,cardio_moderado,NA,si,555.6
1198,19,69.2,164,M,29,49,156,186,7,21.2,cardio_moderado,vespertino,si,576.9
1199,34,57,179,M,6,48,123,158,7,21.2,cardio_intenso,NA,si,523.3
1200,40,102.3,175,M,9,26,139,170,5,24.6,fuerza,nocturno,si,451.9
1201,36,60.5,168,M,28,53,140,172,5,21.4,fuerza,matutino,si,504.7
1202,41,79.7,179,M,12,77,104,128,7,21.5,mixto,matutino,si,601.9
1203,33,85,168,M,19,67,129,148,4,20.2,mixto,nocturno,si,625.8
1204,28,84,185,F,33,69,135,161,7,17.3,fuerza,matutino,si,541.7
1205,44,64.7,157,M,8,66,136,168,5,24.7,fuerza,matutino,si,594.4
1206,19,62,167,M,8,66,136,156,5,25.4,mixto,vespertino,si,580.9
1207,41,58.5,NA,M,32,37,130,155,9,24.8,mixto,vespertino,si,402.6
1208,34,78.4,173,M,17,30,143,168,8,20.2,mixto,nocturno,si,435.9
1209,16,78,182,M,37,36,130,166,7,20.1,mixto,matutino,si,473.9
1210,27,71.4,166,M,13,55,NA,150,6,24.1,cardio_moderado,nocturno,si,578
1211,47,56.1,171,F,20,50,129,159,4,20.2,fuerza,vespertino,si,405.9
1212,16,52.7,176,F,79,67,80,108,7,25.1,mixto,vespertino,si,505.4
1213,49,90.2,160,F,56,55,158,177,8,NA,cardio_intenso,matutino,si,637.3
1214,49,73.5,156,F,27,47,128,166,9,26.5,cardio_moderado,matutino,si,423.3
1215,46,75.6,156,F,11,71,126,158,7,21.4,fuerza,matutino,si,481.7
1216,32,86.4,173,F,34,27,130,159,6,19.3,cardio_moderado,matutino,si,352.8
1217,27,80.6,163,F,2,69,146,171,1,23.5,mixto,matutino,si,650.4
1218,16,60.9,164,M,27,75,95,118,5,15.8,cardio_intenso,vespertino,si,555.9
1219,32,57.4,161,M,14,43,131,158,3,22.3,cardio_intenso,matutino,si,482.3
1220,31,51.6,173,F,20,22,109,132,5,26,mixto,vespertino,si,250.8
1221,54,59.3,166,F,32,43,134,160,7,22.5,cardio_moderado,vespertino,si,457.2
1222,36,75.7,162,M,10,16,107,137,9,27.4,cardio_intenso,nocturno,si,371.8
1223,27,78.4,180,M,32,55,128,159,4,27.8,cardio_moderado,vespertino,si,532.7
1224,44,59.9,169,M,14,45,117,160,6,19.5,cardio_moderado,nocturno,si,425.2
1225,42,94.9,167,F,26,90,138,160,7,24.5,cardio_intenso,vespertino,si,728.6
1226,28,79.4,162,F,35,73,120,140,5,NA,cardio_intenso,vespertino,si,637.3
1227,38,106.7,NA,M,62,50,125,149,7,23.2,cardio_intenso,nocturno,si,501.3
1228,26,85,167,M,32,53,110,139,4,22.6,fuerza,matutino,si,486.7
1229,26,72.5,174,F,54,74,127,157,6,23.8,cardio_intenso,vespertino,si,614.6
1230,23,87.6,168,F,5,51,147,165,5,18.3,cardio_moderado,vespertino,si,457.9
1231,29,79.1,160,F,43,46,120,162,6,23.7,cardio_moderado,vespertino,si,452.9
1232,22,80.9,NA,M,9,38,126,168,9,20,mixto,nocturno,si,475.7
1233,42,92.4,180,M,8,66,119,138,3,21.6,fuerza,vespertino,si,555.8
1234,40,95.7,164,F,35,50,152,181,4,18.4,fuerza,matutino,si,488.8
1235,32,75,155,M,43,27,135,167,7,22.5,cardio_intenso,vespertino,si,458.8
1236,51,75,168,M,10,44,115,154,8,21.9,fuerza,matutino,si,489.8
1237,39,80.7,170,F,11,68,132,167,1,22.4,cardio_moderado,vespertino,si,550.9
1238,41,65.6,160,F,10,42,111,137,4,20.1,mixto,vespertino,si,331.4
1239,29,95.2,NA,M,12,22,144,178,10,23.5,fuerza,vespertino,si,464.9
1240,49,86.4,183,F,34,43,159,195,7,21.3,fuerza,matutino,si,509.6
1241,34,59.6,175,M,25,48,113,136,6,20.4,mixto,nocturno,si,454.7
1242,28,70.3,178,F,20,55,119,156,6,20.7,mixto,NA,si,474.2
1243,43,75.7,157,F,21,55,107,135,6,17.6,mixto,nocturno,si,440.8
1244,24,89.9,NA,F,11,90,123,145,4,22.9,cardio_intenso,vespertino,si,753.2
1245,21,87.8,187,M,18,64,142,166,8,23.5,fuerza,matutino,si,663.5
1246,48,92.7,157,M,6,33,121,145,8,20.5,mixto,vespertino,si,380.2
1247,44,95.6,170,M,33,108,99,132,6,22.6,fuerza,matutino,si,729.8
1248,44,78.6,159,F,18,84,117,143,6,29.2,mixto,NA,si,635.4
1249,40,74.4,173,F,74,83,96,118,9,17.3,cardio_moderado,vespertino,si,551.5
1250,35,72.1,181,F,12,62,133,148,4,19.3,cardio_intenso,nocturno,si,558.8
1251,23,71.2,NA,F,60,39,113,138,5,29.1,cardio_moderado,matutino,si,402.9
1252,27,95.1,172,M,15,59,99,123,4,24.2,cardio_moderado,vespertino,si,516.8
1253,30,104.8,154,F,5,91,143,165,6,19.3,cardio_moderado,vespertino,si,746.9
1254,44,91.9,163,M,38,63,121,137,5,12.3,fuerza,matutino,si,493.9
1255,31,84.6,174,F,14,77,136,164,6,20.4,cardio_intenso,vespertino,si,667.2
1256,40,104.1,174,M,38,72,138,162,4,NA,cardio_intenso,vespertino,si,702.4
1257,40,72.1,150,F,53,73,146,174,8,24.9,fuerza,matutino,si,643.3
1258,29,53.6,167,M,8,50,147,175,6,23.1,cardio_moderado,vespertino,si,563.7
1259,18,45,161,F,48,51,123,147,7,22.2,fuerza,vespertino,no,384.8
1260,31,68.5,171,M,23,44,93,126,4,23.6,fuerza,vespertino,si,291.1
1261,29,67.7,155,M,22,60,118,145,4,27.4,mixto,vespertino,si,515.2
1262,16,69.2,160,M,51,42,115,146,6,19.6,fuerza,matutino,si,482.3
1263,29,69,170,F,31,70,110,142,2,20.8,fuerza,matutino,si,540.1
1264,47,69.1,NA,F,20,47,120,155,8,24.8,cardio_moderado,vespertino,si,399.6
1265,25,57.3,155,M,16,77,131,160,6,20.8,cardio_intenso,vespertino,si,712.9
1266,26,90.5,166,F,4,63,126,152,6,23.6,cardio_moderado,matutino,si,621.6
1267,52,66,176,M,5,66,106,142,6,21,mixto,vespertino,si,511.5
1268,34,70.3,164,F,24,69,137,166,2,30.3,mixto,vespertino,si,622
1269,16,61.4,174,M,6,59,128,158,9,22.1,mixto,vespertino,si,626.7
1270,19,45,167,F,12,77,148,176,8,27.7,fuerza,matutino,si,667.7
1271,57,77.3,170,M,21,45,116,144,7,22.8,mixto,vespertino,si,462.8
1272,46,84.1,180,F,8,80,131,164,4,22.1,fuerza,matutino,si,587.2
1273,31,64.7,174,F,6,61,128,152,6,27.3,cardio_intenso,matutino,si,689.6
1274,16,95.1,166,M,17,26,118,150,8,22.4,fuerza,vespertino,si,425.8
1275,16,81.3,159,F,13,60,107,139,5,25.5,cardio_intenso,vespertino,si,534.8
1276,18,48.7,173,F,8,72,137,161,6,25.3,cardio_intenso,matutino,si,604.7
1277,17,90.6,173,M,24,20,130,147,4,18.8,mixto,vespertino,si,395
1278,29,103.4,172,F,20,36,139,178,4,19.5,cardio_moderado,vespertino,si,396.8
1279,46,62.4,161,F,10,66,135,167,7,24.4,mixto,vespertino,si,554.5
1280,28,60.2,173,M,31,53,125,156,7,20.1,fuerza,matutino,si,507.6
1281,24,74.6,176,M,10,88,175,203,8,25.9,cardio_moderado,vespertino,si,852.9
1282,20,77.4,162,M,47,58,134,157,5,20.6,mixto,matutino,si,544.7
1283,19,70,180,M,109,17,139,162,6,22.3,cardio_intenso,vespertino,si,341
1284,28,71.4,172,M,6,41,127,150,6,21.1,cardio_moderado,vespertino,si,492.4
1285,19,70.5,163,F,26,79,138,176,6,15.4,fuerza,nocturno,si,600.4
1286,52,82,164,F,21,55,132,162,9,25.8,mixto,matutino,si,515
1287,30,81.5,168,F,17,67,107,127,4,23.7,cardio_moderado,vespertino,si,535.6
1288,44,78.3,175,F,4,68,132,155,5,18.4,cardio_moderado,vespertino,si,540.2
1289,26,77.7,172,F,22,62,137,167,8,22.1,cardio_moderado,nocturno,si,582.5
1290,34,73,182,F,20,46,129,151,5,19.1,mixto,matutino,si,438.3
1291,22,77.1,173,M,27,27,140,163,10,22.8,cardio_intenso,vespertino,si,526.5
1292,24,93.2,156,M,8,53,NA,146,4,21.5,mixto,vespertino,si,435.4
1293,28,89.3,159,F,2,79,134,159,7,21,fuerza,vespertino,si,658.4
1294,31,58.4,183,M,14,52,NA,165,6,21,fuerza,vespertino,si,486.6
1295,35,85.3,173,M,13,64,107,133,5,22.4,cardio_moderado,matutino,si,457.5
1296,35,58.7,181,F,6,81,127,156,6,17.9,fuerza,vespertino,si,524.3
1297,42,67.7,171,M,1,28,156,193,8,28.2,mixto,vespertino,si,479.3
1298,24,88.6,163,M,71,42,NA,175,4,21.4,fuerza,matutino,si,456.1
1299,44,77,NA,M,16,55,132,168,7,25.6,mixto,nocturno,si,582.1
1300,39,88.5,166,F,3,64,142,162,4,20.9,cardio_intenso,vespertino,si,574.3
